state,zone,rate_2026,rate_lo95,rate_hi95,children_2026,children_lo95,children_hi95
Abia,South East,7.538528967048629,2.2362844900142753,17.664775427439835,10508.33245361742,3117.2687648553997,24623.813707079764
Adamawa,North East,21.95235276642276,9.171598302392349,40.8765300032429,38275.24418942417,15991.231936119206,71270.68265245418
Akwa Ibom,South South,10.461415412385035,3.513044667203017,23.078552888458265,13242.373471459368,4446.917331085596,29213.524602797133
Anambra,South East,7.931204402931506,2.5650711233226104,17.698690495136944,14458.744250632168,4676.175959239586,32265.066746444547
Bauchi,North East,36.1814914325852,17.986375411732592,58.92024469965894,118780.58003894833,59047.65170293103,193429.86052695735
Bayelsa,South South,30.321136462335442,12.028407915222555,54.219270073880104,20937.65436133648,8305.976517698633,37440.03256411642
Benue,North Central,23.580382729632387,9.152283928519735,42.90706936468825,42276.560784476096,16408.855286925173,76926.79745186864
Borno,North East,39.08407736970612,19.573202588620447,62.10361810957212,70746.47928767886,35429.64973768776,112414.3801763176
Cross River,South South,13.027391727284918,4.037772665454243,27.746905932398253,14025.941303181275,4347.26794026131,29873.70627211657
Delta,South South,13.860724532662319,5.417031062535404,27.373760090509638,23510.00652332057,9188.151407030049,46430.27691511881
Ebonyi,South East,6.566640307255608,1.806027643529987,16.730354081217374,7496.345241956861,2061.7250373009624,19099.037612036132
Edo,South South,8.496246412574484,2.3953420348986767,19.855115761756647,12515.650665435218,3528.530444768543,29248.173926328487
Ekiti,South West,11.233788721044398,3.0929754304710753,25.18790146723257,12491.523706252507,3439.264959666617,28007.93891550393
Enugu,South East,7.015920287552977,2.205199762342147,15.973147243250821,10442.285278385258,3282.153170277181,23773.95316243722
FCT,North Central,19.305004956384572,5.986095182586858,40.4773707205693,18724.889557445254,5806.213022350122,39261.025730416186
Gombe,North East,39.56296997822295,19.993873886645254,60.61053541069727,57946.6952380037,29284.427265552706,88774.43289998597
Imo,South East,5.63058846849161,1.7520934884275012,13.342326416346733,9099.762941583349,2831.610849452337,21562.933991250447
Jigawa,North West,38.495505986805426,18.51008562981264,62.57500308725828,117517.54085628019,56506.84900726682,191026.46642465857
Kaduna,North West,37.309493966685594,19.598000371457015,57.2460086791631,119059.81857684936,62539.96290537135,182680.02813642457
Kano,North West,42.40332956206738,23.98776217554888,61.807379425040025,227156.75663047304,128503.64136252415,331105.2219489107
Katsina,North West,48.6493029103101,27.121295405352225,71.05240534895994,211743.6584519788,118044.08218702527,309252.04166108073
Kebbi,North West,71.82180584623374,50.40599904205666,88.39143053233278,162122.64411864523,113780.95757764412,199525.0922263294
Kogi,North Central,27.504556671491017,12.022447223664951,47.69891521071334,41778.596447294716,18261.73665933035,72453.22123761724
Kwara,North Central,33.811534765504796,17.47931147624885,52.82178498562957,42528.14842805186,21985.477974825797,66439.24115492488
Lagos,South West,6.196649079295304,1.7853214926085819,14.751058815475226,18708.860933717588,5390.224797268904,44536.249265094644
Nasarawa,North Central,27.788380147165935,11.951827478362144,48.49425509458062,29255.606618936283,12582.883969219667,51054.75176357449
Niger,North Central,45.21503038655537,24.871979549316237,65.68539049291044,104633.00611813573,57556.7453146637,152003.87584745392
Ogun,South West,14.695329350016356,5.440976220345372,29.458003473357454,22819.495227879375,8448.96551400111,45743.56611356839
Ondo,South West,21.740226652540105,8.293486735858746,39.94726686331876,32119.01085646271,12252.797303557714,59018.092063867145
Osun,South West,10.749051739759329,3.295897621078399,23.100498319910358,12763.31654527282,3913.5158762922797,27429.30070007836
Oyo,South West,18.112409249487822,7.943199743306049,32.99589075553111,42252.80942129772,18529.975793181784,76973.14391341052
Plateau,North Central,30.218855874266605,13.92009381220643,49.48352384229109,44941.482456209415,20701.963517513406,73591.8966582553
Rivers,South South,12.955692681221677,4.775694240210891,25.94387323848538,26121.915368513277,9628.993511825207,52309.33441709614
Sokoto,North West,71.42672018866932,52.302722646646394,86.13732209069242,167719.93874382213,122814.1151554963,202262.49149403846
Taraba,North East,27.883601518750616,11.840000996659846,48.45443221950328,34084.635660505606,14473.098818307031,59230.21340079861
Yobe,North East,43.842824508798905,23.165126242213613,67.28798718790705,53058.58622054842,28034.435778326915,81431.92209480514
Zamfara,North West,67.22490010655389,43.293238702381515,85.157861550523,143696.58522276423,92541.46238827561,182029.18695732046
