state,year,observed,model,lo95,hi95,inside
FCT,2008,12.8,19.98676525009035,3.9767632790819776,52.56437692139188,True
Benue,2008,39.5,36.789184649397164,14.71674749633599,64.68607349011485,True
Kogi,2008,21.4,24.330681470296835,6.90842472956818,53.44485377778436,True
Kwara,2008,28.2,34.80627326934289,12.471931676730566,65.43214600668846,True
Nasarawa,2008,46.4,38.77051041977451,13.681755772082338,69.95967220252867,True
Niger,2008,61.3,54.23553229111917,27.203529069867336,79.14403830826011,True
Plateau,2008,20.5,29.778631943351286,10.708754032458963,58.264015875173456,True
Adamawa,2008,47.5,41.75325524354857,17.808742852637597,71.4957262435582,True
Bauchi,2008,83.6,77.49414435082315,52.555425068746935,92.38050992318642,True
Borno,2008,83.0,77.09213255824555,51.54142605253751,92.02524665743243,True
Gombe,2008,51.4,62.83212363927434,34.32326188809433,84.85573749143467,True
Taraba,2008,48.2,54.96795144334343,26.64077762515174,80.12180311745736,True
Yobe,2008,80.7,78.60653206162837,52.04810692225765,93.5123736300743,True
Jigawa,2008,88.3,79.39524267227695,53.793163517461885,93.60030819515052,True
Kaduna,2008,39.5,51.38465257320974,25.516642567551283,77.14240717887,True
Kano,2008,75.4,70.45904380632169,45.92144173742484,87.68021745270954,True
Katsina,2008,91.4,83.56368291631169,61.404923564799844,94.51734208378149,True
Kebbi,2008,73.5,85.92680016626655,64.36667136231844,96.2271707303413,True
Sokoto,2008,94.5,91.73097926708822,74.58454830855068,98.27946483952987,True
Zamfara,2008,76.1,85.58141049589112,64.89955569921604,95.83833088476113,True
Abia,2008,25.3,19.61883549292803,4.93755227320035,47.213093648407764,True
Anambra,2008,11.4,16.535045180828618,4.7682593950183865,40.29178796264546,True
Ebonyi,2008,23.1,18.388340052691696,4.881118494541761,46.07283430166418,True
Enugu,2008,36.2,23.231531279888998,6.849668014310203,50.99023619471548,True
Imo,2008,16.1,15.43473765725311,4.196981774633808,39.18807001919885,True
Akwa Ibom,2008,27.6,21.123161781421242,6.444889414279722,47.79198285498789,True
Bayelsa,2008,46.9,41.68174470364569,15.357634291065166,72.66425115986794,True
Cross River,2008,23.3,21.255271318220156,6.751228094661637,49.09632878512679,True
Delta,2008,16.1,23.144194361889472,7.533395439828046,49.928028503694335,True
Edo,2008,12.1,13.456071437712275,3.277122812575017,36.217023352623194,True
Rivers,2008,31.1,24.34557231208298,9.036435464361343,48.333673462765354,True
Ekiti,2008,3.8,11.33608025016847,1.4890266494715785,35.765053206646094,True
Lagos,2008,13.9,11.162332443021514,3.3562435919053564,28.66681395943463,True
Ogun,2008,35.6,28.63615373905602,10.248121508153346,56.70155680639869,True
Ondo,2008,28.1,29.652788774567977,10.403741595811187,58.65350681925065,True
Osun,2008,4.7,11.867830222470046,2.0641683117097656,35.61692414774477,True
Oyo,2008,20.6,25.16596606708107,9.495349967702854,51.733737447519346,True
FCT,2013,16.1,19.306513942047246,4.08487809377704,52.27452832131809,True
Benue,2013,44.4,32.4587044883969,13.13258083589162,58.15632003471895,True
Kogi,2013,12.9,24.828662493430613,8.112986246393719,52.13502050325781,True
Kwara,2013,26.5,34.375497792521,12.841518538890226,63.93777813015678,True
Nasarawa,2013,39.9,35.27976337330781,14.440115119249375,62.708107999171816,True
Niger,2013,47.3,51.82568163465869,28.1144478510147,74.3191512775505,True
Plateau,2013,37.6,29.682840228734563,11.538061486012099,57.46191832542772,True
Adamawa,2013,19.7,35.37244876798855,15.387969248356796,62.75927722012845,True
Bauchi,2013,74.6,67.57298767662603,42.242543790913764,85.51631021259976,True
Borno,2013,80.5,68.09323867860275,42.16556977798081,85.87730475585984,True
Gombe,2013,55.6,56.50137984478296,29.027627311521496,79.96083590888266,True
Taraba,2013,55.9,46.78858888351035,22.66612299047577,71.7555157454716,True
Yobe,2013,81.2,70.5566103039655,45.16857171736275,87.53710816723637,True
Jigawa,2013,79.1,69.86069354464594,45.281194329326816,86.96319156414806,True
Kaduna,2013,39.5,47.34174063304747,24.329313712293057,71.97643627325876,True
Kano,2013,73.8,63.547691838328916,38.97218238969535,82.36596530416392,True
Katsina,2013,76.7,76.17104997333382,53.11406032720366,89.96603940417697,True
Kebbi,2013,95.1,83.04286061535355,62.971598473261515,94.23399951233868,False
Sokoto,2013,96.7,88.11663364486608,70.13296349750838,96.25264968270591,False
Zamfara,2013,87.8,81.77257764391041,60.56771114636919,93.06216716907642,True
Abia,2013,6.6,14.884254196441857,3.8114589908641863,41.18809517351814,True
Anambra,2013,14.5,13.236436441432184,4.115491897063087,32.90486814314195,True
Ebonyi,2013,11.3,13.610680952608655,4.0394906394182835,34.44652912403556,True
Enugu,2013,11.8,16.744384671574704,5.3143325633950855,39.00558478865688,True
Imo,2013,8.2,11.46899747952926,2.8845561182269055,32.179448039850165,True
Akwa Ibom,2013,10.5,17.151430060553974,5.2549730756288975,41.46716626297681,True
Bayelsa,2013,20.9,38.08536351443415,13.672297305662692,70.16810771628985,True
Cross River,2013,13.2,18.2616657041373,5.772425659206346,42.92829634962551,True
Delta,2013,26.8,19.912385362130486,6.665175891525735,43.63327932425197,True
Edo,2013,8.5,11.486046137653256,2.8915970183843958,34.011631490246415,True
Rivers,2013,14.9,20.40005995796999,7.351497901472646,43.066140856133686,True
Ekiti,2013,2.4,10.864402742965366,1.1199258475036857,43.29578790717615,True
Lagos,2013,9.8,9.217593027765512,2.7626954254257416,24.07928488814816,True
Ogun,2013,22.5,23.786655852352006,8.448659688772638,48.52411357784041,True
Ondo,2013,29.7,26.93549984007652,9.930629992800611,54.62837588182569,True
Osun,2013,7.8,11.134695601567733,2.7158707879372854,32.60919508877154,True
Oyo,2013,29.4,22.78170522500685,8.650821298764294,46.298114468721245,True
FCT,2018,14.5,18.870205343805374,4.413822003383132,50.53202020565342,True
Benue,2018,23.2,28.439751184127037,11.778848355797438,52.15093881277429,True
Kogi,2018,19.9,25.521352099076612,9.01644647735542,52.652872086488706,True
Kwara,2018,39.2,34.0264691921398,14.383225410627304,60.587106204705236,True
Nasarawa,2018,20.6,31.9740830616866,12.467782670231971,59.12423662665032,True
Niger,2018,45.3,49.35152662330683,26.809895794398223,72.45028186817486,True
Plateau,2018,13.7,29.702870137362392,11.37066436610807,56.121655874656625,True
Adamawa,2018,19.8,29.4246602855715,12.406174996801118,54.61113641964506,True
Bauchi,2018,53.0,55.659458774261836,30.896087698277025,76.95272294204614,True
Borno,2018,43.8,57.32291895135583,32.329636586006245,79.18124991283227,True
Gombe,2018,62.7,49.83703433767265,25.543550729565187,73.61614059033616,True
Taraba,2018,32.1,38.67473601272125,17.79200698556357,64.99992001780231,True
Yobe,2018,50.1,60.85251774507393,36.44948851980169,80.85167526066095,True
Jigawa,2018,41.1,58.091824704727145,33.53104957738167,80.14062681174576,True
Kaduna,2018,46.5,43.273145262969734,22.48028707953116,67.11260990599135,True
Kano,2018,40.2,55.756347713347466,32.20512230995794,75.97333232581089,True
Katsina,2018,57.5,66.66405802169618,43.60397569351302,84.78874880436489,True
Kebbi,2018,70.0,79.50786291827634,57.930132755418875,92.03356393813384,True
Sokoto,2018,75.4,83.15776414967281,61.95347474045074,94.07076031370974,True
Zamfara,2018,82.9,77.04709702024503,54.47507089150155,90.92796197515922,True
Abia,2018,6.7,11.173356160419697,2.337497955566081,34.45784249634144,True
Anambra,2018,9.9,10.584559022435421,3.351202189989217,26.78305521096993,True
Ebonyi,2018,4.5,9.989568625368253,2.7777823157408257,27.29292273393482,True
Enugu,2018,6.8,11.779946997824041,3.088857154962918,32.64842309782528,True
Imo,2018,9.2,8.471967701240128,2.182691295180023,25.380964919226418,True
Akwa Ibom,2018,13.7,13.862637082097507,4.285936458766674,34.26041002449092,True
Bayelsa,2018,28.5,34.65779291612553,12.28305578970645,65.79572181689956,True
Cross River,2018,8.1,15.709608498859525,3.6646202181279226,43.8833312857887,True
Delta,2018,18.9,17.105922041508833,5.812150127604201,37.87127652460039,True
Edo,2018,6.5,9.88281195969943,2.044437956381797,30.245625297552866,True
Rivers,2018,14.9,16.95656944293451,6.266201290069943,37.28761664432693,True
Ekiti,2018,3.9,10.629900011092529,2.0406879584440203,33.905497795230964,True
Lagos,2018,2.7,7.6716669484379345,2.400423950729553,20.219600360005277,True
Ogun,2018,26.6,19.557084460890266,6.9614763997354485,42.124348356373325,True
Ondo,2018,17.9,24.472661628574876,8.270920304876775,51.71449834987275,True
Osun,2018,11.1,10.608440777465878,2.7241108221483596,30.53374035881732,True
Oyo,2018,16.8,20.622724244761446,8.260497773893468,42.71440438653151,True
FCT,2024,6.2,18.677665141191373,4.761664790922759,44.87472966297406,True
Benue,2024,32.7,24.179733624718676,8.250724683350683,50.200810741701105,True
Kogi,2024,57.0,26.60108958639863,8.775447495130335,53.93937770858648,False
Kwara,2024,51.7,33.720265212961806,13.648459459340735,61.866645798205134,True
Nasarawa,2024,20.3,28.37990416865998,11.044835368063518,55.33382875408823,True
Niger,2024,56.0,46.37659731449492,23.533258771488022,71.25034614715878,True
Plateau,2024,35.3,29.880017435770235,11.834255532707639,56.656325491543846,True
Adamawa,2024,29.1,23.199213994970666,8.340385927621677,49.20367065001068,True
Bauchi,2024,36.9,40.638829580970906,19.51437038489045,67.25767309509287,True
Borno,2024,31.7,43.41928021439572,20.1902158261079,68.82489612882391,True
Gombe,2024,34.0,41.845916226771315,18.131520535153125,69.89392781030367,True
Taraba,2024,40.7,29.7486561626097,10.98474030114451,57.63498480289828,True
Yobe,2024,40.4,48.06783004375586,24.74973283197279,72.78927954104051,True
Jigawa,2024,34.3,42.902776750014404,19.736580538127082,69.96017253377595,True
Kaduna,2024,45.6,38.54043661492796,17.892649948775,63.15119168723487,True
Kano,2024,42.4,45.62968461248106,24.01683146642,69.96900645453339,True
Katsina,2024,39.8,53.29984614265027,29.68461030040715,76.74362570653145,True
Kebbi,2024,84.0,74.38793374442709,49.561609900093536,90.07980530115717,True
Sokoto,2024,86.5,75.07270965080507,50.42306074322478,90.26841463693684,True
Zamfara,2024,82.6,70.20033457612584,44.427878533264426,88.11406893841568,True
Abia,2024,4.2,7.917065407098338,0.9792089240863651,35.69553887788797,True
Anambra,2024,14.9,8.15249339860124,1.4908724701324627,30.802997654085377,True
Ebonyi,2024,2.6,6.9179597331085985,1.4642708883295488,22.962696627912262,True
Enugu,2024,12.8,7.619413130830026,0.965692879837069,32.12944173011905,True
Imo,2024,5.6,5.918098165165165,1.0359923172387464,24.152595938109535,True
Akwa Ibom,2024,15.1,10.765177486844555,2.192977144559276,35.47564163155248,True
Bayelsa,2024,19.1,30.908030479025513,8.548132798616122,66.96030261828916,True
Cross River,2024,2.8,13.217819053207352,2.4786461860549065,41.35988182656849,True
Delta,2024,7.6,14.292609836109238,4.282323641247778,35.88271603700681,True
Edo,2024,3.7,8.388968831197953,1.2118162235927668,32.58557718145357,True
Rivers,2024,22.7,13.520775799421664,3.845048382956037,36.24890601361474,True
Ekiti,2024,6.0,10.676582720047097,0.943431400526637,51.18810706264462,True
Lagos,2024,4.7,6.250013610713608,1.3729078171379103,19.50106617117243,True
Ogun,2024,20.6,15.370242808890067,5.025598357761473,36.328360479092886,True
Ondo,2024,23.5,21.901213588000083,5.578660192649444,52.49577047220839,True
Osun,2024,9.4,10.245032707379531,2.0485194851596416,32.46919881723086,True
Oyo,2024,29.9,18.352559515473278,6.263518970660938,41.93437153253,True
