State,Name,Status,PopulationCensus2006-03-21,PopulationProjection2022-03-21
Abia,Aba North,Local Government Area,106844,155600
Abia,Aba South,Local Government Area,427421,622400
Abia,Arochukwu,Local Government Area,169339,246600
Abia,Bende,Local Government Area,192621,280500
Abia,Ikwuano,Local Government Area,137897,200800
Abia,Isiala-Ngwa North,Local Government Area,154083,224400
Abia,Isiala-Ngwa South,Local Government Area,136650,199000
Abia,Isuikwuato,Local Government Area,115794,168600
Abia,Obi Ngwa,Local Government Area,181894,264900
Abia,Ohafia,Local Government Area,245987,358200
Abia,Osisioma Ngwa,Local Government Area,220662,321300
Abia,Ugwunagbo,Local Government Area,85371,124300
Abia,Ukwa East,Local Government Area,58139,84700
Abia,Ukwa West,Local Government Area,87367,127200
Abia,Umuahia North,Local Government Area,223134,324900
Abia,Umuahia South,Local Government Area,139058,202500
Abia,Umu-Nneochi,Local Government Area,163119,237500
Adamawa,Demsa,Local Government Area,178407,275100
Adamawa,Fufore,Local Government Area,209460,323000
Adamawa,Ganye,Local Government Area,169948,262100
Adamawa,Girei,Local Government Area,129855,200200
Adamawa,Gombi,Local Government Area,147787,227900
Adamawa,Guyuk,Local Government Area,176505,272200
Adamawa,Hong,Local Government Area,169183,260900
Adamawa,Jada,Local Government Area,168445,259700
Adamawa,Lamurde,Local Government Area,111254,171600
Adamawa,Madagali,Local Government Area,135142,208400
Adamawa,Maiha,Local Government Area,110175,169900
Adamawa,Mayo-Belwa,Local Government Area,152803,235600
Adamawa,Michika,Local Government Area,155238,239400
Adamawa,Mubi North,Local Government Area,151515,233600
Adamawa,Mubi South,Local Government Area,129956,200400
Adamawa,Numan,Local Government Area,91549,141200
Adamawa,Shelleng,Local Government Area,148490,229000
Adamawa,Song,Local Government Area,195188,301000
Adamawa,Toungo,Local Government Area,52179,80500
Adamawa,Yola North,Local Government Area,199674,307900
Adamawa,Yola South,Local Government Area,196197,302500
Akwa Ibom,Abak,Local Government Area,139069,177500
Akwa Ibom,Eastern Obolo,Local Government Area,59970,76500
Akwa Ibom,Eket,Local Government Area,172856,220600
Akwa Ibom,Esit Eket,Local Government Area,63358,80900
Akwa Ibom,Essien Udim,Local Government Area,193257,246600
Akwa Ibom,Etim Ekpo,Local Government Area,105922,135200
Akwa Ibom,Etinan,Local Government Area,168924,215600
Akwa Ibom,Ibeno,Local Government Area,74840,95500
Akwa Ibom,Ibesikpo Asutan,Local Government Area,137127,175000
Akwa Ibom,Ibiono Ibom,Local Government Area,188605,240700
Akwa Ibom,Ika,Local Government Area,72772,92900
Akwa Ibom,Ikono,Local Government Area,131673,168000
Akwa Ibom,Ikot Abasi,Local Government Area,132608,169200
Akwa Ibom,Ikot Ekpene,Local Government Area,141408,180500
Akwa Ibom,Ini,Local Government Area,99084,126400
Akwa Ibom,Itu,Local Government Area,127856,163200
Akwa Ibom,Mbo,Local Government Area,102173,130400
Akwa Ibom,Mkpat Enin,Local Government Area,177293,226200
Akwa Ibom,Nsit Atai,Local Government Area,73395,93700
Akwa Ibom,Nsit Ibom,Local Government Area,108095,137900
Akwa Ibom,Nsit Ubium,Local Government Area,127083,162200
Akwa Ibom,Obot Akara,Local Government Area,147286,188000
Akwa Ibom,Okobo,Local Government Area,102753,131100
Akwa Ibom,Onna,Local Government Area,123193,157200
Akwa Ibom,Oron,Local Government Area,87209,111300
Akwa Ibom,Oruk Anam,Local Government Area,171839,219300
Akwa Ibom,Udung Uko,Local Government Area,53060,67700
Akwa Ibom,Ukanafun,Local Government Area,125473,160100
Akwa Ibom,Uruan,Local Government Area,117169,149500
Akwa Ibom,Urue-Offong/Oruko,Local Government Area,70740,90300
Akwa Ibom,Uyo,Local Government Area,305961,390400
Anambra,Aguata,Local Government Area,369972,527200
Anambra,Anambra East,Local Government Area,152149,216800
Anambra,Anambra West,Local Government Area,167303,238400
Anambra,Anaocha,Local Government Area,284215,405000
Anambra,Awka North,Local Government Area,112192,159900
Anambra,Awka South,Local Government Area,189654,270300
Anambra,Ayamelum,Local Government Area,158152,225400
Anambra,Dunukofia,Local Government Area,96517,137500
Anambra,Ekwusigo,Local Government Area,158429,225800
Anambra,Idemili North,Local Government Area,431005,614200
Anambra,Idemili South,Local Government Area,206816,294700
Anambra,Ihiala,Local Government Area,302277,430800
Anambra,Njikoka,Local Government Area,148394,211500
Anambra,Nnewi North,Local Government Area,155443,221500
Anambra,Nnewi South,Local Government Area,233362,332500
Anambra,Ogbaru,Local Government Area,223317,318200
Anambra,Onitsha North,Local Government Area,125918,179400
Anambra,Onitsha South,Local Government Area,137191,195500
Anambra,Orumba North,Local Government Area,172773,246200
Anambra,Orumba South,Local Government Area,184548,263000
Anambra,Oyi,Local Government Area,168201,239700
Bauchi,Alkaleri,Local Government Area,328284,586200
Bauchi,Bauchi,Local Government Area,493730,881600
Bauchi,Bogoro,Local Government Area,83809,149700
Bauchi,Damban,Local Government Area,150212,268200
Bauchi,Darazo,Local Government Area,249946,446300
Bauchi,Dass,Local Government Area,90114,160900
Bauchi,Gamawa,Local Government Area,284411,507900
Bauchi,Ganjuwa,Local Government Area,278471,497300
Bauchi,Giade,Local Government Area,156022,278600
Bauchi,Itas/Gadau,Local Government Area,228527,408100
Bauchi,Jama'are,Local Government Area,117482,209800
Bauchi,Katagum,Local Government Area,293020,523200
Bauchi,Kirfi,Local Government Area,145636,260100
Bauchi,Misau,Local Government Area,261410,466800
Bauchi,Ningi,Local Government Area,385997,689300
Bauchi,Shira,Local Government Area,233999,417800
Bauchi,Tafawa-Balewa,Local Government Area,221310,395200
Bauchi,Toro,Local Government Area,346000,617800
Bauchi,Warji,Local Government Area,114983,205300
Bauchi,Zaki,Local Government Area,189703,338700
Bayelsa,Brass,Local Government Area,184127,274100
Bayelsa,Ekeremor,Local Government Area,269588,401300
Bayelsa,Kolokuma/Opokuma,Local Government Area,79266,118000
Bayelsa,Nembe,Local Government Area,130966,195000
Bayelsa,Ogbia,Local Government Area,179606,267400
Bayelsa,Sagbama,Local Government Area,186869,278200
Bayelsa,Southern Ijaw,Local Government Area,321808,479000
Bayelsa,Yenagoa,Local Government Area,352285,524400
Benue,Ado,Local Government Area,184389,266200
Benue,Agatu,Local Government Area,115597,166900
Benue,Apa,Local Government Area,96780,139700
Benue,Buruku,Local Government Area,206215,297700
Benue,Gboko,Local Government Area,361325,521700
Benue,Guma,Local Government Area,194164,280300
Benue,Gwer East,Local Government Area,168660,243500
Benue,Gwer West,Local Government Area,122313,176600
Benue,Katsina-Ala,Local Government Area,225471,325500
Benue,Konshisha,Local Government Area,226492,327000
Benue,Kwande,Local Government Area,248642,359000
Benue,Logo,Local Government Area,169570,244800
Benue,Makurdi,Local Government Area,300377,433700
Benue,Obi,Local Government Area,98707,142500
Benue,Ogbadibo,Local Government Area,130988,189100
Benue,Ohimini,Local Government Area,70688,102100
Benue,Oju,Local Government Area,168491,243300
Benue,Okpokwu,Local Government Area,175596,253500
Benue,Oturkpo,Local Government Area,266411,384600
Benue,Tarka,Local Government Area,79280,114500
Benue,Ukum,Local Government Area,216983,313300
Benue,Ushongo,Local Government Area,191935,277100
Benue,Vandeikya,Local Government Area,234567,338700
Borno,Abadam,Local Government Area,100065,146600
Borno,Askira/Uba,Local Government Area,143313,210000
Borno,Bama,Local Government Area,270119,395800
Borno,Bayo,Local Government Area,79078,115900
Borno,Biu,Local Government Area,175760,257500
Borno,Chibok,Local Government Area,66333,97200
Borno,Damboa,Local Government Area,233200,341700
Borno,Dikwa,Local Government Area,105042,153900
Borno,Gubio,Local Government Area,151286,221700
Borno,Guzamala,Local Government Area,95991,140600
Borno,Gwoza,Local Government Area,276568,405200
Borno,Hawul,Local Government Area,120733,176900
Borno,Jere,Local Government Area,209107,306400
Borno,Kaga,Local Government Area,89996,131900
Borno,Kala/Balge,Local Government Area,60834,89100
Borno,Konduga,Local Government Area,157322,230500
Borno,Kukawa,Local Government Area,203343,297900
Borno,Kwaya Kusar,Local Government Area,56704,83100
Borno,Mafa,Local Government Area,103600,151800
Borno,Magumeri,Local Government Area,140257,205500
Borno,Maiduguri,Local Government Area,540016,791200
Borno,Marte,Local Government Area,129409,189600
Borno,Mobbar,Local Government Area,116633,170900
Borno,Monguno,Local Government Area,109834,160900
Borno,Ngala,Local Government Area,236498,346500
Borno,Nganzai,Local Government Area,99074,145200
Borno,Shani,Local Government Area,100989,148000
Cross River,Abi,Local Government Area,144317,219800
Cross River,Akamkpa,Local Government Area,149705,228000
Cross River,Akpabuyo,Local Government Area,272262,414700
Cross River,Bakassi [? Cameroon (2008)],Local Government Area,31641,48200
Cross River,Bekwara,Local Government Area,105497,160700
Cross River,Biase,Local Government Area,168113,256000
Cross River,Boki,Local Government Area,186611,284200
Cross River,Calabar Municipal,Local Government Area,183681,279800
Cross River,Calabar South,Local Government Area,191515,291700
Cross River,Etung,Local Government Area,80036,121900
Cross River,Ikom,Local Government Area,163691,249300
Cross River,Obanliku,Local Government Area,109633,167000
Cross River,Obubra,Local Government Area,172543,262800
Cross River,Obudu,Local Government Area,161457,245900
Cross River,Odukpani,Local Government Area,192884,293800
Cross River,Ogoja,Local Government Area,171574,261300
Cross River,Yakurr,Local Government Area,196271,298900
Cross River,Yala,Local Government Area,211557,322200
Delta,Aniocha North,Local Government Area,104062,142600
Delta,Aniocha South,Local Government Area,142045,194700
Delta,Bomadi,Local Government Area,86016,117900
Delta,Burutu,Local Government Area,207977,285000
Delta,Ethiope East,Local Government Area,200942,275400
Delta,Ethiope West,Local Government Area,202712,277800
Delta,Ika North East,Local Government Area,182819,250600
Delta,Ika South,Local Government Area,167060,229000
Delta,Isoko North,Local Government Area,143559,196700
Delta,Isoko South,Local Government Area,235147,322300
Delta,Ndokwa East,Local Government Area,103224,141500
Delta,Ndokwa West,Local Government Area,150024,205600
Delta,Okpe,Local Government Area,128398,176000
Delta,Oshimili North,Local Government Area,118540,162500
Delta,Oshimili South,Local Government Area,150032,205600
Delta,Patani,Local Government Area,67391,92400
Delta,Sapele,Local Government Area,174273,238800
Delta,Udu,Local Government Area,142480,195300
Delta,Ughelli North,Local Government Area,320687,439500
Delta,Ughelli South,Local Government Area,212638,291400
Delta,Ukwuani,Local Government Area,119034,163100
Delta,Uvwie,Local Government Area,188728,258700
Delta,Warri North,Local Government Area,136149,186600
Delta,Warri South,Local Government Area,311970,427600
Delta,Warri South West,Local Government Area,116538,159700
Ebonyi,Abakaliki,Local Government Area,149683,223000
Ebonyi,Afikpo North,Local Government Area,156649,233300
Ebonyi,Afikpo South,Local Government Area,157542,234700
Ebonyi,Ebonyi,Local Government Area,127226,189500
Ebonyi,Ezza North,Local Government Area,146149,217700
Ebonyi,Ezza South,Local Government Area,133625,199000
Ebonyi,Ikwo,Local Government Area,214969,320200
Ebonyi,Ishielu,Local Government Area,152581,227300
Ebonyi,Ivo,Local Government Area,121363,180800
Ebonyi,Izzi,Local Government Area,236679,352500
Ebonyi,Ohaozara,Local Government Area,148317,220900
Ebonyi,Ohaukwu,Local Government Area,195555,291300
Ebonyi,Onicha,Local Government Area,236609,352400
Edo,Akoko-Edo,Local Government Area,261567,386400
Edo,Egor,Local Government Area,340287,502700
Edo,Esan Central,Local Government Area,105242,155500
Edo,Esan North East,Local Government Area,121989,180200
Edo,Esan South East,Local Government Area,166309,245700
Edo,Esan West,Local Government Area,127718,188700
Edo,Etsako Central,Local Government Area,94228,139200
Edo,Etsako East,Local Government Area,147335,217700
Edo,Etsako West,Local Government Area,198975,294000
Edo,Igueben,Local Government Area,70276,103800
Edo,Ikpoba-Okha,Local Government Area,372080,549700
Edo,Oredo,Local Government Area,374515,553300
Edo,Orhionmwon,Local Government Area,183994,271800
Edo,Ovia North East,Local Government Area,155344,229500
Edo,Ovia South West,Local Government Area,138072,204000
Edo,Owan East,Local Government Area,154630,228500
Edo,Owan West,Local Government Area,99056,146300
Edo,Uhunmwonde,Local Government Area,121749,179900
Ekiti,Ado Ekiti,Local Government Area,313690,469700
Ekiti,Aiyekire (Gbonyin),Local Government Area,147999,221600
Ekiti,Efon,Local Government Area,87187,130600
Ekiti,Ekiti East,Local Government Area,138340,207100
Ekiti,Ekiti South West,Local Government Area,165087,247200
Ekiti,Ekiti West,Local Government Area,179600,268900
Ekiti,Emure,Local Government Area,94264,141200
Ekiti,Ido-Osi,Local Government Area,160001,239600
Ekiti,Ijero,Local Government Area,221873,332200
Ekiti,Ikere,Local Government Area,148558,222400
Ekiti,Ikole,Local Government Area,170414,255200
Ekiti,Ilejemeje,Local Government Area,43459,65100
Ekiti,Irepodun/Ifelodun,Local Government Area,131330,196700
Ekiti,Ise/Orun,Local Government Area,113951,170600
Ekiti,Moba,Local Government Area,145408,217700
Ekiti,Oye,Local Government Area,137796,206300
Enugu,Aninri,Local Government Area,136221,195500
Enugu,Awgu,Local Government Area,197292,283200
Enugu,Enugu East,Local Government Area,277119,397700
Enugu,Enugu North,Local Government Area,242140,347500
Enugu,Enugu South,Local Government Area,198032,284200
Enugu,Ezeagu,Local Government Area,170603,244900
Enugu,Igbo-Etiti,Local Government Area,208333,299000
Enugu,Igbo-Eze North,Local Government Area,258829,371500
Enugu,Igbo-Eze South,Local Government Area,147364,211500
Enugu,Isi-Uzo,Local Government Area,148597,213300
Enugu,Nkanu East,Local Government Area,153591,220400
Enugu,Nkanu West,Local Government Area,147385,211500
Enugu,Nsukka,Local Government Area,309448,444100
Enugu,Oji-River,Local Government Area,128741,184800
Enugu,Udenu,Local Government Area,178687,256500
Enugu,Udi,Local Government Area,238305,342000
Enugu,Uzo-Uwani,Local Government Area,127150,182500
Enugu,Federal Capital Territory (Abuja),Territory,1406239,3067500
Enugu,Abaji,Local Government Area,58642,127900
Enugu,Abuja Municipal Area Council,Local Government Area,776298,1693400
Enugu,Bwari,Local Government Area,229274,500100
Enugu,Gwagwalada,Local Government Area,158618,346000
Enugu,Kuje,Local Government Area,97233,212100
Enugu,Kwali,Local Government Area,86174,188000
Gombe,Akko,Local Government Area,337435,565000
Gombe,Balanga,Local Government Area,211490,354100
Gombe,Billiri,Local Government Area,202680,339400
Gombe,Dukku,Local Government Area,207658,347700
Gombe,Funakaye,Local Government Area,237687,398000
Gombe,Gombe,Local Government Area,266844,446800
Gombe,Kaltungo,Local Government Area,160392,268600
Gombe,Kwami,Local Government Area,193995,324800
Gombe,Nafada,Local Government Area,140185,234700
Gombe,Shomgom,Local Government Area,150948,252800
Gombe,Yamaltu/Deba,Local Government Area,255726,428200
Imo,Abo-Mbaise,Local Government Area,194779,270700
Imo,Ahiazu-Mbaise,Local Government Area,170824,237400
Imo,Ehime-Mbano,Local Government Area,130575,181500
Imo,Ezinihitte,Local Government Area,168767,234600
Imo,Ideato North,Local Government Area,156161,217100
Imo,Ideato South,Local Government Area,159654,221900
Imo,Ihitte/Uboma,Local Government Area,119419,166000
Imo,Ikeduru,Local Government Area,149737,208100
Imo,Isiala-Mbano,Local Government Area,197921,275100
Imo,Isu,Local Government Area,164328,228400
Imo,Mbaitoli,Local Government Area,237474,330100
Imo,Ngor-Okpala,Local Government Area,157858,219400
Imo,Njaba,Local Government Area,143485,199400
Imo,Nkwerre,Local Government Area,80270,111600
Imo,Nwangele,Local Government Area,127691,177500
Imo,Obowo,Local Government Area,117432,163200
Imo,Oguta,Local Government Area,142340,197900
Imo,Ohaji/Egbema,Local Government Area,182891,254200
Imo,Okigwe,Local Government Area,132701,184500
Imo,Orlu,Local Government Area,142792,198500
Imo,Orsu,Local Government Area,120224,167100
Imo,Oru East,Local Government Area,111743,155300
Imo,Oru West,Local Government Area,115704,160800
Imo,Owerri Municipal,Local Government Area,125337,174200
Imo,Owerri North,Local Government Area,176334,245100
Imo,Owerri West,Local Government Area,101754,141400
Imo,Unuimo,Local Government Area,99368,138100
Jigawa,Auyo,Local Government Area,132268,227400
Jigawa,Babura,Local Government Area,212955,366200
Jigawa,Biriniwa,Local Government Area,142015,244200
Jigawa,Birnin Kudu,Local Government Area,314108,540100
Jigawa,Buji,Local Government Area,97284,167300
Jigawa,Dutse,Local Government Area,251135,431800
Jigawa,Gagarawa,Local Government Area,82153,141300
Jigawa,Garki,Local Government Area,150261,258400
Jigawa,Gumel,Local Government Area,106371,182900
Jigawa,Guri,Local Government Area,113363,194900
Jigawa,Gwaram,Local Government Area,271368,466600
Jigawa,Gwiwa,Local Government Area,128730,221400
Jigawa,Hadejia,Local Government Area,104286,179300
Jigawa,Jahun,Local Government Area,229882,395300
Jigawa,Kafin Hausa,Local Government Area,267284,459600
Jigawa,Kaugama,Local Government Area,128981,221800
Jigawa,Kazaure,Local Government Area,161161,277100
Jigawa,Kiri Kasama,Local Government Area,192583,331200
Jigawa,Kiyawa,Local Government Area,172952,297400
Jigawa,Maigatari,Local Government Area,177057,304500
Jigawa,Malam Madori,Local Government Area,164791,283400
Jigawa,Miga,Local Government Area,127876,219900
Jigawa,Ringim,Local Government Area,192407,330900
Jigawa,Roni,Local Government Area,77414,133100
Jigawa,Sule Tankarkar,Local Government Area,134813,231800
Jigawa,Taura,Local Government Area,131861,226700
Jigawa,Yankwashi,Local Government Area,95643,164500
Kaduna,Birnin-Gwari,Local Government Area,258581,382000
Kaduna,Chikun,Local Government Area,372272,550000
Kaduna,Giwa,Local Government Area,292384,432000
Kaduna,Igabi,Local Government Area,430753,636400
Kaduna,Ikara,Local Government Area,194723,287700
Kaduna,Jaba,Local Government Area,155973,230400
Kaduna,Jema'a,Local Government Area,278202,411000
Kaduna,Kachia,Local Government Area,252568,373100
Kaduna,Kaduna North,Local Government Area,364575,538600
Kaduna,Kaduna South,Local Government Area,402731,595000
Kaduna,Kagarko,Local Government Area,239058,353200
Kaduna,Kajuru,Local Government Area,109810,162200
Kaduna,Kaura,Local Government Area,174626,258000
Kaduna,Kauru,Local Government Area,221276,326900
Kaduna,Kubau,Local Government Area,280704,414700
Kaduna,Kudan,Local Government Area,138956,205300
Kaduna,Lere,Local Government Area,339740,501900
Kaduna,Makarfi,Local Government Area,146574,216600
Kaduna,Sabon-Gari,Local Government Area,291358,430500
Kaduna,Sanga,Local Government Area,151485,223800
Kaduna,Soba,Local Government Area,291173,430200
Kaduna,Zangon-Kataf,Local Government Area,318991,471300
Kaduna,Zaria,Local Government Area,406990,601300
Kano,Ajingi,Local Government Area,172610,283900
Kano,Albasu,Local Government Area,187639,308600
Kano,Bagwai,Local Government Area,161533,265700
Kano,Bebeji,Local Government Area,191916,315600
Kano,Bichi,Local Government Area,278309,457700
Kano,Bunkure,Local Government Area,174467,286900
Kano,Dala,Local Government Area,418759,688700
Kano,Dambatta,Local Government Area,210474,346200
Kano,Dawakin Kudu,Local Government Area,225497,370900
Kano,Dawakin Tofa,Local Government Area,246197,404900
Kano,Doguwa,Local Government Area,150645,247800
Kano,Fagge,Local Government Area,200095,329100
Kano,Gabasawa,Local Government Area,211204,347400
Kano,Garko,Local Government Area,161966,266400
Kano,Garum Mallam,Local Government Area,118622,195100
Kano,Gaya,Local Government Area,207419,341100
Kano,Gezawa,Local Government Area,282328,464300
Kano,Gwale,Local Government Area,357827,588500
Kano,Gwarzo,Local Government Area,183624,302000
Kano,Kabo,Local Government Area,153158,251900
Kano,Kano Municipal,Local Government Area,371243,610600
Kano,Karaye,Local Government Area,144045,236900
Kano,Kibiya,Local Government Area,138618,228000
Kano,Kiru,Local Government Area,267168,439400
Kano,Kumbotso,Local Government Area,294391,484200
Kano,Kunchi,Local Government Area,110170,181200
Kano,Kura,Local Government Area,143094,235300
Kano,Madobi,Local Government Area,137685,226400
Kano,Makoda,Local Government Area,220094,362000
Kano,Minjibir,Local Government Area,219611,361200
Kano,Nasarawa,Local Government Area,596411,980900
Kano,Rano,Local Government Area,148276,243900
Kano,Rimin Gado,Local Government Area,103371,170000
Kano,Rogo,Local Government Area,227607,374300
Kano,Shanono,Local Government Area,139128,228800
Kano,Sumaila,Local Government Area,250379,411800
Kano,Takai,Local Government Area,202639,333300
Kano,Tarauni,Local Government Area,221844,364900
Kano,Tofa,Local Government Area,98603,162200
Kano,Tsanyawa,Local Government Area,157730,259400
Kano,Tudun Wada,Local Government Area,228658,376100
Kano,Ungogo,Local Government Area,365737,601500
Kano,Warawa,Local Government Area,131858,216900
Kano,Wudil,Local Government Area,188639,310300
Katsina,Bakori,Local Government Area,149516,267200
Katsina,Batagarawa,Local Government Area,189059,337900
Katsina,Batsari,Local Government Area,207874,371500
Katsina,Baure,Local Government Area,202941,362700
Katsina,Bindawa,Local Government Area,151002,269900
Katsina,Charanchi,Local Government Area,136989,244800
Katsina,Dandume,Local Government Area,145323,259700
Katsina,Danja,Local Government Area,125481,224300
Katsina,Dan Musa,Local Government Area,113190,202300
Katsina,Daura,Local Government Area,224884,401900
Katsina,Dutsi,Local Government Area,120902,216100
Katsina,Dutsin-Ma,Local Government Area,169829,303500
Katsina,Faskari,Local Government Area,194400,347400
Katsina,Funtua,Local Government Area,225156,402400
Katsina,Ingawa,Local Government Area,169148,302300
Katsina,Jibia,Local Government Area,167435,299200
Katsina,Kafur,Local Government Area,209360,374200
Katsina,Kaita,Local Government Area,182405,326000
Katsina,Kankara,Local Government Area,243259,434700
Katsina,Kankia,Local Government Area,151395,270600
Katsina,Katsina,Local Government Area,318132,568600
Katsina,Kurfi,Local Government Area,116700,208600
Katsina,Kusada,Local Government Area,98348,175800
Katsina,Mai'adua,Local Government Area,201800,360700
Katsina,Malumfashi,Local Government Area,182891,326900
Katsina,Mani,Local Government Area,176301,315100
Katsina,Mashi,Local Government Area,171070,305700
Katsina,Matazu,Local Government Area,113814,203400
Katsina,Musawa,Local Government Area,170006,303800
Katsina,Rimi,Local Government Area,154092,275400
Katsina,Sabuwa,Local Government Area,140679,251400
Katsina,Safana,Local Government Area,185207,331000
Katsina,Sandamu,Local Government Area,136944,244700
Katsina,Zango,Local Government Area,156052,278900
Kebbi,Aleiro,Local Government Area,67078,114600
Kebbi,Arewa-Dandi,Local Government Area,189728,324200
Kebbi,Argungu,Local Government Area,200248,342100
Kebbi,Augie,Local Government Area,116368,198800
Kebbi,Bagudo,Local Government Area,238014,406700
Kebbi,Birnin Kebbi,Local Government Area,268620,458900
Kebbi,Bunza,Local Government Area,123547,211100
Kebbi,Dandi,Local Government Area,146211,249800
Kebbi,Fakai,Local Government Area,119772,204600
Kebbi,Gwandu,Local Government Area,151077,258100
Kebbi,Jega,Local Government Area,197757,337900
Kebbi,Kalgo,Local Government Area,84928,145100
Kebbi,Koko/Besse,Local Government Area,154818,264500
Kebbi,Maiyama,Local Government Area,173759,296900
Kebbi,Ngaski,Local Government Area,126102,215400
Kebbi,Sakaba,Local Government Area,91728,156700
Kebbi,Shanga,Local Government Area,127142,217200
Kebbi,Suru,Local Government Area,148474,253700
Kebbi,Wasagu/Danko,Local Government Area,265271,453200
Kebbi,Yauri,Local Government Area,100564,171800
Kebbi,Zuru,Local Government Area,165335,282500
Kogi,Adavi,Local Government Area,217219,292800
Kogi,Ajaokuta,Local Government Area,122432,165000
Kogi,Ankpa,Local Government Area,266176,358800
Kogi,Bassa,Local Government Area,139687,188300
Kogi,Dekina,Local Government Area,260968,351700
Kogi,Ibaji,Local Government Area,127572,171900
Kogi,Idah,Local Government Area,79755,107500
Kogi,Igalamela-Odolu,Local Government Area,147048,198200
Kogi,Ijumu,Local Government Area,118593,159800
Kogi,Kabba/Bunu,Local Government Area,144579,194900
Kogi,Kogi,Local Government Area,115100,155100
Kogi,Lokoja,Local Government Area,196643,265000
Kogi,Mopa-Muro,Local Government Area,43760,59000
Kogi,Ofu,Local Government Area,191480,258100
Kogi,Ogori/Magongo,Local Government Area,39807,53700
Kogi,Okehi,Local Government Area,223574,301300
Kogi,Okene,Local Government Area,325623,438900
Kogi,Olamaboro,Local Government Area,158490,213600
Kogi,Omala,Local Government Area,107968,145500
Kogi,Yagba East,Local Government Area,147641,199000
Kogi,Yagba West,Local Government Area,139928,188600
Kwara,Asa,Local Government Area,124668,187200
Kwara,Baruten,Local Government Area,206679,310300
Kwara,Edu,Local Government Area,201642,302700
Kwara,Ekiti,Local Government Area,54399,81700
Kwara,Ifelodun,Local Government Area,204975,307700
Kwara,Ilorin East,Local Government Area,207462,311500
Kwara,Ilorin South,Local Government Area,209251,314100
Kwara,Ilorin West,Local Government Area,365221,548300
Kwara,Irepodun,Local Government Area,147594,221600
Kwara,Isin,Local Government Area,59481,89300
Kwara,Kaiama,Local Government Area,124015,186200
Kwara,Moro,Local Government Area,108715,163200
Kwara,Offa,Local Government Area,88975,133600
Kwara,Oke-Ero,Local Government Area,56970,85500
Kwara,Oyun,Local Government Area,94454,141800
Kwara,Pategi,Local Government Area,110852,166400
Lagos,Agege,Local Government Area,461743,683600
Lagos,Ajeromi-Ifelodun,Local Government Area,687316,1017500
Lagos,Alimosho,Local Government Area,1319571,1953500
Lagos,Amuwo-Odofin,Local Government Area,328975,487000
Lagos,Apapa,Local Government Area,222986,330100
Lagos,Badagry,Local Government Area,237731,351900
Lagos,Epe,Local Government Area,181734,269000
Lagos,Eti-Osa,Local Government Area,283791,420100
Lagos,Ibeju/Lekki,Local Government Area,117793,174400
Lagos,Ifako-Ijaye,Local Government Area,427737,633200
Lagos,Ikeja,Local Government Area,317614,470200
Lagos,Ikorodu,Local Government Area,527917,781500
Lagos,Kosofe,Local Government Area,682772,1010800
Lagos,Lagos Island,Local Government Area,212700,314900
Lagos,Lagos Mainland,Local Government Area,326700,483600
Lagos,Mushin,Local Government Area,631857,935400
Lagos,Ojo,Local Government Area,609173,901800
Lagos,Oshodi-Isolo,Local Government Area,629061,931300
Lagos,Shomolu,Local Government Area,403569,597400
Lagos,Surulere,Local Government Area,502865,744400
Nasarawa,Akwanga,Local Government Area,111902,172800
Nasarawa,Awe,Local Government Area,113083,174600
Nasarawa,Doma,Local Government Area,138991,214600
Nasarawa,Karu,Local Government Area,216230,333800
Nasarawa,Keana,Local Government Area,81801,126300
Nasarawa,Keffi,Local Government Area,92550,142900
Nasarawa,Kokona,Local Government Area,108558,167600
Nasarawa,Lafia,Local Government Area,329922,509300
Nasarawa,Nasarawa,Local Government Area,187220,289000
Nasarawa,Nasarawa-Eggon,Local Government Area,148405,229100
Nasarawa,Obi,Local Government Area,148977,230000
Nasarawa,Toto,Local Government Area,119051,183800
Nasarawa,Wamba,Local Government Area,72687,112200
Niger,Agaie,Local Government Area,132098,226600
Niger,Agwara,Local Government Area,57347,98400
Niger,Bida,Local Government Area,185553,318300
Niger,Borgu,Local Government Area,172835,296500
Niger,Bosso,Local Government Area,148136,254100
Niger,Chanchaga,Local Government Area,202151,346700
Niger,Edati,Local Government Area,159818,274100
Niger,Gbako,Local Government Area,126845,217600
Niger,Gurara,Local Government Area,90879,155900
Niger,Katcha,Local Government Area,120893,207400
Niger,Kontagora,Local Government Area,151968,260700
Niger,Lapai,Local Government Area,117021,200700
Niger,Lavun,Local Government Area,209777,359800
Niger,Magama,Local Government Area,181470,311300
Niger,Mariga,Local Government Area,199600,342400
Niger,Mashegu,Local Government Area,215197,369100
Niger,Mokwa,Local Government Area,242858,416600
Niger,Muya,Local Government Area,103461,177500
Niger,Paikoro,Local Government Area,158178,271300
Niger,Rafi,Local Government Area,186118,319200
Niger,Rijau,Local Government Area,176199,302200
Niger,Shiroro,Local Government Area,235665,404200
Niger,Suleja,Local Government Area,215075,368900
Niger,Tafa,Local Government Area,83874,143900
Niger,Wushishi,Local Government Area,81756,140200
Ogun,Abeokuta North,Local Government Area,198793,338100
Ogun,Abeokuta South,Local Government Area,250295,425700
Ogun,Ado-Odo/Ota,Local Government Area,527242,896700
Ogun,Ewekoro,Local Government Area,55093,93700
Ogun,Ifo,Local Government Area,539170,917000
Ogun,Ijebu East,Local Government Area,109321,185900
Ogun,Ijebu North,Local Government Area,280520,477100
Ogun,Ijebu North East,Local Government Area,68800,117000
Ogun,Ijebu Ode,Local Government Area,157161,267300
Ogun,Ikenne,Local Government Area,119117,202600
Ogun,Imeko Afon,Local Government Area,82952,141100
Ogun,Ipokia,Local Government Area,150387,255800
Ogun,Obafemi-Owode,Local Government Area,235071,399800
Ogun,Odeda,Local Government Area,109522,186300
Ogun,Odogbolu,Local Government Area,125657,213700
Ogun,Ogun Waterside,Local Government Area,74222,126200
Ogun,Remo North,Local Government Area,59752,101600
Ogun,Sagamu,Local Government Area,255885,435200
Ogun,Yewa North (Egbado North),Local Government Area,183844,312700
Ogun,Yewa South (Egbado South),Local Government Area,168336,286300
Ondo,Akoko North East,Local Government Area,179092,275100
Ondo,Akoko North West,Local Government Area,211867,325500
Ondo,Akoko South East,Local Government Area,82443,126600
Ondo,Akoko South West,Local Government Area,228383,350800
Ondo,Akure North,Local Government Area,130765,200900
Ondo,Akure South,Local Government Area,360268,553400
Ondo,Ese-Odo,Local Government Area,158256,243100
Ondo,Idanre,Local Government Area,129795,199400
Ondo,Ifedore,Local Government Area,176372,270900
Ondo,Ilaje,Local Government Area,289838,445200
Ondo,Ile-Oluji-Okeigbo,Local Government Area,171876,264000
Ondo,Irele,Local Government Area,144136,221400
Ondo,Odigbo,Local Government Area,232287,356800
Ondo,Okitipupa,Local Government Area,234138,359700
Ondo,Ondo East,Local Government Area,76092,116900
Ondo,Ondo West,Local Government Area,288868,443800
Ondo,Ose,Local Government Area,144139,221400
Ondo,Owo,Local Government Area,222262,341400
Osun,Aiyedaade,Local Government Area,149569,194200
Osun,Aiyedire,Local Government Area,76309,99100
Osun,Atakunmosa East,Local Government Area,76105,98800
Osun,Atakunmosa West,Local Government Area,68350,88700
Osun,Boluwaduro,Local Government Area,70954,92100
Osun,Boripe,Local Government Area,138742,180100
Osun,Ede North,Local Government Area,83818,108800
Osun,Ede South,Local Government Area,75489,98000
Osun,Egbedore,Local Government Area,73969,96000
Osun,Ejigbo,Local Government Area,132515,172000
Osun,Ife Central,Local Government Area,167204,217100
Osun,Ifedayo,Local Government Area,37508,48700
Osun,Ife East,Local Government Area,188614,244900
Osun,Ifelodun,Local Government Area,96444,125200
Osun,Ife North,Local Government Area,153274,199000
Osun,Ife South,Local Government Area,134490,174600
Osun,Ila,Local Government Area,62054,80600
Osun,Ilesha East,Local Government Area,105416,136800
Osun,Ilesha West,Local Government Area,106809,138700
Osun,Irepodun,Local Government Area,119590,155200
Osun,Irewole,Local Government Area,142806,185400
Osun,Isokan,Local Government Area,102060,132500
Osun,Iwo,Local Government Area,191348,248400
Osun,Obokun,Local Government Area,116850,151700
Osun,Odo-Otin,Local Government Area,132078,171500
Osun,Ola-Oluwa,Local Government Area,76227,99000
Osun,Olorunda,Local Government Area,131649,170900
Osun,Oriade,Local Government Area,148379,192600
Osun,Orolu,Local Government Area,102832,133500
Osun,Osogbo,Local Government Area,155507,201900
Oyo,Afijio,Local Government Area,132184,188900
Oyo,Akinyele,Local Government Area,211811,302700
Oyo,Atiba,Local Government Area,168246,240500
Oyo,Atisbo,Local Government Area,109965,157200
Oyo,Egbeda,Local Government Area,283643,405400
Oyo,Ibadan North,Local Government Area,308119,440400
Oyo,Ibadan North East,Local Government Area,331444,473700
Oyo,Ibadan North West,Local Government Area,154029,220100
Oyo,Ibadan South East,Local Government Area,266457,380800
Oyo,Ibadan South West,Local Government Area,283098,404600
Oyo,Ibarapa Central,Local Government Area,103243,147600
Oyo,Ibarapa East,Local Government Area,117182,167500
Oyo,Ibarapa North,Local Government Area,100293,143300
Oyo,Ido,Local Government Area,104087,148800
Oyo,Irepo,Local Government Area,121240,173300
Oyo,Iseyin,Local Government Area,255619,365300
Oyo,Itesiwaju,Local Government Area,127391,182100
Oyo,Iwajowa,Local Government Area,102847,147000
Oyo,Kajola,Local Government Area,200528,286600
Oyo,Lagelu,Local Government Area,148133,211700
Oyo,Ogbomosho North,Local Government Area,198859,284200
Oyo,Ogbomosho South,Local Government Area,100379,143500
Oyo,Ogo Oluwa,Local Government Area,65198,93200
Oyo,Olorunsogo,Local Government Area,81339,116200
Oyo,Oluyole,Local Government Area,203461,290800
Oyo,Ona-Ara,Local Government Area,265571,379500
Oyo,Orelope,Local Government Area,104004,148600
Oyo,Ori Ire,Local Government Area,149408,213500
Oyo,Oyo East,Local Government Area,124095,177400
Oyo,Oyo West,Local Government Area,136457,195000
Oyo,Saki East,Local Government Area,108957,155700
Oyo,Saki West,Local Government Area,273268,390500
Oyo,Surulere,Local Government Area,140339,200600
Plateau,Barkin Ladi,Local Government Area,179805,264500
Plateau,Bassa,Local Government Area,189834,279300
Plateau,Bokkos,Local Government Area,179550,264100
Plateau,Jos East,Local Government Area,88301,129900
Plateau,Jos North,Local Government Area,437217,643200
Plateau,Jos South,Local Government Area,311392,458100
Plateau,Kanam,Local Government Area,167619,246600
Plateau,Kanke,Local Government Area,124268,182800
Plateau,Langtang North,Local Government Area,142316,209400
Plateau,Langtang South,Local Government Area,105173,154700
Plateau,Mangu,Local Government Area,300520,442100
Plateau,Mikang,Local Government Area,96388,141800
Plateau,Pankshin,Local Government Area,190114,279700
Plateau,Qua'an Pan,Local Government Area,197276,290200
Plateau,Riyom,Local Government Area,131778,193900
Plateau,Shendam,Local Government Area,205119,301800
Plateau,Wase,Local Government Area,159861,235200
Rivers,Abua - Odual,Local Government Area,282410,406200
Rivers,Ahoada East,Local Government Area,166324,239200
Rivers,Ahoada West,Local Government Area,249232,358400
Rivers,Akuku Toru,Local Government Area,161103,231700
Rivers,Andoni,Local Government Area,217924,313400
Rivers,Asari-Toru,Local Government Area,219787,316100
Rivers,Bonny,Local Government Area,214983,309200
Rivers,Degema,Local Government Area,249467,358800
Rivers,Eleme,Local Government Area,190194,273500
Rivers,Emuoha,Local Government Area,201057,289200
Rivers,Etche,Local Government Area,249939,359500
Rivers,Gokana,Local Government Area,233813,336300
Rivers,Ikwerre,Local Government Area,188930,271700
Rivers,Khana,Local Government Area,292924,421300
Rivers,Obio/Akpor,Local Government Area,462350,665000
Rivers,Ogba - Egbema - Ndoni,Local Government Area,283294,407400
Rivers,Ogu - Bolo,Local Government Area,75282,108300
Rivers,Okrika,Local Government Area,222285,319700
Rivers,Omumma,Local Government Area,100388,144400
Rivers,Opobo - Nkoro,Local Government Area,152833,219800
Rivers,Oyigbo,Local Government Area,125331,180300
Rivers,Port-Harcourt,Local Government Area,538558,774600
Rivers,Tai,Local Government Area,120308,173000
Sokoto,Binji,Local Government Area,104274,180000
Sokoto,Bodinga,Local Government Area,174302,300900
Sokoto,Dange Shuni,Local Government Area,193443,333900
Sokoto,Gada,Local Government Area,249051,429900
Sokoto,Goronyo,Local Government Area,182118,314300
Sokoto,Gudu,Local Government Area,95400,164700
Sokoto,Gwadabawa,Local Government Area,231569,399700
Sokoto,Illela,Local Government Area,150133,259100
Sokoto,Isa,Local Government Area,150268,259400
Sokoto,Kebbe,Local Government Area,123154,212600
Sokoto,Kware,Local Government Area,134084,231400
Sokoto,Rabah,Local Government Area,149152,257400
Sokoto,Sabon Birni,Local Government Area,207470,358100
Sokoto,Shagari,Local Government Area,156907,270800
Sokoto,Silame,Local Government Area,104601,180500
Sokoto,Sokoto North,Local Government Area,233012,402200
Sokoto,Sokoto South,Local Government Area,197686,341200
Sokoto,Tambuwal,Local Government Area,225917,389900
Sokoto,Tangaza,Local Government Area,114770,198100
Sokoto,Tureta,Local Government Area,68414,118100
Sokoto,Wamakko,Local Government Area,179246,309400
Sokoto,Wurno,Local Government Area,162403,280300
Sokoto,Yabo,Local Government Area,115302,199000
Taraba,Ardo-Kola,Local Government Area,87784,138100
Taraba,Bali,Local Government Area,211024,332000
Taraba,Disputed Areas,Local Government Area,19964,31400
Taraba,Donga,Local Government Area,133105,209400
Taraba,Gashaka,Local Government Area,87166,137100
Taraba,Gassol,Local Government Area,245086,385500
Taraba,Ibi,Local Government Area,84302,132600
Taraba,Jalingo,Local Government Area,140318,220700
Taraba,Karim-Lamido,Local Government Area,193924,305100
Taraba,Kurmi,Local Government Area,91282,143600
Taraba,Lau,Local Government Area,95190,149700
Taraba,Sardauna,Local Government Area,224357,352900
Taraba,Takum,Local Government Area,134576,211700
Taraba,Ussa,Local Government Area,90889,143000
Taraba,Wukari,Local Government Area,238283,374800
Taraba,Yorro,Local Government Area,89865,141400
Taraba,Zing,Local Government Area,127685,200900
Yobe,Bade,Local Government Area,139804,219800
Yobe,Bursari,Local Government Area,109692,172500
Yobe,Damaturu,Local Government Area,87706,137900
Yobe,Fika,Local Government Area,136736,215000
Yobe,Fune,Local Government Area,301954,474700
Yobe,Geidam,Local Government Area,155740,244900
Yobe,Gujba,Local Government Area,129797,204100
Yobe,Gulani,Local Government Area,103516,162700
Yobe,Jakusko,Local Government Area,232458,365500
Yobe,Karasuwa,Local Government Area,105514,165900
Yobe,Machina,Local Government Area,60994,95900
Yobe,Nangere,Local Government Area,87517,137600
Yobe,Nguru,Local Government Area,150699,236900
Yobe,Potiskum,Local Government Area,204866,322100
Yobe,Tarmua,Local Government Area,77667,122100
Yobe,Yunusari,Local Government Area,125940,198000
Yobe,Yusufari,Local Government Area,110739,174100
Zamfara,Anka,Local Government Area,143637,255500
Zamfara,Bakura,Local Government Area,187141,332900
Zamfara,Birnin Magaji,Local Government Area,184083,327500
Zamfara,Bukkuyum,Local Government Area,216348,384900
Zamfara,Bungudu,Local Government Area,258644,460200
Zamfara,Gummi,Local Government Area,206721,367800
Zamfara,Gusau,Local Government Area,383712,682700
Zamfara,Kaura Namoda,Local Government Area,285363,507700
Zamfara,Maradun,Local Government Area,207563,369300
Zamfara,Maru,Local Government Area,293141,521500
Zamfara,Shinkafi,Local Government Area,135964,241900
Zamfara,Talata Mafara,Local Government Area,215650,383700
Zamfara,Tsafe,Local Government Area,266929,474900
Zamfara,Zurmi,Local Government Area,293977,523000
