state,zone,year,dtp1_coverage,zero_dose_pct,n_children_12_23m,source_table,source_report,data_status
FCT,North Central,2008,87.2,12.8,48,Table A-10.3,NDHS 2008 (FR222),CONFIRMED_FROM_PDF
FCT,North Central,2013,83.9,16.1,38,Table 10.3,NDHS 2013 (FR293),CONFIRMED_FROM_PDF
FCT,North Central,2018,85.5,14.5,41,Table 10.3,NDHS 2018 (FR359),CONFIRMED_FROM_PDF
FCT,North Central,2024,93.8,6.2,83,Table 10.4,NDHS 2024 (FR395),CONFIRMED_FROM_PDF
Benue,North Central,2008,60.5,39.5,137,Table A-10.3,NDHS 2008 (FR222),CONFIRMED_FROM_PDF
Benue,North Central,2013,55.6,44.4,187,Table 10.3,NDHS 2013 (FR293),CONFIRMED_FROM_PDF
Benue,North Central,2018,76.8,23.2,194,Table 10.3,NDHS 2018 (FR359),CONFIRMED_FROM_PDF
Benue,North Central,2024,67.3,32.7,100,Table 10.4,NDHS 2024 (FR395),CONFIRMED_FROM_PDF
Kogi,North Central,2008,78.6,21.4,80,Table A-10.3,NDHS 2008 (FR222),CONFIRMED_FROM_PDF
Kogi,North Central,2013,87.1,12.9,83,Table 10.3,NDHS 2013 (FR293),CONFIRMED_FROM_PDF
Kogi,North Central,2018,80.1,19.9,80,Table 10.3,NDHS 2018 (FR359),CONFIRMED_FROM_PDF
Kogi,North Central,2024,43.0,57.0,77,Table 10.4,NDHS 2024 (FR395),CONFIRMED_FROM_PDF
Kwara,North Central,2008,71.8,28.2,68,Table A-10.3,NDHS 2008 (FR222),CONFIRMED_FROM_PDF
Kwara,North Central,2013,73.5,26.5,69,Table 10.3,NDHS 2013 (FR293),CONFIRMED_FROM_PDF
Kwara,North Central,2018,60.8,39.2,105,Table 10.3,NDHS 2018 (FR359),CONFIRMED_FROM_PDF
Kwara,North Central,2024,48.3,51.7,81,Table 10.4,NDHS 2024 (FR395),CONFIRMED_FROM_PDF
Nasarawa,North Central,2008,53.6,46.4,54,Table A-10.3,NDHS 2008 (FR222),CONFIRMED_FROM_PDF
Nasarawa,North Central,2013,60.1,39.9,90,Table 10.3,NDHS 2013 (FR293),CONFIRMED_FROM_PDF
Nasarawa,North Central,2018,79.4,20.6,85,Table 10.3,NDHS 2018 (FR359),CONFIRMED_FROM_PDF
Nasarawa,North Central,2024,79.7,20.3,114,Table 10.4,NDHS 2024 (FR395),CONFIRMED_FROM_PDF
Niger,North Central,2008,38.7,61.3,142,Table A-10.3,NDHS 2008 (FR222),CONFIRMED_FROM_PDF
Niger,North Central,2013,52.7,47.3,253,Table 10.3,NDHS 2013 (FR293),CONFIRMED_FROM_PDF
Niger,North Central,2018,54.7,45.3,256,Table 10.3,NDHS 2018 (FR359),CONFIRMED_FROM_PDF
Niger,North Central,2024,44.0,56.0,237,Table 10.4,NDHS 2024 (FR395),CONFIRMED_FROM_PDF
Plateau,North Central,2008,79.5,20.5,111,Table A-10.3,NDHS 2008 (FR222),CONFIRMED_FROM_PDF
Plateau,North Central,2013,62.4,37.6,91,Table 10.3,NDHS 2013 (FR293),CONFIRMED_FROM_PDF
Plateau,North Central,2018,86.3,13.7,104,Table 10.3,NDHS 2018 (FR359),CONFIRMED_FROM_PDF
Plateau,North Central,2024,64.7,35.3,126,Table 10.4,NDHS 2024 (FR395),CONFIRMED_FROM_PDF
Adamawa,North East,2008,52.5,47.5,122,Table A-10.3,NDHS 2008 (FR222),CONFIRMED_FROM_PDF
Adamawa,North East,2013,80.3,19.7,133,Table 10.3,NDHS 2013 (FR293),CONFIRMED_FROM_PDF
Adamawa,North East,2018,80.2,19.8,151,Table 10.3,NDHS 2018 (FR359),CONFIRMED_FROM_PDF
Adamawa,North East,2024,70.9,29.1,117,Table 10.4,NDHS 2024 (FR395),CONFIRMED_FROM_PDF
Bauchi,North East,2008,16.4,83.6,194,Table A-10.3,NDHS 2008 (FR222),CONFIRMED_FROM_PDF
Bauchi,North East,2013,25.4,74.6,265,Table 10.3,NDHS 2013 (FR293),CONFIRMED_FROM_PDF
Bauchi,North East,2018,47.0,53.0,278,Table 10.3,NDHS 2018 (FR359),CONFIRMED_FROM_PDF
Bauchi,North East,2024,63.1,36.9,318,Table 10.4,NDHS 2024 (FR395),CONFIRMED_FROM_PDF
Borno,North East,2008,17.0,83.0,179,Table A-10.3,NDHS 2008 (FR222),CONFIRMED_FROM_PDF
Borno,North East,2013,19.5,80.5,226,Table 10.3,NDHS 2013 (FR293),CONFIRMED_FROM_PDF
Borno,North East,2018,56.2,43.8,221,Table 10.3,NDHS 2018 (FR359),CONFIRMED_FROM_PDF
Borno,North East,2024,68.3,31.7,194,Table 10.4,NDHS 2024 (FR395),CONFIRMED_FROM_PDF
Gombe,North East,2008,48.6,51.4,97,Table A-10.3,NDHS 2008 (FR222),CONFIRMED_FROM_PDF
Gombe,North East,2013,44.4,55.6,98,Table 10.3,NDHS 2013 (FR293),CONFIRMED_FROM_PDF
Gombe,North East,2018,37.3,62.7,128,Table 10.3,NDHS 2018 (FR359),CONFIRMED_FROM_PDF
Gombe,North East,2024,66.0,34.0,95,Table 10.4,NDHS 2024 (FR395),CONFIRMED_FROM_PDF
Taraba,North East,2008,51.8,48.2,88,Table A-10.3,NDHS 2008 (FR222),CONFIRMED_FROM_PDF
Taraba,North East,2013,44.1,55.9,143,Table 10.3,NDHS 2013 (FR293),CONFIRMED_FROM_PDF
Taraba,North East,2018,67.9,32.1,134,Table 10.3,NDHS 2018 (FR359),CONFIRMED_FROM_PDF
Taraba,North East,2024,59.3,40.7,101,Table 10.4,NDHS 2024 (FR395),CONFIRMED_FROM_PDF
Yobe,North East,2008,19.3,80.7,101,Table A-10.3,NDHS 2008 (FR222),CONFIRMED_FROM_PDF
Yobe,North East,2013,18.8,81.2,158,Table 10.3,NDHS 2013 (FR293),CONFIRMED_FROM_PDF
Yobe,North East,2018,49.9,50.1,221,Table 10.3,NDHS 2018 (FR359),CONFIRMED_FROM_PDF
Yobe,North East,2024,59.6,40.4,181,Table 10.4,NDHS 2024 (FR395),CONFIRMED_FROM_PDF
Jigawa,North West,2008,11.7,88.3,188,Table A-10.3,NDHS 2008 (FR222),CONFIRMED_FROM_PDF
Jigawa,North West,2013,20.9,79.1,314,Table 10.3,NDHS 2013 (FR293),CONFIRMED_FROM_PDF
Jigawa,North West,2018,58.9,41.1,246,Table 10.3,NDHS 2018 (FR359),CONFIRMED_FROM_PDF
Jigawa,North West,2024,65.7,34.3,197,Table 10.4,NDHS 2024 (FR395),CONFIRMED_FROM_PDF
Kaduna,North West,2008,60.5,39.5,247,Table A-10.3,NDHS 2008 (FR222),CONFIRMED_FROM_PDF
Kaduna,North West,2013,60.5,39.5,219,Table 10.3,NDHS 2013 (FR293),CONFIRMED_FROM_PDF
Kaduna,North West,2018,53.5,46.5,362,Table 10.3,NDHS 2018 (FR359),CONFIRMED_FROM_PDF
Kaduna,North West,2024,54.4,45.6,368,Table 10.4,NDHS 2024 (FR395),CONFIRMED_FROM_PDF
Kano,North West,2008,24.6,75.4,394,Table A-10.3,NDHS 2008 (FR222),CONFIRMED_FROM_PDF
Kano,North West,2013,26.2,73.8,530,Table 10.3,NDHS 2013 (FR293),CONFIRMED_FROM_PDF
Kano,North West,2018,59.8,40.2,431,Table 10.3,NDHS 2018 (FR359),CONFIRMED_FROM_PDF
Kano,North West,2024,57.6,42.4,531,Table 10.4,NDHS 2024 (FR395),CONFIRMED_FROM_PDF
Katsina,North West,2008,8.6,91.4,269,Table A-10.3,NDHS 2008 (FR222),CONFIRMED_FROM_PDF
Katsina,North West,2013,23.3,76.7,326,Table 10.3,NDHS 2013 (FR293),CONFIRMED_FROM_PDF
Katsina,North West,2018,42.5,57.5,392,Table 10.3,NDHS 2018 (FR359),CONFIRMED_FROM_PDF
Katsina,North West,2024,60.2,39.8,290,Table 10.4,NDHS 2024 (FR395),CONFIRMED_FROM_PDF
Kebbi,North West,2008,26.5,73.5,126,Table A-10.3,NDHS 2008 (FR222),CONFIRMED_FROM_PDF
Kebbi,North West,2013,4.9,95.1,220,Table 10.3,NDHS 2013 (FR293),CONFIRMED_FROM_PDF
Kebbi,North West,2018,30.0,70.0,207,Table 10.3,NDHS 2018 (FR359),CONFIRMED_FROM_PDF
Kebbi,North West,2024,16.0,84.0,167,Table 10.4,NDHS 2024 (FR395),CONFIRMED_FROM_PDF
Sokoto,North West,2008,5.5,94.5,175,Table A-10.3,NDHS 2008 (FR222),CONFIRMED_FROM_PDF
Sokoto,North West,2013,3.3,96.7,204,Table 10.3,NDHS 2013 (FR293),CONFIRMED_FROM_PDF
Sokoto,North West,2018,24.6,75.4,178,Table 10.3,NDHS 2018 (FR359),CONFIRMED_FROM_PDF
Sokoto,North West,2024,13.5,86.5,196,Table 10.4,NDHS 2024 (FR395),CONFIRMED_FROM_PDF
Zamfara,North West,2008,23.9,76.1,145,Table A-10.3,NDHS 2008 (FR222),CONFIRMED_FROM_PDF
Zamfara,North West,2013,12.2,87.8,289,Table 10.3,NDHS 2013 (FR293),CONFIRMED_FROM_PDF
Zamfara,North West,2018,17.1,82.9,220,Table 10.3,NDHS 2018 (FR359),CONFIRMED_FROM_PDF
Zamfara,North West,2024,17.4,82.6,199,Table 10.4,NDHS 2024 (FR395),CONFIRMED_FROM_PDF
Abia,South East,2008,74.7,25.3,71,Table A-10.3,NDHS 2008 (FR222),CONFIRMED_FROM_PDF
Abia,South East,2013,93.4,6.6,64,Table 10.3,NDHS 2013 (FR293),CONFIRMED_FROM_PDF
Abia,South East,2018,93.3,6.7,69,Table 10.3,NDHS 2018 (FR359),CONFIRMED_FROM_PDF
Abia,South East,2024,95.8,4.2,43,Table 10.4,NDHS 2024 (FR395),CONFIRMED_FROM_PDF
Anambra,South East,2008,88.6,11.4,158,Table A-10.3,NDHS 2008 (FR222),CONFIRMED_FROM_PDF
Anambra,South East,2013,85.5,14.5,128,Table 10.3,NDHS 2013 (FR293),CONFIRMED_FROM_PDF
Anambra,South East,2018,90.1,9.9,221,Table 10.3,NDHS 2018 (FR359),CONFIRMED_FROM_PDF
Anambra,South East,2024,85.1,14.9,64,Table 10.4,NDHS 2024 (FR395),CONFIRMED_FROM_PDF
Ebonyi,South East,2008,76.9,23.1,72,Table A-10.3,NDHS 2008 (FR222),CONFIRMED_FROM_PDF
Ebonyi,South East,2013,88.7,11.3,137,Table 10.3,NDHS 2013 (FR293),CONFIRMED_FROM_PDF
Ebonyi,South East,2018,95.5,4.5,148,Table 10.3,NDHS 2018 (FR359),CONFIRMED_FROM_PDF
Ebonyi,South East,2024,97.4,2.6,132,Table 10.4,NDHS 2024 (FR395),CONFIRMED_FROM_PDF
Enugu,South East,2008,63.8,36.2,96,Table A-10.3,NDHS 2008 (FR222),CONFIRMED_FROM_PDF
Enugu,South East,2013,88.2,11.8,122,Table 10.3,NDHS 2013 (FR293),CONFIRMED_FROM_PDF
Enugu,South East,2018,93.2,6.8,87,Table 10.3,NDHS 2018 (FR359),CONFIRMED_FROM_PDF
Enugu,South East,2024,87.2,12.8,48,Table 10.4,NDHS 2024 (FR395),CONFIRMED_FROM_PDF
Imo,South East,2008,83.9,16.1,109,Table A-10.3,NDHS 2008 (FR222),CONFIRMED_FROM_PDF
Imo,South East,2013,91.8,8.2,98,Table 10.3,NDHS 2013 (FR293),CONFIRMED_FROM_PDF
Imo,South East,2018,90.8,9.2,117,Table 10.3,NDHS 2018 (FR359),CONFIRMED_FROM_PDF
Imo,South East,2024,94.4,5.6,84,Table 10.4,NDHS 2024 (FR395),CONFIRMED_FROM_PDF
Akwa Ibom,South South,2008,72.4,27.6,103,Table A-10.3,NDHS 2008 (FR222),CONFIRMED_FROM_PDF
Akwa Ibom,South South,2013,89.5,10.5,102,Table 10.3,NDHS 2013 (FR293),CONFIRMED_FROM_PDF
Akwa Ibom,South South,2018,86.3,13.7,118,Table 10.3,NDHS 2018 (FR359),CONFIRMED_FROM_PDF
Akwa Ibom,South South,2024,84.9,15.1,59,Table 10.4,NDHS 2024 (FR395),CONFIRMED_FROM_PDF
Bayelsa,South South,2008,53.1,46.9,54,Table A-10.3,NDHS 2008 (FR222),CONFIRMED_FROM_PDF
Bayelsa,South South,2013,79.1,20.9,49,Table 10.3,NDHS 2013 (FR293),CONFIRMED_FROM_PDF
Bayelsa,South South,2018,71.5,28.5,50,Table 10.3,NDHS 2018 (FR359),CONFIRMED_FROM_PDF
Bayelsa,South South,2024,80.9,19.1,34,Table 10.4,NDHS 2024 (FR395),CONFIRMED_FROM_PDF
Cross River,South South,2008,76.7,23.3,102,Table A-10.3,NDHS 2008 (FR222),CONFIRMED_FROM_PDF
Cross River,South South,2013,86.8,13.2,98,Table 10.3,NDHS 2013 (FR293),CONFIRMED_FROM_PDF
Cross River,South South,2018,91.9,8.1,53,Table 10.3,NDHS 2018 (FR359),CONFIRMED_FROM_PDF
Cross River,South South,2024,97.2,2.8,43,Table 10.4,NDHS 2024 (FR395),CONFIRMED_FROM_PDF
Delta,South South,2008,83.9,16.1,102,Table A-10.3,NDHS 2008 (FR222),CONFIRMED_FROM_PDF
Delta,South South,2013,73.2,26.8,106,Table 10.3,NDHS 2013 (FR293),CONFIRMED_FROM_PDF
Delta,South South,2018,81.1,18.9,127,Table 10.3,NDHS 2018 (FR359),CONFIRMED_FROM_PDF
Delta,South South,2024,92.4,7.6,115,Table 10.4,NDHS 2024 (FR395),CONFIRMED_FROM_PDF
Edo,South South,2008,87.9,12.1,98,Table A-10.3,NDHS 2008 (FR222),CONFIRMED_FROM_PDF
Edo,South South,2013,91.5,8.5,89,Table 10.3,NDHS 2013 (FR293),CONFIRMED_FROM_PDF
Edo,South South,2018,93.5,6.5,75,Table 10.3,NDHS 2018 (FR359),CONFIRMED_FROM_PDF
Edo,South South,2024,96.3,3.7,56,Table 10.4,NDHS 2024 (FR395),CONFIRMED_FROM_PDF
Rivers,South South,2008,68.9,31.1,204,Table A-10.3,NDHS 2008 (FR222),CONFIRMED_FROM_PDF
Rivers,South South,2013,85.1,14.9,148,Table 10.3,NDHS 2013 (FR293),CONFIRMED_FROM_PDF
Rivers,South South,2018,85.1,14.9,172,Table 10.3,NDHS 2018 (FR359),CONFIRMED_FROM_PDF
Rivers,South South,2024,77.3,22.7,118,Table 10.4,NDHS 2024 (FR395),CONFIRMED_FROM_PDF
Ekiti,South West,2008,96.2,3.8,78,Table A-10.3,NDHS 2008 (FR222),CONFIRMED_FROM_PDF
Ekiti,South West,2013,97.6,2.4,33,Table 10.3,NDHS 2013 (FR293),CONFIRMED_FROM_PDF
Ekiti,South West,2018,96.1,3.9,68,Table 10.3,NDHS 2018 (FR359),CONFIRMED_FROM_PDF
Ekiti,South West,2024,94.0,6.0,21,Table 10.4,NDHS 2024 (FR395),CONFIRMED_FROM_PDF
Lagos,South West,2008,86.1,13.9,263,Table A-10.3,NDHS 2008 (FR222),CONFIRMED_FROM_PDF
Lagos,South West,2013,90.2,9.8,252,Table 10.3,NDHS 2013 (FR293),CONFIRMED_FROM_PDF
Lagos,South West,2018,97.3,2.7,329,Table 10.3,NDHS 2018 (FR359),CONFIRMED_FROM_PDF
Lagos,South West,2024,95.3,4.7,177,Table 10.4,NDHS 2024 (FR395),CONFIRMED_FROM_PDF
Ogun,South West,2008,64.4,35.6,122,Table A-10.3,NDHS 2008 (FR222),CONFIRMED_FROM_PDF
Ogun,South West,2013,77.5,22.5,149,Table 10.3,NDHS 2013 (FR293),CONFIRMED_FROM_PDF
Ogun,South West,2018,73.4,26.6,121,Table 10.3,NDHS 2018 (FR359),CONFIRMED_FROM_PDF
Ogun,South West,2024,79.4,20.6,141,Table 10.4,NDHS 2024 (FR395),CONFIRMED_FROM_PDF
Ondo,South West,2008,71.9,28.1,92,Table A-10.3,NDHS 2008 (FR222),CONFIRMED_FROM_PDF
Ondo,South West,2013,70.3,29.7,90,Table 10.3,NDHS 2013 (FR293),CONFIRMED_FROM_PDF
Ondo,South West,2018,82.1,17.9,75,Table 10.3,NDHS 2018 (FR359),CONFIRMED_FROM_PDF
Ondo,South West,2024,76.5,23.5,44,Table 10.4,NDHS 2024 (FR395),CONFIRMED_FROM_PDF
Osun,South West,2008,95.3,4.7,82,Table A-10.3,NDHS 2008 (FR222),CONFIRMED_FROM_PDF
Osun,South West,2013,92.2,7.8,98,Table 10.3,NDHS 2013 (FR293),CONFIRMED_FROM_PDF
Osun,South West,2018,88.9,11.1,102,Table 10.3,NDHS 2018 (FR359),CONFIRMED_FROM_PDF
Osun,South West,2024,90.6,9.4,64,Table 10.4,NDHS 2024 (FR395),CONFIRMED_FROM_PDF
Oyo,South West,2008,79.4,20.6,176,Table A-10.3,NDHS 2008 (FR222),CONFIRMED_FROM_PDF
Oyo,South West,2013,70.6,29.4,201,Table 10.3,NDHS 2013 (FR293),CONFIRMED_FROM_PDF
Oyo,South West,2018,83.2,16.8,179,Table 10.3,NDHS 2018 (FR359),CONFIRMED_FROM_PDF
Oyo,South West,2024,70.1,29.9,105,Table 10.4,NDHS 2024 (FR395),CONFIRMED_FROM_PDF
