level,area,zone,penta1_pct,penta3_pct,no_vacc_pct,n_weighted_12_23m,small_n_flag_25_49,zd_pct_100_minus_penta1
zone,North Central,North Central,65.8,49.1,24.8,536.0,False,34.2
zone,North East,North East,61.3,45.5,30.1,433.0,False,38.7
zone,North West,North West,51.3,42.7,46.5,1142.0,False,48.7
zone,South East,South East,88.8,80.8,9.3,247.0,False,11.200000000000003
zone,South South,South South,91.2,83.3,7.9,294.0,False,8.799999999999997
zone,South West,South West,85.6,72.5,11.3,336.0,False,14.400000000000006
state,FCT,North Central,81.4,68.7,15.1,46.0,False,18.599999999999994
state,Benue,North Central,81.3,60.1,14.6,92.0,False,18.700000000000003
state,Kogi,North Central,79.8,49.3,14.1,41.0,False,20.200000000000003
state,Kwara,North Central,63.4,50.4,27.3,49.0,False,36.6
state,Nasarawa,North Central,67.5,54.8,22.5,83.0,False,32.5
state,Niger,North Central,43.2,33.5,42.2,116.0,False,56.8
state,Plateau,North Central,64.8,43.0,23.8,110.0,False,35.2
state,Adamawa,North East,73.3,45.0,8.8,73.0,False,26.700000000000003
state,Bauchi,North East,54.7,44.1,42.8,123.0,False,45.3
state,Borno,North East,58.8,34.1,31.9,76.0,False,41.2
state,Gombe,North East,70.8,68.0,24.7,42.0,False,29.200000000000003
state,Taraba,North East,61.8,40.8,29.6,34.0,True,38.2
state,Yobe,North East,57.9,49.2,31.6,84.0,False,42.1
state,Jigawa,North West,70.8,56.3,25.0,98.0,False,29.200000000000003
state,Kaduna,North West,54.8,46.7,45.2,200.0,False,45.2
state,Kano,North West,61.3,54.6,36.8,305.0,False,38.7
state,Katsina,North West,51.8,43.9,45.7,152.0,False,48.2
state,Kebbi,North West,27.6,25.1,65.7,88.0,False,72.4
state,Sokoto,North West,23.5,15.7,75.5,128.0,False,76.5
state,Zamfara,North West,50.4,37.5,46.9,171.0,False,49.6
state,Abia,South East,68.1,59.8,29.4,32.0,False,31.900000000000006
state,Anambra,South East,92.7,84.7,5.9,44.0,False,7.299999999999997
state,Ebonyi,South East,89.2,80.7,8.9,75.0,False,10.799999999999997
state,Enugu,South East,92.2,82.7,7.2,49.0,False,7.799999999999997
state,Imo,South East,95.2,89.5,1.8,47.0,False,4.799999999999997
state,Akwa Ibom,South South,88.2,73.3,11.8,42.0,False,11.799999999999997
state,Bayelsa,South South,89.1,79.1,8.9,20.0,False,10.900000000000006
state,Cross River,South South,94.7,71.5,2.3,36.0,False,5.299999999999997
state,Delta,South South,92.6,88.3,5.5,63.0,False,7.400000000000006
state,Edo,South South,91.0,89.3,9.0,71.0,False,9.0
state,Rivers,South South,90.5,86.3,9.5,62.0,False,9.5
state,Ekiti,South West,93.4,84.9,6.6,12.0,False,6.599999999999994
state,Lagos,South West,92.9,86.0,7.1,84.0,False,7.099999999999994
state,Ogun,South West,83.8,63.9,15.2,99.0,False,16.200000000000003
state,Ondo,South West,89.7,84.0,5.3,34.0,False,10.299999999999997
state,Osun,South West,89.2,78.1,10.8,46.0,False,10.799999999999997
state,Oyo,South West,72.0,55.0,15.2,61.0,True,28.0
