state,lga,n
Akwa Ibom,Eastern Obolo,3.0
Bayelsa,Ekeremor,0.0
Rivers,Degema,0.0
Rivers,Andoni,0.0
Cross River,Akpabuyo,2.0
Akwa Ibom,Oron,1.0
Cross River,Bakassi,1.0
Cross River,Calabar South,2.0
Akwa Ibom,Udung Uko,1.0
Bayelsa,Southern Ijaw,0.0
Oyo,Iwajowa,3.0
Oyo,Ibarapa North,3.0
Rivers,Okrika,3.0
Ogun,Imeko Afon,3.0
Akwa Ibom,Ibeno,0.0
Bayelsa,Nembe,0.0
Ondo,Ilaje,0.0
Bayelsa,Brass,1.0
Delta,Warri North,3.0
Ondo,Ese Odo,0.0
Taraba,Jalingo,1.0
Delta,Burutu,1.0
Adamawa,Girei,0.0
Taraba,Yorro,0.0
Taraba,Ardo-Kola,0.0
Adamawa,Yola North,1.0
Adamawa,Yola South,0.0
Akwa Ibom,Mbo,0.0
Taraba,Lau,0.0
Oyo,Ibarapa Central,0.0
Ogun,Abeokuta North,0.0
Rivers,Bonny,0.0
Delta,Warri South West,4.0
Delta,Warri South,0.0
Rivers,Akuku Toru,0.0
Osun,Isokan,1.0
Osun,Irewole,3.0
Akwa Ibom,Essien Udim,2.0
Akwa Ibom,Onna,3.0
Enugu,Udenu,4.0
Rivers,Ogu/Bolo,2.0
Enugu,Enugu South,0.0
Akwa Ibom,Ikot Ekpene,0.0
Akwa Ibom,Nsit Ubium,0.0
Akwa Ibom,Urue-Offong/Oruko,2.0
Akwa Ibom,Abak,2.0
Enugu,Nkanu East,0.0
Enugu,Igbo-Eze South,4.0
Enugu,Nsukka,4.0
Rivers,Tai,1.0
Osun,Ife North,4.0
Osun,Ayedaade,4.0
Osun,Ayedire,2.0
Rivers,Ahoada East,1.0
Oyo,Iseyin,3.0
Oyo,Itesiwaju,1.0
Oyo,Kajola,3.0
Enugu,Nkanu West,1.0
Ebonyi,Afikpo North,0.0
Taraba,Donga,4.0
Enugu,Oji River,0.0
Kwara,Oyun,4.0
Bayelsa,Ogbia,0.0
Rivers,Asari-Toru,0.0
Akwa Ibom,Uyo,1.0
Akwa Ibom,Ikono,0.0
Kwara,Baruten,3.0
Oyo,Lagelu,4.0
Kogi,Idah,3.0
Yobe,Machina,0.0
Kogi,Ibaji,1.0
FCT,Abuja Municipal Area Council,4.0
Kwara,Kaiama,3.0
Zamfara,Bakura,0.0
Yobe,Nguru,0.0
Zamfara,Gummi,2.0
Kano,Ajingi,4.0
Rivers,Port-Harcourt,0.0
Kebbi,Augie,0.0
Sokoto,Kebbe,4.0
Oyo,Surulere,4.0
Jigawa,Ringim,2.0
Rivers,Emohua,4.0
Enugu,Isi-Uzo,0.0
Bayelsa,Yenagoa,4.0
Kwara,Ilorin East,1.0
Bauchi,Alkaleri,4.0
Rivers,Omumma,1.0
Jigawa,Birnin Kudu,2.0
Taraba,Takum,2.0
Edo,Esan South-East,0.0
Osun,Ifedayo,3.0
Oyo,Ori Ire,3.0
Kwara,Ifelodun,4.0
Zamfara,Maradun,0.0
Enugu,Aninri,0.0
Ebonyi,Abakaliki,0.0
Kwara,Pategi,1.0
Jigawa,Birniwa,0.0
Taraba,Ussa,3.0
Sokoto,Silame,1.0
Kano,Takai,0.0
FCT,Bwari,4.0
Kwara,Edu,0.0
Kaduna,Jema'A,1.0
Jigawa,Gumel,0.0
Sokoto,Binji,3.0
Sokoto,Kware,3.0
Kebbi,Bunza,0.0
Kogi,Mopa-Muro,3.0
Sokoto,Sokoto North,4.0
Katsina,Musawa,4.0
Delta,Ethiope West,1.0
Ebonyi,Ishielu,2.0
Kebbi,Sakaba,0.0
Kaduna,Kudan,3.0
Kaduna,Kachia,0.0
Sokoto,Sabon Birni,4.0
Enugu,Uzo-Uwani,0.0
Kaduna,Jaba,0.0
Akwa Ibom,Ibesikpo Asutan,0.0
Sokoto,Sokoto South,4.0
Sokoto,Yabo,3.0
Borno,Damboa,1.0
Katsina,Matazu,4.0
Katsina,Sandamu,4.0
Katsina,Mashi,0.0
Katsina,Dan Musa,3.0
Kano,Kura,4.0
Kaduna,Lere,1.0
Katsina,Zango,3.0
Sokoto,Wurno,1.0
Sokoto,Gudu,0.0
Jigawa,Gwiwa,1.0
Kebbi,Birnin Kebbi,0.0
Kebbi,Suru,1.0
Adamawa,Numan,0.0
Borno,Biu,4.0
Kaduna,Kaduna South,0.0
Borno,Dikwa,3.0
Kaduna,Zaria,0.0
Kebbi,Kalgo,0.0
Jigawa,Yankwashi,0.0
Kaduna,Kaura,1.0
Adamawa,Lamurde,0.0
Borno,Monguno,4.0
Enugu,Enugu East,4.0
Borno,Ngala,4.0
Borno,Gubio,1.0
Kogi,Yagba East,4.0
Borno,Chibok,0.0
Sokoto,Tureta,4.0
Taraba,Gashaka,0.0
Bauchi,Bauchi,3.0
Borno,Hawul,0.0
Akwa Ibom,Uruan,4.0
Adamawa,Mayo-Belwa,0.0
Adamawa,Mubi South,1.0
Edo,Etsako West,0.0
Yobe,Fune,0.0
Borno,Mobbar,3.0
Yobe,Potiskum,0.0
Borno,Gwoza,0.0
Borno,Guzamala,
Adamawa,Maiha,0.0
Yobe,Gulani,0.0
Taraba,Zing,0.0
Oyo,Orelope,3.0
Akwa Ibom,Nsit Ibom,1.0
Adamawa,Fufore,0.0
Akwa Ibom,Mkpat Enin,2.0
Edo,Owan West,1.0
Borno,Kaga,0.0
Taraba,Karim-Lamido,1.0
Borno,Kukawa,0.0
Adamawa,Gombi,0.0
Adamawa,Guyuk,0.0
Kano,Tudun Wada,1.0
Oyo,Saki West,3.0
Adamawa,Toungo,0.0
Rivers,Abua/Odual,0.0
Zamfara,Bungudu,2.0
Borno,Shani,1.0
Sokoto,Shagari,4.0
Yobe,Yunusari,0.0
Adamawa,Ganye,0.0
Adamawa,Jada,0.0
Taraba,Bali,1.0
Adamawa,Shelleng,0.0
Ondo,Okitipupa,2.0
Borno,Bayo,0.0
Akwa Ibom,Ikot Abasi,0.0
Borno,Maiduguri,0.0
Yobe,Gujba,0.0
Edo,Esan North-East,0.0
Bauchi,Tafawa-Balewa,0.0
Yobe,Nangere,0.0
Akwa Ibom,Ika,0.0
Bauchi,Dambam,4.0
Bauchi,Ganjuwa,0.0
Borno,Nganzai,0.0
Rivers,Ahoada West,1.0
Adamawa,Song,0.0
Delta,Oshimili North,0.0
Rivers,Gokana,0.0
Zamfara,Bukkuyum,0.0
Yobe,Damaturu,0.0
Yobe,Geidam,0.0
Yobe,Tarmuwa,1.0
Adamawa,Madagali,0.0
Adamawa,Michika,2.0
Adamawa,Mubi North,0.0
Edo,Owan East,0.0
Adamawa,Hong,0.0
Kano,Nasarawa,1.0
Katsina,Sabuwa,4.0
Ebonyi,Ohaozara,2.0
Zamfara,Kaura Namoda,0.0
Katsina,Dutsi,3.0
Kano,Kabo,2.0
Katsina,Dandume,3.0
Kano,Dawakin Tofa,4.0
Kano,Gezawa,1.0
Sokoto,Bodinga,4.0
Zamfara,Zurmi,0.0
Kano,Warawa,2.0
Sokoto,Tangaza,1.0
Jigawa,Maigatari,0.0
Katsina,Danja,4.0
Kano,Fagge,3.0
Katsina,Jibia,0.0
Rivers,Eleme,0.0
Kano,Bebeji,2.0
Kano,Rano,3.0
Kano,Tarauni,1.0
Akwa Ibom,Etinan,4.0
Ogun,Yewa South,4.0
Kebbi,Argungu,1.0
Kano,Kiru,2.0
Katsina,Batagarawa,2.0
Delta,Bomadi,2.0
Borno,Kwaya Kusar,0.0
Enugu,Igbo-Etiti,3.0
Kano,Doguwa,3.0
Yobe,Bade,0.0
Akwa Ibom,Itu,0.0
Borno,Bama,2.0
Sokoto,Gada,2.0
Zamfara,Gusau,1.0
Lagos,Lagos Mainland,4.0
Katsina,Kaita,4.0
Kano,Minjibir,4.0
Akwa Ibom,Ini,2.0
Zamfara,Talata Mafara,0.0
Kebbi,Gwandu,0.0
Zamfara,Birnin Magaji,0.0
Kano,Shanono,2.0
Kano,Rogo,1.0
Katsina,Batsari,0.0
Akwa Ibom,Eket,2.0
Akwa Ibom,Okobo,2.0
Kano,Kano Municipal,4.0
Yobe,Busari,0.0
Kebbi,Maiyama,0.0
Lagos,Lagos Island,4.0
Kano,Madobi,3.0
Jigawa,Miga,1.0
Katsina,Rimi,4.0
Kano,Gabasawa,2.0
Kebbi,Aleiro,1.0
Kano,Ungogo,3.0
Sokoto,Tambuwal,3.0
Kebbi,Jega,0.0
Katsina,Katsina,4.0
Kano,Dawakin Kudu,4.0
Kebbi,Arewa,1.0
Akwa Ibom,Etim Ekpo,0.0
Kano,Albasu,0.0
Borno,Marte,4.0
Kano,Kumbotso,3.0
Jigawa,Kazaure,0.0
Katsina,Malumfashi,0.0
Enugu,Udi,2.0
Jigawa,Dutse,1.0
Jigawa,Gwaram,0.0
Kaduna,Zangon Kataf,3.0
Jigawa,Kiyawa,2.0
Bauchi,Zaki,2.0
Rivers,Opobo/Nkoro,4.0
Bauchi,Shira,3.0
Bauchi,Dass,2.0
Enugu,Enugu North,3.0
Jigawa,Buji,1.0
Akwa Ibom,Ukanafun,2.0
Niger,Agaie,0.0
Kano,Bagwai,1.0
Kaduna,Kajuru,0.0
Niger,Katcha,4.0
Katsina,Kafur,3.0
Kebbi,Danko/Wasagu,0.0
Niger,Bida,3.0
Bauchi,Kirfi,2.0
Kebbi,Dandi,0.0
Kebbi,Bagudo,0.0
Katsina,Kankara,4.0
Bauchi,Itas/Gadau,3.0
Lagos,Apapa,0.0
Ondo,Ondo East,0.0
Bauchi,Warji,4.0
Bauchi,Katagum,1.0
Katsina,Mani,4.0
Kaduna,Sanga,1.0
Bauchi,Bogoro,3.0
Yobe,Fika,0.0
FCT,Kuje,4.0
Jigawa,Sule-Tankarkar,0.0
Oyo,Ibadan North East,3.0
Katsina,Bindawa,3.0
Kwara,Ilorin South,0.0
Bauchi,Gamawa,1.0
Jigawa,Kafin Hausa,0.0
Ogun,Ado Odo/Ota,1.0
Kano,Garko,4.0
Kaduna,Kubau,2.0
Taraba,Wukari,2.0
Kano,Gwarzo,4.0
Rivers,Oyigbo,2.0
Delta,Ughelli South,2.0
Kebbi,Fakai,0.0
Jigawa,Kaugama,2.0
Edo,Esan Central,2.0
Sokoto,Goronyo,0.0
Oyo,Ibarapa East,2.0
Edo,Ikpoba-Okha,0.0
Enugu,Awgu,2.0
Oyo,Olorunsogo,2.0
Kogi,Kabba/Bunu,2.0
Bauchi,Ningi,0.0
Taraba,Kurmi,0.0
Katsina,Bakori,4.0
Akwa Ibom,Nsit Atai,4.0
Katsina,Kankia,1.0
Jigawa,Gagarawa,0.0
Bauchi,Giade,3.0
Edo,Igueben,0.0
Ondo,Akure North,1.0
Rivers,Khana,4.0
Akwa Ibom,Oruk Anam,2.0
Bauchi,Misau,0.0
Bayelsa,Kolokuma/Opokuma,0.0
Kano,Karaye,4.0
Bayelsa,Sagbama,0.0
Jigawa,Garki,1.0
Katsina,Mai'Adua,2.0
Ebonyi,Ezza North,1.0
Taraba,Ibi,0.0
Kogi,Omala,4.0
Ondo,Ile-Oluji/Okeigbo,0.0
Katsina,Baure,3.0
Katsina,Dutsin-Ma,2.0
Edo,Uhunmwonde,0.0
Jigawa,Taura,2.0
Delta,Ughelli North,1.0
Edo,Orhionmwon,0.0
Kaduna,Soba,1.0
Yobe,Karasuwa,1.0
Ondo,Ondo West,0.0
Delta,Ika South,0.0
Ekiti,Oye,1.0
Kano,Bichi,2.0
FCT,Kwali,4.0
Oyo,Oyo West,3.0
Katsina,Kusada,4.0
Jigawa,Roni,1.0
Bauchi,Toro,2.0
Ondo,Akure South,4.0
Kaduna,Igabi,1.0
Kogi,Okene,4.0
Anambra,Onitsha South,4.0
Benue,Agatu,3.0
Kano,Dala,2.0
Zamfara,Anka,1.0
Kano,Tofa,3.0
Katsina,Ingawa,0.0
Delta,Uvwie,1.0
Ondo,Idanre,0.0
Delta,Okpe,3.0
Anambra,Anambra West,0.0
Lagos,Mushin,4.0
Ogun,Sagamu,3.0
Cross River,Biase,2.0
Kano,Gaya,1.0
Katsina,Charanchi,4.0
Edo,Etsako Central,1.0
Bauchi,Darazo,2.0
Kogi,Ijumu,1.0
Kwara,Irepodun,2.0
Oyo,Egbeda,3.0
Ondo,Akoko South East,0.0
Katsina,Faskari,0.0
Kaduna,Makarfi,3.0
Delta,Udu,0.0
Kano,Bunkure,1.0
Katsina,Funtua,4.0
Kano,Danbatta,2.0
Yobe,Jakusko,0.0
Kano,Gwale,4.0
Jigawa,Babura,2.0
Delta,Sapele,3.0
Delta,Ika North East,3.0
Lagos,Surulere,4.0
Kano,Garum Mallam,4.0
Kwara,Offa,1.0
Lagos,Shomolu,4.0
Kano,Makoda,4.0
Kano,Rimin Gado,2.0
Yobe,Yusufari,0.0
Kogi,Bassa,4.0
Jigawa,Jahun,0.0
Katsina,Kurfi,4.0
Edo,Esan West,0.0
Kaduna,Kaduna North,0.0
Katsina,Daura,2.0
Taraba,Gassol,0.0
Jigawa,Auyo,0.0
Kano,Wudil,4.0
Kaduna,Ikara,0.0
Ondo,Ifedore,0.0
Niger,Lavun,3.0
Sokoto,Dange-Shuni,4.0
Ogun,Yewa North,2.0
Zamfara,Tsafe,0.0
Kwara,Ekiti,1.0
Kebbi,Zuru,1.0
Kogi,Yagba West,2.0
Kogi,Kogi,0.0
Kogi,Olamaboro,2.0
Ondo,Odigbo,3.0
Lagos,Agege,4.0
Kano,Kibiya,1.0
Kwara,Isin,1.0
Kaduna,Sabon Gari,2.0
Jigawa,Malam Madori,0.0
Kogi,Lokoja,4.0
Osun,Ede South,2.0
Kaduna,Giwa,2.0
Ekiti,Ikole,1.0
Kano,Kunchi,1.0
Jigawa,Guri,0.0
Zamfara,Maru,0.0
Gombe,Dukku,3.0
Sokoto,Wamako,2.0
Kwara,Oke-Ero,0.0
Lagos,Oshodi/Isolo,4.0
Borno,Abadam,0.0
Ekiti,Moba,0.0
FCT,Gwagwalada,4.0
Kaduna,Kagarko,1.0
FCT,Abaji,4.0
Taraba,Sardauna,2.0
Kebbi,Shanga,0.0
Kaduna,Birnin Gwari,0.0
Kebbi,Ngaski,0.0
Kaduna,Chikun,1.0
Kebbi,Yauri,1.0
Kaduna,Kauru,0.0
Adamawa,Demsa,0.0
Abia,Umuahia South,3.0
Osun,Obokun,0.0
Imo,Owerri West,4.0
Nasarawa,Nasarawa,1.0
Anambra,Idemili South,2.0
Abia,Aba North,1.0
Ogun,Odeda,1.0
Ogun,Ijebu East,2.0
Benue,Okpokwu,4.0
Gombe,Shongom,4.0
Ekiti,Ado Ekiti,1.0
Imo,Ahiazu-Mbaise,3.0
Kogi,Ankpa,0.0
Imo,Nkwerre,4.0
Benue,Apa,2.0
Benue,Kwande,2.0
Cross River,Ikom,1.0
Ekiti,Ido-Osi,0.0
Abia,Ukwa East,0.0
Abia,Ukwa West,2.0
Anambra,Nnewi South,0.0
Abia,Bende,1.0
Imo,Okigwe,2.0
Bauchi,Jama'Are,0.0
Nasarawa,Kokona,1.0
Borno,Mafa,0.0
Gombe,Akko,3.0
Benue,Ushongo,1.0
Imo,Ehime-Mbano,0.0
Imo,Ideato South,4.0
Osun,Ife South,4.0
Anambra,Oyi,4.0
Ekiti,Ekiti South West,0.0
Anambra,Ayamelum,2.0
Imo,Aboh-Mbaise,4.0
Ekiti,Ilejemeje,0.0
Imo,Mbaitoli,2.0
Cross River,Akamkpa,2.0
Abia,Obi Nwga,2.0
Benue,Logo,3.0
Benue,Guma,1.0
Cross River,Ogoja,4.0
Abia,Ohafia,2.0
Anambra,Orumba North,0.0
Benue,Ado,2.0
Nasarawa,Toto,0.0
Osun,Egbedore,1.0
Imo,Owerri North,4.0
Anambra,Idemili North,3.0
Abia,Isiala-Ngwa South,2.0
Gombe,Funakaye,4.0
Benue,Katsina-Ala,4.0
Niger,Mokwa,1.0
Abia,Aba South,0.0
Niger,Edati,1.0
Ogun,Odogbolu,4.0
Gombe,Balanga,3.0
Ogun,Ijebu North East,1.0
Benue,Otukpo,1.0
Cross River,Abi,3.0
Imo,Ideato North,2.0
Osun,Oriade,1.0
Sokoto,Illela,1.0
Imo,Nwangele,1.0
Osun,Ife East,2.0
Cross River,Obanliku,1.0
Imo,Onuimo,4.0
Plateau,Qua'An Pan,0.0
Imo,Ngor-Okpala,1.0
Oyo,Ona Ara,4.0
Enugu,Igbo-Eze North,3.0
Benue,Oju,4.0
Osun,Boluwaduro,2.0
Zamfara,Shinkafi,0.0
Imo,Orsu,3.0
Anambra,Anaocha,3.0
Cross River,Bekwarra,3.0
Abia,Umunneochi,1.0
Ondo,Ose,0.0
Anambra,Nnewi North,1.0
Ondo,Akoko North West,0.0
Osun,Ilesa East,3.0
Anambra,Njikoka,3.0
Imo,Ohaji/Egbema,4.0
Gombe,Gombe,4.0
Imo,Owerri Municipal,2.0
Nasarawa,Keana,0.0
Ebonyi,Ohaukwu,1.0
Ekiti,Aiyekire (Gbonyin),0.0
Imo,Isiala Mbano,0.0
Ekiti,Irepodun/Ifelodun,1.0
Imo,Obowo,4.0
Abia,Isuikwuato,0.0
Benue,Makurdi,0.0
Benue,Gboko,1.0
Osun,Ife Central,4.0
Abia,Isiala-Ngwa North,0.0
Cross River,Yakurr,4.0
Gombe,Billiri,3.0
Anambra,Dunukofia,2.0
Abia,Osisioma Ngwa,1.0
Osun,Ola-Oluwa,1.0
Nasarawa,Wamba,0.0
Osun,Boripe,4.0
Cross River,Yala,2.0
Anambra,Aguata,0.0
Cross River,Calabar Municipal,4.0
Anambra,Onitsha North,0.0
Benue,Ukum,3.0
Sokoto,Isa,4.0
Ogun,Ogun Waterside,0.0
Osun,Ifelodun,4.0
Abia,Arochukwu,2.0
Ogun,Ijebu Ode,1.0
Borno,Magumeri,0.0
Cross River,Boki,1.0
Gombe,Kwami,3.0
Ekiti,Ekiti East,3.0
Kwara,Moro,4.0
Imo,Ezinihitte-Mbaise,2.0
Borno,Kala/Balge,0.0
Nasarawa,Awe,1.0
Osun,Orolu,4.0
Cross River,Obubra,4.0
Edo,Akoko-Edo,0.0
Osun,Osogbo,4.0
Ekiti,Ise/Orun,0.0
Imo,Njaba,2.0
Benue,Obi,3.0
Benue,Buruku,0.0
Cross River,Obudu,2.0
Imo,Orlu,0.0
Osun,Iwo,1.0
Anambra,Awka North,4.0
Benue,Tarka,1.0
Abia,Umuahia North,4.0
Osun,Odo Otin,3.0
Anambra,Ihiala,3.0
Osun,Ilesa West,4.0
Gombe,Kaltungo,2.0
Osun,Irepodun,1.0
Ebonyi,Ebonyi,1.0
Nasarawa,Lafia,1.0
Ogun,Ijebu North,4.0
Delta,Ndokwa West,1.0
Imo,Ikeduru,2.0
Kogi,Okehi,1.0
Gombe,Yamaltu/Deba,1.0
Ekiti,Emure,0.0
Ekiti,Ikere,0.0
Imo,Oguta,1.0
Benue,Konshisha,0.0
Osun,Ejigbo,1.0
Benue,Gwer West,0.0
Cross River,Etung,1.0
Anambra,Ekwusigo,4.0
Ekiti,Ijero,2.0
Abia,Ugwunagbo,0.0
Osun,Olorunda,3.0
Nasarawa,Nasarawa Eggon,1.0
Osun,Ede North,0.0
Ebonyi,Afikpo South,2.0
Imo,Oru West,2.0
Anambra,Anambra East,3.0
Benue,Vandeikya,1.0
Osun,Atakumosa West,3.0
Anambra,Ogbaru,3.0
Abia,Ikwuano,0.0
Nasarawa,Keffi,4.0
Kogi,Adavi,4.0
Imo,Oru East,0.0
Ogun,Remo North,0.0
Nasarawa,Karu,1.0
Ogun,Ikenne,4.0
Osun,Ila,4.0
Nasarawa,Doma,0.0
Gombe,Nafada,1.0
Benue,Gwer East,1.0
Ekiti,Efon,0.0
Imo,Ihitte/Uboma,4.0
Ekiti,Ekiti West,0.0
Oyo,Atisbo,2.0
Imo,Isu,2.0
Benue,Ogbadibo,0.0
Osun,Atakumosa East,0.0
Nasarawa,Akwanga,0.0
Niger,Rafi,2.0
Cross River,Odukpani,3.0
Niger,Gbako,0.0
Delta,Ukwuani,0.0
Anambra,Awka South,3.0
Niger,Gurara,2.0
Niger,Kontagora,4.0
Niger,Mashegu,3.0
Niger,Wushishi,0.0
Niger,Shiroro,0.0
Niger,Borgu,2.0
Niger,Lapai,4.0
Ondo,Akoko South West,0.0
Niger,Rijau,0.0
Niger,Chanchaga,4.0
Niger,Mariga,4.0
Niger,Muya,0.0
Niger,Bosso,2.0
Niger,Suleja,4.0
Niger,Paikoro,3.0
Plateau,Kanke,4.0
Plateau,Jos North,4.0
Plateau,Jos East,1.0
Edo,Oredo,2.0
Delta,Patani,1.0
Plateau,Shendam,0.0
Edo,Egor,4.0
Plateau,Langtang North,0.0
Plateau,Jos South,0.0
Plateau,Mikang,2.0
Plateau,Barkin Ladi,4.0
Plateau,Pankshin,2.0
Plateau,Bokkos,4.0
Plateau,Wase,1.0
Plateau,Bassa,0.0
Anambra,Orumba South,3.0
Plateau,Kanam,4.0
Plateau,Langtang South,4.0
Plateau,Mangu,4.0
Niger,Tafa,0.0
Niger,Magama,2.0
Niger,Agwara,0.0
Plateau,Riyom,1.0
Sokoto,Rabah,1.0
Ebonyi,Ikwo,0.0
Katsina,Safana,0.0
Lagos,Ajeromi/Ifelodun,4.0
Kebbi,Koko/Besse,0.0
Lagos,Epe,4.0
Kano,Sumaila,2.0
Kogi,Ogori/Magongo,3.0
Lagos,Amuwo Odofin,3.0
Kano,Tsanyawa,4.0
Lagos,Ibeju/Lekki,2.0
Kogi,Ajaokuta,2.0
Oyo,Irepo,3.0
Delta,Isoko North,0.0
Enugu,Ezeagu,1.0
Ondo,Irele,0.0
Ondo,Owo,0.0
Kogi,Dekina,3.0
Ondo,Akoko North East,1.0
Oyo,Oluyole,3.0
Rivers,Ogba/Egbema/Ndoni,0.0
Edo,Ovia South-West,0.0
Delta,Ndokwa East,1.0
Oyo,Saki East,4.0
Ebonyi,Onicha,4.0
Delta,Ethiope East,0.0
Nasarawa,Obi,1.0
Oyo,Oyo East,4.0
Ebonyi,Ivo,4.0
Edo,Etsako East,0.0
Delta,Oshimili South,0.0
Ebonyi,Izzi,0.0
Delta,Isoko South,2.0
Ebonyi,Ezza South,0.0
Kogi,Ofu,4.0
Delta,Aniocha North,3.0
Delta,Aniocha South,2.0
Kogi,Igalamela-Odolu,4.0
Akwa Ibom,Ibiono Ibom,0.0
Akwa Ibom,Obot Akara,0.0
Oyo,Ogo Oluwa,3.0
Oyo,Atiba,3.0
Oyo,Ogbomosho South,2.0
Edo,Ovia North-East,0.0
Oyo,Afijio,4.0
Oyo,Ogbomosho North,3.0
Rivers,Ikwerre,0.0
Akwa Ibom,Esit Eket,0.0
Rivers,Obio/Akpor,1.0
Rivers,Etche,1.0
Borno,Askira/Uba,2.0
Sokoto,Gwadabawa,1.0
Jigawa,Hadejia,0.0
Jigawa,Kiri Kasamma,0.0
Borno,Konduga,0.0
Borno,Jere,0.0
Lagos,Eti-Osa,4.0
Lagos,Kosofe,3.0
Oyo,Ibadan North,4.0
Oyo,Akinyele,2.0
Oyo,Ido,3.0
Oyo,Ibadan North West,4.0
Oyo,Ibadan South West,3.0
Oyo,Ibadan South East,3.0
Ogun,Abeokuta South,1.0
Lagos,Alimosho,4.0
Lagos,Ifako/Ijaye,4.0
Lagos,Ikorodu,4.0
Ogun,Ifo,2.0
Lagos,Ikeja,4.0
Ogun,Ewekoro,0.0
Lagos,Ojo,3.0
Lagos,Badagry,4.0
Ogun,Obafemi Owode,2.0
Ogun,Ipokia,1.0
Benue,Ohimini,0.0
Kwara,Ilorin West,0.0
Kwara,Asa,4.0
