ds,bcg_count,penta_1_count,penta_3_count,measles_1_count
2021-01-01,443188.0,479855.0,447151.0,405883.0
2021-02-01,429830.0,458642.0,435096.0,386204.0
2021-03-01,454169.0,474572.0,450736.0,397769.0
2021-04-01,464618.0,466836.0,439347.0,389876.0
2021-05-01,459918.0,466040.0,428596.0,387598.0
2021-06-01,492586.0,524872.0,478696.0,440452.0
2021-07-01,442800.0,466236.0,433152.0,402151.0
2021-08-01,471478.0,499977.0,474959.0,429069.0
2021-09-01,458368.0,447192.0,426529.0,441885.0
2021-10-01,460757.0,452071.0,426822.0,391843.0
2021-11-01,473757.0,468408.0,433178.0,490898.0
2021-12-01,476500.0,482873.0,447595.0,415064.0
2022-01-01,470124.0,489172.0,441059.0,419048.0
2022-02-01,467391.0,460581.0,430532.0,414932.0
2022-03-01,524692.0,541890.0,506604.0,461354.0
2022-04-01,490151.0,501218.0,469693.0,415485.0
2022-05-01,520183.0,537902.0,497700.0,448177.0
2022-06-01,510436.0,546431.0,509575.0,498494.0
2022-07-01,468087.0,505877.0,477706.0,429106.0
2022-08-01,518729.0,546201.0,523836.0,482959.0
2022-09-01,514857.0,525552.0,498671.0,471381.0
2022-10-01,524742.0,486583.0,455467.0,434952.0
2022-11-01,565465.0,562201.0,515505.0,584830.0
2022-12-01,512093.0,502726.0,463899.0,500508.0
2023-01-01,644281.0,652577.0,605009.0,579005.0
2023-02-01,627140.0,651360.0,618122.0,538903.0
2023-03-01,684997.0,704451.0,666682.0,580939.0
2023-04-01,648363.0,651283.0,610676.0,542367.0
2023-05-01,706817.0,714756.0,665040.0,604175.0
2023-06-01,627107.0,626197.0,590388.0,538649.0
2023-07-01,657532.0,662663.0,631586.0,589565.0
2023-08-01,779398.0,814197.0,759029.0,660811.0
2023-09-01,697016.0,709199.0,676931.0,579445.0
2023-10-01,723131.0,747288.0,705956.0,625934.0
2023-11-01,717498.0,773725.0,725775.0,656262.0
2023-12-01,656091.0,702701.0,678295.0,604374.0
2024-01-01,689488.0,722944.0,686677.0,611174.0
2024-02-01,651181.0,675717.0,650085.0,589301.0
2024-03-01,699046.0,735838.0,694855.0,619604.0
2024-04-01,701734.0,729964.0,680301.0,606788.0
2024-05-01,724073.0,778877.0,712849.0,634820.0
2024-06-01,622881.0,680555.0,642562.0,597174.0
2024-07-01,723625.0,802995.0,768810.0,695558.0
2024-08-01,687193.0,755101.0,714175.0,654551.0
2024-09-01,688037.0,716544.0,691137.0,616682.0
2024-10-01,719279.0,697796.0,655860.0,703491.0
2024-11-01,685688.0,710098.0,653706.0,693530.0
2024-12-01,660145.0,797531.0,640453.0,661096.0
2025-01-01,677034.0,740309.0,682901.0,653504.0
2025-02-01,653166.0,770264.0,716314.0,620564.0
2025-03-01,642909.0,670243.0,630742.0,571943.0
2025-04-01,682108.0,737061.0,789102.0,587385.0
2025-05-01,685591.0,702328.0,648454.0,604260.0
2025-06-01,686766.0,733603.0,688681.0,665071.0
2025-07-01,703057.0,749018.0,740385.0,692840.0
2025-08-01,687027.0,742350.0,716161.0,655870.0
2025-09-01,727529.0,766017.0,740289.0,644948.0
2025-10-01,798502.0,857554.0,785690.0,1170106.0
2025-11-01,695130.0,755710.0,698509.0,595839.0
2025-12-01,711566.0,792032.0,741305.0,633141.0
