K,rule,capture_SAE_mean,capture_SAE_lo95,capture_SAE_hi95,capture_state_model_mean
25,Routine administrative proxy (DHIS2 zero-dose x cohort),6.08,4.71,7.54,7.55
25,Prevalence only (SAE posterior mean rate),10.11,8.25,11.78,9.6
25,"Burden, state model (Method 1 expected children)",10.12,7.79,12.23,12.88
25,"Burden, SAE (Method 2 expected children)",12.99,10.69,15.19,9.36
25,Uncertainty-aware: probability of being in the top 155 (SAE),12.49,10.13,14.74,10.75
25,Uncertainty-aware: probability rate exceeds 50% (SAE),10.05,8.15,11.74,9.47
25,Precautionary: upper 95% limit of children (SAE),11.47,9.19,13.8,6.51
50,Routine administrative proxy (DHIS2 zero-dose x cohort),11.75,9.85,13.72,13.45
50,Prevalence only (SAE posterior mean rate),18.13,15.16,20.89,17.4
50,"Burden, state model (Method 1 expected children)",18.18,15.31,20.97,22.59
50,"Burden, SAE (Method 2 expected children)",23.17,20.19,26.17,16.7
50,Uncertainty-aware: probability of being in the top 155 (SAE),22.59,19.38,25.74,17.26
50,Uncertainty-aware: probability rate exceeds 50% (SAE),18.29,15.23,21.11,17.38
50,Precautionary: upper 95% limit of children (SAE),21.18,18.39,24.06,12.81
100,Routine administrative proxy (DHIS2 zero-dose x cohort),20.27,17.84,22.73,22.48
100,Prevalence only (SAE posterior mean rate),34.52,29.9,38.74,30.48
100,"Burden, state model (Method 1 expected children)",32.17,28.51,35.7,37.52
100,"Burden, SAE (Method 2 expected children)",39.58,35.79,43.18,28.84
100,Uncertainty-aware: probability of being in the top 155 (SAE),39.15,35.07,42.96,30.68
100,Uncertainty-aware: probability rate exceeds 50% (SAE),34.52,29.9,38.74,30.48
100,Precautionary: upper 95% limit of children (SAE),38.03,34.33,41.58,27.93
155,Routine administrative proxy (DHIS2 zero-dose x cohort),30.22,27.4,33.03,33.86
155,Prevalence only (SAE posterior mean rate),47.7,42.78,52.29,41.83
155,"Burden, state model (Method 1 expected children)",45.32,40.94,49.29,50.83
155,"Burden, SAE (Method 2 expected children)",54.22,49.56,58.57,42.7
155,Uncertainty-aware: probability of being in the top 155 (SAE),54.18,49.44,58.63,43.03
155,Uncertainty-aware: probability rate exceeds 50% (SAE),47.42,42.48,52.0,41.46
155,Precautionary: upper 95% limit of children (SAE),52.64,48.46,56.5,40.08
200,Routine administrative proxy (DHIS2 zero-dose x cohort),33.39,30.47,36.33,37.11
200,Prevalence only (SAE posterior mean rate),57.62,52.28,62.74,49.5
200,"Burden, state model (Method 1 expected children)",54.44,49.69,58.72,60.15
200,"Burden, SAE (Method 2 expected children)",63.76,58.74,68.29,52.11
200,Uncertainty-aware: probability of being in the top 155 (SAE),63.73,58.75,68.25,51.87
200,Uncertainty-aware: probability rate exceeds 50% (SAE),57.47,52.14,62.63,49.38
200,Precautionary: upper 95% limit of children (SAE),62.16,57.66,66.29,51.3
25,Oracle (true top-K known in each draw; upper bound),15.04,,,13.08
50,Oracle (true top-K known in each draw; upper bound),26.38,,,22.93
100,Oracle (true top-K known in each draw; upper bound),44.18,,,38.28
155,Oracle (true top-K known in each draw; upper bound),58.98,,,51.74
200,Oracle (true top-K known in each draw; upper bound),68.28,,,60.96
