Burden rank,State,LGA,Zero-dose children,Zero-dose rate (%),Equity tier,Equity index,Archetype,Priority flag
1,Kaduna,Kaduna North,29808,79.4,4,16.5,Conflict-Affected / Nomadic,
2,Kaduna,Kubau,23701,82.0,2,54.1,Remote Rural / Hard-to-Reach,TOP PRIORITY (high burden + high deprivation)
3,Kaduna,Zangon-Kataf,23115,70.4,3,38.4,Conflict-Affected / Nomadic,
4,Zamfara,Gusau,21873,99.0,2,58.9,Conflict-Affected / Nomadic,TOP PRIORITY (high burden + high deprivation)
5,Kaduna,Jema'a,18359,64.1,3,45.6,Peri-urban / Migrant Dense (transitional),
6,Bauchi,Gamawa,17940,57.2,2,67.6,Remote Rural / Hard-to-Reach,TOP PRIORITY (high burden + high deprivation)
7,Kebbi,Birnin Kebbi,17299,99.0,2,50.1,Remote Rural / Hard-to-Reach,TOP PRIORITY (high burden + high deprivation)
8,Bauchi,Misau,17214,59.7,2,53.8,Remote Rural / Hard-to-Reach,TOP PRIORITY (high burden + high deprivation)
9,Zamfara,Zurmi,16756,99.0,2,63.8,Conflict-Affected / Nomadic,TOP PRIORITY (high burden + high deprivation)
10,Zamfara,Maru,16708,99.0,2,65.9,Conflict-Affected / Nomadic,TOP PRIORITY (high burden + high deprivation)
11,Kaduna,Kachia,16390,63.1,3,42.1,Conflict-Affected / Nomadic,
12,Zamfara,Kaura Namoda,16266,99.0,2,61.2,Conflict-Affected / Nomadic,TOP PRIORITY (high burden + high deprivation)
13,Sokoto,Gada,15733,99.0,2,53.0,Conflict-Affected / Nomadic,TOP PRIORITY (high burden + high deprivation)
14,Kano,Bichi,15487,67.5,2,51.8,Remote Rural / Hard-to-Reach,TOP PRIORITY (high burden + high deprivation)
15,Kebbi,Bagudo,15331,99.0,2,55.7,Conflict-Affected / Nomadic,TOP PRIORITY (high burden + high deprivation)
16,Zamfara,Bungudu,14744,99.0,2,62.9,Conflict-Affected / Nomadic,TOP PRIORITY (high burden + high deprivation)
17,Kano,Dawakin Tofa,13498,66.5,2,53.1,Remote Rural / Hard-to-Reach,TOP PRIORITY (high burden + high deprivation)
18,Zamfara,Tsafe,13078,85.1,2,63.0,Conflict-Affected / Nomadic,TOP PRIORITY (high burden + high deprivation)
19,Sokoto,Gwadabawa,13006,88.0,2,53.7,Conflict-Affected / Nomadic,TOP PRIORITY (high burden + high deprivation)
20,Kebbi,Argungu,12896,99.0,2,54.9,Remote Rural / Hard-to-Reach,TOP PRIORITY (high burden + high deprivation)
21,Kebbi,Jega,12738,99.0,2,52.4,Remote Rural / Hard-to-Reach,TOP PRIORITY (high burden + high deprivation)
22,Katsina,Kankara,12681,70.4,2,58.2,Conflict-Affected / Nomadic,TOP PRIORITY (high burden + high deprivation)
23,Gombe,Funakaye,12652,56.8,3,46.0,Remote Rural / Hard-to-Reach,
24,Kano,Dawakin Kudu,12451,67.0,3,48.8,Remote Rural / Hard-to-Reach,
25,Zamfara,Bukkuyum,12332,99.0,2,64.8,Conflict-Affected / Nomadic,TOP PRIORITY (high burden + high deprivation)
26,Zamfara,Talata Mafara,12293,99.0,2,64.4,Conflict-Affected / Nomadic,TOP PRIORITY (high burden + high deprivation)
27,Kano,Tarauni,12224,66.9,3,27.4,Conflict-Affected / Nomadic,
28,Bauchi,Zaki,11932,57.1,2,61.0,Remote Rural / Hard-to-Reach,TOP PRIORITY (high burden + high deprivation)
29,Sokoto,Sabon Birni,11814,89.2,2,57.2,Conflict-Affected / Nomadic,TOP PRIORITY (high burden + high deprivation)
30,Kano,Gabasawa,11624,66.8,2,55.2,Remote Rural / Hard-to-Reach,TOP PRIORITY (high burden + high deprivation)
31,Sokoto,Goronyo,11502,99.0,2,58.6,Conflict-Affected / Nomadic,TOP PRIORITY (high burden + high deprivation)
32,Niger,Shiroro,11395,84.9,3,47.8,Conflict-Affected / Nomadic,
33,Jigawa,Dutse,11363,61.9,2,62.9,Remote Rural / Hard-to-Reach,TOP PRIORITY (high burden + high deprivation)
34,Zamfara,Maradun,11360,95.1,2,66.2,Conflict-Affected / Nomadic,TOP PRIORITY (high burden + high deprivation)
35,Gombe,Kwami,11357,62.5,2,60.2,Remote Rural / Hard-to-Reach,TOP PRIORITY (high burden + high deprivation)
36,Kano,Rogo,11301,60.3,2,58.7,Remote Rural / Hard-to-Reach,TOP PRIORITY (high burden + high deprivation)
37,Bauchi,Katagum,11224,34.8,2,58.5,Remote Rural / Hard-to-Reach,TOP PRIORITY (high burden + high deprivation)
38,Kano,Takai,11116,66.6,3,44.4,Remote Rural / Hard-to-Reach,
39,Katsina,Batsari,11037,71.8,2,64.9,Conflict-Affected / Nomadic,TOP PRIORITY (high burden + high deprivation)
40,Kano,Fagge,10958,66.4,3,31.5,Conflict-Affected / Nomadic,
41,Kaduna,Makarfi,10706,71.0,3,41.9,Remote Rural / Hard-to-Reach,
42,Jigawa,Jahun,10461,62.2,2,62.8,Remote Rural / Hard-to-Reach,TOP PRIORITY (high burden + high deprivation)
43,Bauchi,Itas/Gadau,10375,41.2,2,56.7,Remote Rural / Hard-to-Reach,TOP PRIORITY (high burden + high deprivation)
44,Niger,Suleja,10348,84.5,3,28.5,Peri-urban / Migrant Dense (transitional),
45,Sokoto,Wurno,10246,98.9,2,52.1,Conflict-Affected / Nomadic,TOP PRIORITY (high burden + high deprivation)
46,Katsina,Daura,10139,60.9,2,59.1,Remote Rural / Hard-to-Reach,TOP PRIORITY (high burden + high deprivation)
47,Katsina,Safana,9756,71.2,2,66.8,Conflict-Affected / Nomadic,TOP PRIORITY (high burden + high deprivation)
48,Niger,Chanchaga,9731,84.6,4,21.7,Conflict-Affected / Nomadic,
49,Kano,Bebeji,9712,61.4,2,55.3,Remote Rural / Hard-to-Reach,TOP PRIORITY (high burden + high deprivation)
50,Katsina,Malumfashi,9587,70.8,2,61.0,Conflict-Affected / Nomadic,TOP PRIORITY (high burden + high deprivation)
51,Katsina,Baure,9371,62.4,2,64.7,Remote Rural / Hard-to-Reach,TOP PRIORITY (high burden + high deprivation)
52,Jigawa,Kafin Hausa,9321,47.7,2,66.7,Remote Rural / Hard-to-Reach,TOP PRIORITY (high burden + high deprivation)
53,Katsina,Faskari,9315,64.8,2,63.8,Conflict-Affected / Nomadic,TOP PRIORITY (high burden + high deprivation)
54,Katsina,Batagarawa,9183,65.6,2,57.2,Remote Rural / Hard-to-Reach,TOP PRIORITY (high burden + high deprivation)
55,Bauchi,Shira,9177,35.6,2,60.7,Remote Rural / Hard-to-Reach,TOP PRIORITY (high burden + high deprivation)
56,Sokoto,Sokoto North,9037,60.8,3,28.4,Conflict-Affected / Nomadic,
57,Katsina,Kafur,9023,58.2,2,62.9,Conflict-Affected / Nomadic,TOP PRIORITY (high burden + high deprivation)
58,Niger,Bida,8935,84.6,3,48.9,Conflict-Affected / Nomadic,
59,Jigawa,Babura,8842,56.8,2,61.3,Remote Rural / Hard-to-Reach,TOP PRIORITY (high burden + high deprivation)
60,Jigawa,Ringim,8736,62.1,2,65.9,Remote Rural / Hard-to-Reach,TOP PRIORITY (high burden + high deprivation)
61,Niger,Magama,8704,84.2,2,57.6,Conflict-Affected / Nomadic,TOP PRIORITY (high burden + high deprivation)
62,Niger,Mashegu,8632,70.4,2,53.1,Conflict-Affected / Nomadic,TOP PRIORITY (high burden + high deprivation)
63,Niger,Rijau,8434,84.1,2,54.9,Conflict-Affected / Nomadic,TOP PRIORITY (high burden + high deprivation)
64,Sokoto,Rabah,8372,88.0,2,60.9,Conflict-Affected / Nomadic,TOP PRIORITY (high burden + high deprivation)
65,Gombe,Dukku,8323,42.8,2,58.0,Remote Rural / Hard-to-Reach,TOP PRIORITY (high burden + high deprivation)
66,Bauchi,Tafawa-Balewa,8317,34.1,2,53.8,Conflict-Affected / Nomadic,TOP PRIORITY (high burden + high deprivation)
67,Kaduna,Kaura,8254,45.9,3,45.0,Peri-urban / Migrant Dense (transitional),
68,Kano,Gwarzo,8240,54.4,2,52.8,Remote Rural / Hard-to-Reach,TOP PRIORITY (high burden + high deprivation)
69,Katsina,Kaita,7741,57.4,2,67.1,Remote Rural / Hard-to-Reach,TOP PRIORITY (high burden + high deprivation)
70,Kwara,Ilorin South,7726,60.5,3,28.8,Peri-urban / Migrant Dense (transitional),
71,Benue,Gboko,7719,54.5,3,45.0,Peri-urban / Migrant Dense (transitional),
72,Yobe,Jakusko,7335,59.6,2,69.3,Remote Rural / Hard-to-Reach,TOP PRIORITY (high burden + high deprivation)
73,Katsina,Jibia,7143,57.7,2,62.9,Conflict-Affected / Nomadic,TOP PRIORITY (high burden + high deprivation)
74,Kano,Bunkure,7101,49.4,3,44.3,Remote Rural / Hard-to-Reach,
75,Katsina,Dutsin-Ma,7048,56.1,2,61.9,Conflict-Affected / Nomadic,TOP PRIORITY (high burden + high deprivation)
76,Yobe,Fune,6886,43.0,2,68.4,Remote Rural / Hard-to-Reach,TOP PRIORITY (high burden + high deprivation)
77,Niger,Edati,6820,75.0,3,44.1,Conflict-Affected / Nomadic,
78,Nasarawa,Karu,6744,47.9,3,43.1,Peri-urban / Migrant Dense (transitional),
79,Sokoto,Tambuwal,6680,46.4,2,53.1,Remote Rural / Hard-to-Reach,TOP PRIORITY (high burden + high deprivation)
80,Kebbi,Koko/Besse,6665,66.2,2,56.9,Remote Rural / Hard-to-Reach,TOP PRIORITY (high burden + high deprivation)
81,Kano,Albasu,6593,42.6,2,57.7,Remote Rural / Hard-to-Reach,TOP PRIORITY (high burden + high deprivation)
82,Katsina,Danja,6577,70.8,2,60.9,Remote Rural / Hard-to-Reach,TOP PRIORITY (high burden + high deprivation)
83,Sokoto,Shagari,6574,65.7,2,55.9,Remote Rural / Hard-to-Reach,TOP PRIORITY (high burden + high deprivation)
84,Zamfara,Gummi,6563,55.1,2,63.6,Conflict-Affected / Nomadic,TOP PRIORITY (high burden + high deprivation)
85,Katsina,Rimi,6359,55.8,2,58.2,Remote Rural / Hard-to-Reach,TOP PRIORITY (high burden + high deprivation)
86,Niger,Agaie,6333,84.2,2,51.8,Conflict-Affected / Nomadic,TOP PRIORITY (high burden + high deprivation)
87,Niger,Kontagora,6252,72.2,3,44.3,Conflict-Affected / Nomadic,
88,Kebbi,Suru,6246,64.6,2,56.2,Remote Rural / Hard-to-Reach,TOP PRIORITY (high burden + high deprivation)
89,Sokoto,Isa,6195,64.6,2,59.7,Conflict-Affected / Nomadic,TOP PRIORITY (high burden + high deprivation)
90,Kano,Wudil,6173,39.7,2,58.1,Remote Rural / Hard-to-Reach,TOP PRIORITY (high burden + high deprivation)
91,Sokoto,Binji,6106,91.8,2,55.1,Conflict-Affected / Nomadic,TOP PRIORITY (high burden + high deprivation)
92,Jigawa,Maigatari,6021,46.5,2,62.1,Remote Rural / Hard-to-Reach,TOP PRIORITY (high burden + high deprivation)
93,Jigawa,Kiyawa,6015,47.6,2,62.8,Remote Rural / Hard-to-Reach,TOP PRIORITY (high burden + high deprivation)
94,Kebbi,Shanga,5976,72.3,2,55.9,Conflict-Affected / Nomadic,TOP PRIORITY (high burden + high deprivation)
95,Sokoto,Sokoto South,5875,46.6,3,34.1,Conflict-Affected / Nomadic,
96,Sokoto,Bodinga,5780,52.0,2,51.3,Remote Rural / Hard-to-Reach,TOP PRIORITY (high burden + high deprivation)
97,Sokoto,Silame,5774,86.5,3,48.4,Remote Rural / Hard-to-Reach,
98,Borno,Gwoza,5724,40.4,2,52.6,Conflict-Affected / Nomadic,TOP PRIORITY (high burden + high deprivation)
99,Kaduna,Kagarko,5670,23.0,3,46.8,Peri-urban / Migrant Dense (transitional),
100,Katsina,Mani,5654,43.3,2,61.8,Remote Rural / Hard-to-Reach,TOP PRIORITY (high burden + high deprivation)
101,Katsina,Charanchi,5650,55.7,2,63.2,Remote Rural / Hard-to-Reach,TOP PRIORITY (high burden + high deprivation)
102,Gombe,Balanga,5640,28.5,3,44.9,Conflict-Affected / Nomadic,
103,Kwara,Baruten,5611,44.5,2,50.7,Conflict-Affected / Nomadic,TOP PRIORITY (high burden + high deprivation)
104,Kwara,Ifelodun,5507,44.0,3,44.8,Peri-urban / Migrant Dense (transitional),
105,Sokoto,Gudu,5479,90.0,2,56.3,Conflict-Affected / Nomadic,TOP PRIORITY (high burden + high deprivation)
106,Sokoto,Yabo,5431,73.8,2,68.1,Remote Rural / Hard-to-Reach,TOP PRIORITY (high burden + high deprivation)
107,Kebbi,Zuru,5252,48.8,2,51.3,Conflict-Affected / Nomadic,TOP PRIORITY (high burden + high deprivation)
108,Kogi,Okehi,5202,42.3,3,42.3,Peri-urban / Migrant Dense (transitional),
109,Katsina,Mashi,5195,41.0,2,59.1,Remote Rural / Hard-to-Reach,TOP PRIORITY (high burden + high deprivation)
110,Taraba,Gassol,5155,37.8,2,59.6,Conflict-Affected / Nomadic,TOP PRIORITY (high burden + high deprivation)
111,Borno,Jere,5047,47.2,3,45.0,Conflict-Affected / Nomadic,
112,Nasarawa,Nasarawa,5036,41.3,2,50.1,Peri-urban / Migrant Dense (transitional),TOP PRIORITY (high burden + high deprivation)
113,Taraba,Wukari,4907,37.0,2,52.3,Conflict-Affected / Nomadic,TOP PRIORITY (high burden + high deprivation)
114,Kwara,Ilorin East,4840,38.2,3,33.4,Peri-urban / Migrant Dense (transitional),
115,Katsina,Mai'adua,4818,32.3,2,62.8,Remote Rural / Hard-to-Reach,TOP PRIORITY (high burden + high deprivation)
116,Niger,Rafi,4801,45.3,2,53.4,Conflict-Affected / Nomadic,TOP PRIORITY (high burden + high deprivation)
117,Adamawa,Yola South,4781,38.7,3,45.8,Conflict-Affected / Nomadic,
118,Adamawa,Song,4765,38.8,2,59.1,Conflict-Affected / Nomadic,TOP PRIORITY (high burden + high deprivation)
119,Benue,Makurdi,4760,40.4,3,38.7,Peri-urban / Migrant Dense (transitional),
120,Sokoto,Kebbe,4614,58.7,2,53.9,Remote Rural / Hard-to-Reach,TOP PRIORITY (high burden + high deprivation)
121,Kebbi,Kalgo,4364,79.0,2,53.0,Remote Rural / Hard-to-Reach,TOP PRIORITY (high burden + high deprivation)
122,Kebbi,Augie,4348,57.4,2,57.5,Conflict-Affected / Nomadic,TOP PRIORITY (high burden + high deprivation)
123,Sokoto,Tangaza,4301,58.7,2,59.5,Conflict-Affected / Nomadic,TOP PRIORITY (high burden + high deprivation)
124,Borno,Damboa,4297,36.0,2,59.1,Conflict-Affected / Nomadic,TOP PRIORITY (high burden + high deprivation)
125,Sokoto,Illela,4277,44.7,2,56.1,Conflict-Affected / Nomadic,TOP PRIORITY (high burden + high deprivation)
126,Yobe,Fika,4271,59.0,2,65.8,Remote Rural / Hard-to-Reach,TOP PRIORITY (high burden + high deprivation)
127,Kano,Makoda,4221,23.3,2,51.3,Remote Rural / Hard-to-Reach,TOP PRIORITY (high burden + high deprivation)
128,Oyo,Ibadan North East,4194,31.8,4,8.0,Urban Slums (better-off urban core),
129,Adamawa,Jada,4171,39.3,2,56.4,Conflict-Affected / Nomadic,TOP PRIORITY (high burden + high deprivation)
130,Niger,Bosso,4136,49.0,3,43.5,Conflict-Affected / Nomadic,
131,Bauchi,Jama'are,4116,31.8,2,53.8,Remote Rural / Hard-to-Reach,TOP PRIORITY (high burden + high deprivation)
132,Yobe,Nguru,4045,50.7,2,56.5,Remote Rural / Hard-to-Reach,TOP PRIORITY (high burden + high deprivation)
133,Taraba,Karim-Lamido,4034,37.4,2,59.7,Conflict-Affected / Nomadic,TOP PRIORITY (high burden + high deprivation)
134,Kebbi,Aleiro,4003,91.7,2,50.9,Remote Rural / Hard-to-Reach,TOP PRIORITY (high burden + high deprivation)
135,Borno,Bama,3974,28.7,2,50.5,Conflict-Affected / Nomadic,TOP PRIORITY (high burden + high deprivation)
136,Katsina,Zango,3968,34.4,2,54.4,Remote Rural / Hard-to-Reach,TOP PRIORITY (high burden + high deprivation)
137,Taraba,Bali,3933,33.5,2,63.1,Conflict-Affected / Nomadic,TOP PRIORITY (high burden + high deprivation)
138,Kebbi,Maiyama,3880,34.3,2,57.2,Remote Rural / Hard-to-Reach,TOP PRIORITY (high burden + high deprivation)
139,Plateau,Pankshin,3854,36.2,3,49.2,Peri-urban / Migrant Dense (transitional),
140,Katsina,Musawa,3833,30.5,2,65.4,Conflict-Affected / Nomadic,TOP PRIORITY (high burden + high deprivation)
141,Bauchi,Darazo,3827,13.9,2,60.1,Remote Rural / Hard-to-Reach,TOP PRIORITY (high burden + high deprivation)
142,Katsina,Sandamu,3820,37.7,2,59.7,Remote Rural / Hard-to-Reach,TOP PRIORITY (high burden + high deprivation)
143,Kogi,Olamaboro,3767,43.2,3,38.0,Peri-urban / Migrant Dense (transitional),
144,Borno,Ngala,3723,30.8,3,48.7,Conflict-Affected / Nomadic,
145,Plateau,Mangu,3705,22.0,3,48.9,Peri-urban / Migrant Dense (transitional),
146,Lagos,Ajeromi-Ifelodun,3703,14.2,4,7.9,Urban Slums (better-off urban core),
147,Kebbi,Gwandu,3701,37.7,2,55.4,Remote Rural / Hard-to-Reach,
148,Borno,Marte,3691,55.7,2,57.8,Conflict-Affected / Nomadic,
149,Lagos,Kosofe,3687,14.2,4,11.6,Urban Slums (better-off urban core),
150,Bauchi,Bogoro,3664,39.6,2,53.4,Conflict-Affected / Nomadic,
151,Katsina,Sabuwa,3657,35.1,2,56.4,Conflict-Affected / Nomadic,
152,Niger,Lapai,3641,54.6,3,44.1,Conflict-Affected / Nomadic,
153,Rivers,Abua - Odual,3615,29.9,3,31.7,Peri-urban / Migrant Dense (transitional),
154,Oyo,Ibadan South West,3559,31.6,4,15.2,Urban Slums (better-off urban core),
155,Bayelsa,Yenagoa,3557,25.5,3,26.9,Urban Slums (better-off urban core),
156,Sokoto,Dange Shuni,3551,28.8,2,57.5,Conflict-Affected / Nomadic,
157,Kebbi,Yauri,3545,54.2,2,52.5,Conflict-Affected / Nomadic,
158,Borno,Askira/Uba,3544,48.3,2,57.9,Conflict-Affected / Nomadic,
159,Kogi,Bassa,3518,45.8,3,41.9,Peri-urban / Migrant Dense (transitional),
160,Rivers,Khana,3511,28.0,3,26.6,Urban Slums (better-off urban core),
161,Lagos,Mushin,3503,14.6,4,4.2,Urban Slums (better-off urban core),
162,Oyo,Egbeda,3472,30.7,4,21.5,Peri-urban / Migrant Dense (transitional),
163,Adamawa,Ganye,3452,32.2,2,57.9,Conflict-Affected / Nomadic,
164,Borno,Konduga,3448,42.8,3,47.3,Conflict-Affected / Nomadic,
165,Adamawa,Michika,3425,35.0,2,56.6,Conflict-Affected / Nomadic,
166,Bauchi,Dass,3421,34.4,2,53.7,Conflict-Affected / Nomadic,
167,Kano,Doguwa,3419,27.5,3,43.8,Remote Rural / Hard-to-Reach,
168,Gombe,Nafada,3405,25.9,2,52.3,Remote Rural / Hard-to-Reach,
169,Kogi,Ofu,3380,32.1,3,38.1,Peri-urban / Migrant Dense (transitional),
170,Sokoto,Tureta,3348,76.7,2,59.1,Conflict-Affected / Nomadic,
171,Bauchi,Warji,3344,26.4,2,62.0,Remote Rural / Hard-to-Reach,
172,Abia,Aba South,3332,16.6,4,11.1,Urban Slums (better-off urban core),
173,Kebbi,Dandi,3331,35.0,2,60.8,Remote Rural / Hard-to-Reach,
174,Anambra,Idemili North,3311,19.9,4,14.7,Urban Slums (better-off urban core),
175,Kebbi,Bunza,3292,41.0,2,55.4,Remote Rural / Hard-to-Reach,
176,Plateau,Bokkos,3275,32.6,3,45.8,Peri-urban / Migrant Dense (transitional),
177,Niger,Paikoro,3271,36.3,2,50.4,Conflict-Affected / Nomadic,
178,Kogi,Lokoja,3271,30.3,3,41.8,Peri-urban / Migrant Dense (transitional),
179,Yobe,Geidam,3258,39.5,2,65.7,Conflict-Affected / Nomadic,
180,Benue,Ushongo,3213,42.7,3,48.8,Peri-urban / Migrant Dense (transitional),
181,Kogi,Ibaji,3199,45.6,3,40.4,Conflict-Affected / Nomadic,
182,Kogi,Igalamela-Odolu,3192,39.5,3,36.2,Peri-urban / Migrant Dense (transitional),
183,Rivers,Ogba - Egbema - Ndoni,3080,25.4,3,44.4,Peri-urban / Migrant Dense (transitional),
184,Oyo,Iseyin,3066,30.1,3,44.6,Peri-urban / Migrant Dense (transitional),
185,Kebbi,Ngaski,3062,37.3,2,58.2,Conflict-Affected / Nomadic,
186,Edo,Ikpoba-Okha,3057,18.4,3,29.0,Urban Slums (better-off urban core),
187,Borno,Gubio,3039,39.2,2,53.9,Conflict-Affected / Nomadic,
188,Katsina,Ingawa,3039,24.3,2,62.9,Remote Rural / Hard-to-Reach,
189,Borno,Monguno,3037,54.0,2,56.4,Conflict-Affected / Nomadic,
190,Sokoto,Kware,3014,35.2,2,52.9,Conflict-Affected / Nomadic,
191,Kano,Minjibir,2990,16.5,3,41.0,Remote Rural / Hard-to-Reach,
192,Kano,Tofa,2986,36.8,2,54.0,Remote Rural / Hard-to-Reach,
193,Kogi,Kogi,2977,47.0,3,44.2,Peri-urban / Migrant Dense (transitional),
194,Katsina,Dutsi,2961,33.1,2,50.4,Remote Rural / Hard-to-Reach,
195,Katsina,Dan Musa,2954,35.3,2,65.7,Conflict-Affected / Nomadic,
196,Plateau,Riyom,2943,39.8,3,47.1,Peri-urban / Migrant Dense (transitional),
197,Bauchi,Kirfi,2924,18.2,2,59.5,Remote Rural / Hard-to-Reach,
198,Katsina,Kankia,2907,25.9,2,55.4,Remote Rural / Hard-to-Reach,
199,Plateau,Kanke,2900,41.6,2,56.4,Conflict-Affected / Nomadic,
200,Edo,Oredo,2886,17.2,4,21.9,Urban Slums (better-off urban core),
201,Ondo,Ifedore,2876,32.4,3,29.0,Peri-urban / Migrant Dense (transitional),
202,Oyo,Ibadan South East,2866,27.0,4,10.3,Urban Slums (better-off urban core),
203,Delta,Warri South,2856,23.5,2,60.8,Riverine / Geographically Isolated,
204,Ekiti,Ado Ekiti,2850,20.4,4,19.8,Urban Slums (better-off urban core),
205,Rivers,Etche,2849,26.6,3,33.9,Urban Slums (better-off urban core),
206,Adamawa,Mayo-Belwa,2846,29.6,2,57.9,Conflict-Affected / Nomadic,
207,Ondo,Akoko South West,2840,24.7,3,30.3,Urban Slums (better-off urban core),
208,Oyo,Saki West,2835,26.0,2,51.8,Peri-urban / Migrant Dense (transitional),
209,Borno,Abadam,2817,55.0,2,58.1,Conflict-Affected / Nomadic,
210,Rivers,Gokana,2817,28.1,3,25.6,Peri-urban / Migrant Dense (transitional),
211,Kano,Warawa,2816,25.9,2,50.4,Remote Rural / Hard-to-Reach,
212,Plateau,Bassa,2808,26.4,3,49.3,Peri-urban / Migrant Dense (transitional),
213,Benue,Ukum,2805,33.0,3,48.5,Peri-urban / Migrant Dense (transitional),
214,Adamawa,Demsa,2797,24.9,2,56.7,Conflict-Affected / Nomadic,
215,Plateau,Barkin Ladi,2792,27.7,3,45.0,Peri-urban / Migrant Dense (transitional),
216,Kwara,Irepodun,2788,30.9,3,33.5,Peri-urban / Migrant Dense (transitional),
217,Delta,Ughelli North,2777,22.2,3,28.6,Urban Slums (better-off urban core),
218,Kebbi,Sakaba,2771,46.4,2,58.5,Conflict-Affected / Nomadic,
219,Plateau,Jos South,2763,15.8,3,35.7,Peri-urban / Migrant Dense (transitional),
220,Kwara,Oyun,2712,47.0,3,36.3,Peri-urban / Migrant Dense (transitional),
221,Kebbi,Fakai,2707,34.8,2,59.5,Remote Rural / Hard-to-Reach,
222,Kwara,Edu,2698,21.9,3,44.1,Conflict-Affected / Nomadic,
223,Kogi,Omala,2682,45.2,3,42.6,Peri-urban / Migrant Dense (transitional),
224,Kogi,Ajaokuta,2679,39.8,3,38.8,Peri-urban / Migrant Dense (transitional),
225,Rivers,Okrika,2678,28.1,3,41.8,Riverine / Geographically Isolated,
226,Gombe,Billiri,2676,14.1,2,51.4,Conflict-Affected / Nomadic,
227,Jigawa,Malam Madori,2658,22.0,2,66.6,Remote Rural / Hard-to-Reach,
228,Kwara,Pategi,2658,39.3,3,44.6,Conflict-Affected / Nomadic,
229,Kogi,Ankpa,2655,18.1,3,37.1,Peri-urban / Migrant Dense (transitional),
230,Benue,Ado,2652,36.7,2,56.9,Peri-urban / Migrant Dense (transitional),
231,Rivers,Andoni,2636,28.2,3,32.3,Peri-urban / Migrant Dense (transitional),
232,Benue,Konshisha,2627,29.6,3,49.0,Peri-urban / Migrant Dense (transitional),
233,Kogi,Yagba East,2599,32.0,3,41.3,Peri-urban / Migrant Dense (transitional),
234,Kano,Garum Mallam,2593,26.5,2,69.9,Remote Rural / Hard-to-Reach,
235,Kwara,Offa,2581,47.5,4,23.1,Peri-urban / Migrant Dense (transitional),
236,Kano,Kabo,2537,20.1,3,42.2,Remote Rural / Hard-to-Reach,
237,Katsina,Bindawa,2527,22.6,2,56.8,Remote Rural / Hard-to-Reach,
238,Jigawa,Yankwashi,2526,36.1,2,58.3,Remote Rural / Hard-to-Reach,
239,Ondo,Owo,2524,22.5,3,33.5,Peri-urban / Migrant Dense (transitional),
240,Adamawa,Mubi North,2524,26.4,2,51.8,Conflict-Affected / Nomadic,
241,Lagos,Agege,2513,14.3,4,6.5,Urban Slums (better-off urban core),
242,Yobe,Bade,2492,33.6,2,67.0,Remote Rural / Hard-to-Reach,
243,Jigawa,Guri,2485,30.0,2,63.1,Remote Rural / Hard-to-Reach,
244,Plateau,Langtang North,2481,31.1,2,53.3,Conflict-Affected / Nomadic,
245,Benue,Vandeikya,2479,27.0,3,47.8,Peri-urban / Migrant Dense (transitional),
246,Niger,Gurara,2468,47.7,3,43.0,Conflict-Affected / Nomadic,
247,Kogi,Kabba/Bunu,2467,31.0,3,40.8,Peri-urban / Migrant Dense (transitional),
248,Rivers,Degema,2452,22.9,2,51.4,Riverine / Geographically Isolated,
249,Kano,Rimin Gado,2449,28.8,2,56.0,Remote Rural / Hard-to-Reach,
250,Jigawa,Garki,2430,22.1,2,65.8,Remote Rural / Hard-to-Reach,
251,Enugu,Nsukka,2420,19.0,3,33.2,Urban Slums (better-off urban core),
252,Kano,Kura,2417,20.5,3,48.6,Remote Rural / Hard-to-Reach,
253,Plateau,Langtang South,2397,40.7,2,51.0,Conflict-Affected / Nomadic,
254,Ondo,Akoko North West,2393,22.4,3,31.0,Urban Slums (better-off urban core),
255,Katsina,Kurfi,2383,27.6,2,61.6,Conflict-Affected / Nomadic,
256,Niger,Wushishi,2377,51.1,3,48.6,Conflict-Affected / Nomadic,
257,Kano,Kunchi,2359,26.0,2,55.1,Remote Rural / Hard-to-Reach,
258,Ogun,Ipokia,2350,26.2,3,41.6,Peri-urban / Migrant Dense (transitional),
259,Kano,Bagwai,2347,17.6,2,56.0,Remote Rural / Hard-to-Reach,
260,Kano,Madobi,2337,20.6,2,54.7,Remote Rural / Hard-to-Reach,
261,Kano,Kibiya,2335,20.4,2,58.2,Remote Rural / Hard-to-Reach,
262,Lagos,Ifako-Ijaye,2334,14.4,4,8.6,Urban Slums (better-off urban core),
263,Kwara,Kaiama,2314,30.6,2,56.5,Conflict-Affected / Nomadic,
264,Benue,Kwande,2304,23.6,3,49.5,Peri-urban / Migrant Dense (transitional),
265,Plateau,Wase,2295,25.6,3,49.7,Conflict-Affected / Nomadic,
266,Benue,Okpokwu,2281,33.2,3,48.0,Peri-urban / Migrant Dense (transitional),
267,Kogi,Ijumu,2273,34.9,3,38.8,Peri-urban / Migrant Dense (transitional),
268,Kwara,Moro,2257,34.0,3,43.8,Peri-urban / Migrant Dense (transitional),
269,Plateau,Mikang,2223,41.1,2,52.3,Conflict-Affected / Nomadic,
270,Jigawa,Auyo,2210,22.8,2,62.0,Remote Rural / Hard-to-Reach,
271,Jigawa,Gagarawa,2205,36.7,2,65.8,Remote Rural / Hard-to-Reach,
272,Oyo,Ona-Ara,2198,20.8,3,37.2,Peri-urban / Migrant Dense (transitional),
273,Akwa Ibom,Uyo,2191,21.5,4,19.8,Urban Slums (better-off urban core),
274,Nasarawa,Toto,2187,28.2,2,51.2,Peri-urban / Migrant Dense (transitional),
275,Ogun,Abeokuta North,2184,18.4,3,36.4,Peri-urban / Migrant Dense (transitional),
276,Lagos,Shomolu,2173,14.2,4,7.1,Urban Slums (better-off urban core),
277,Niger,Katcha,2166,31.4,2,56.8,Conflict-Affected / Nomadic,
278,Katsina,Kusada,2150,29.5,2,60.1,Remote Rural / Hard-to-Reach,
279,Rivers,Ahoada West,2148,20.1,3,33.5,Urban Slums (better-off urban core),
280,Nasarawa,Akwanga,2139,29.3,3,45.4,Peri-urban / Migrant Dense (transitional),
281,Ondo,Ose,2132,29.4,3,39.1,Peri-urban / Migrant Dense (transitional),
282,Taraba,Jalingo,2126,27.2,3,47.5,Conflict-Affected / Nomadic,
283,Gombe,Kaltungo,2114,14.1,3,47.1,Conflict-Affected / Nomadic,
284,Kano,Gaya,2113,12.4,2,50.4,Remote Rural / Hard-to-Reach,
285,Jigawa,Gwiwa,2111,22.4,2,58.1,Remote Rural / Hard-to-Reach,
286,Kwara,Asa,2107,27.7,3,44.6,Peri-urban / Migrant Dense (transitional),
287,Anambra,Anaocha,2103,19.2,4,16.0,Urban Slums (better-off urban core),
288,Jigawa,Gumel,2079,26.7,2,59.3,Remote Rural / Hard-to-Reach,
289,Kwara,Isin,2064,56.8,3,41.4,Peri-urban / Migrant Dense (transitional),
290,Jigawa,Kaugama,2062,21.9,2,67.4,Remote Rural / Hard-to-Reach,
291,Plateau,Jos East,2054,41.5,3,48.3,Peri-urban / Migrant Dense (transitional),
292,Niger,Tafa,2049,42.9,3,29.5,Peri-urban / Migrant Dense (transitional),
293,Oyo,Oluyole,2038,25.1,3,30.2,Peri-urban / Migrant Dense (transitional),
294,Borno,Kukawa,2035,19.6,2,53.6,Conflict-Affected / Nomadic,
295,Jigawa,Hadejia,2032,26.6,2,55.0,Remote Rural / Hard-to-Reach,
296,Bauchi,Giade,2021,11.8,2,57.6,Remote Rural / Hard-to-Reach,
297,Benue,Oju,2018,30.6,3,49.6,Peri-urban / Migrant Dense (transitional),
298,Anambra,Aguata,2014,14.1,4,17.0,Urban Slums (better-off urban core),
299,Ondo,Akoko North East,2005,22.2,3,29.9,Urban Slums (better-off urban core),
300,Jigawa,Taura,2002,20.8,2,65.8,Remote Rural / Hard-to-Reach,
301,Kogi,Yagba West,1998,26.0,3,42.9,Peri-urban / Migrant Dense (transitional),
302,Jigawa,Kazaure,1997,16.9,2,57.3,Remote Rural / Hard-to-Reach,
303,Katsina,Matazu,1968,23.4,2,63.9,Conflict-Affected / Nomadic,
304,Ogun,Ijebu Ode,1956,20.8,3,27.7,Urban Slums (better-off urban core),
305,Oyo,Ogbomosho North,1952,24.6,3,37.3,Peri-urban / Migrant Dense (transitional),
306,Niger,Muya,1932,32.8,2,52.9,Conflict-Affected / Nomadic,
307,Cross River,Akpabuyo,1927,19.5,3,46.8,Peri-urban / Migrant Dense (transitional),
308,Taraba,Donga,1901,25.7,2,58.6,Conflict-Affected / Nomadic,
309,Kano,Karaye,1900,16.0,2,53.2,Remote Rural / Hard-to-Reach,
310,Bayelsa,Ekeremor,1889,17.7,2,51.8,Riverine / Geographically Isolated,
311,Ogun,Obafemi-Owode,1888,13.4,3,37.9,Peri-urban / Migrant Dense (transitional),
312,Kwara,Oke-Ero,1887,54.3,3,35.0,Peri-urban / Migrant Dense (transitional),
313,Anambra,Ihiala,1884,16.1,4,23.2,Urban Slums (better-off urban core),
314,Yobe,Gulani,1884,34.4,2,57.5,Remote Rural / Hard-to-Reach,
315,Enugu,Enugu North,1870,18.7,4,19.4,Urban Slums (better-off urban core),
316,Kwara,Ekiti,1846,55.6,3,35.3,Peri-urban / Migrant Dense (transitional),
317,Enugu,Igbo-Eze North,1842,17.2,3,39.8,Peri-urban / Migrant Dense (transitional),
318,Delta,Ethiope East,1839,23.5,3,25.6,Urban Slums (better-off urban core),
319,Kano,Shanono,1818,15.9,2,58.1,Remote Rural / Hard-to-Reach,
320,Benue,Buruku,1791,22.2,3,47.0,Peri-urban / Migrant Dense (transitional),
321,Lagos,Amuwo-Odofin,1769,14.2,4,14.7,Urban Slums (better-off urban core),
322,Jigawa,Roni,1762,31.1,2,61.0,Remote Rural / Hard-to-Reach,
323,Ogun,Odogbolu,1744,23.2,3,29.6,Urban Slums (better-off urban core),
324,Ogun,Ijebu North,1743,10.4,3,37.1,Peri-urban / Migrant Dense (transitional),
325,Ogun,Abeokuta South,1734,11.6,3,25.9,Urban Slums (better-off urban core),
326,Nasarawa,Keana,1724,32.3,3,46.6,Peri-urban / Migrant Dense (transitional),
327,Jigawa,Miga,1717,18.4,2,62.1,Remote Rural / Hard-to-Reach,
328,Lagos,Lagos Mainland,1708,13.8,4,5.6,Urban Slums (better-off urban core),
329,Nasarawa,Kokona,1688,23.9,3,49.9,Peri-urban / Migrant Dense (transitional),
330,Ogun,Ijebu East,1676,25.7,3,42.4,Peri-urban / Migrant Dense (transitional),
331,Ogun,Sagamu,1673,11.0,3,25.5,Urban Slums (better-off urban core),
332,Ogun,Ikenne,1657,23.3,3,33.6,Urban Slums (better-off urban core),
333,Nasarawa,Doma,1654,18.2,3,48.2,Peri-urban / Migrant Dense (transitional),
334,Ondo,Ese-Odo,1650,20.7,3,43.4,Peri-urban / Migrant Dense (transitional),
335,Benue,Guma,1647,21.6,3,49.4,Peri-urban / Migrant Dense (transitional),
336,Plateau,Kanam,1636,17.4,2,57.1,Conflict-Affected / Nomadic,
337,Bayelsa,Brass,1627,22.3,2,54.4,Riverine / Geographically Isolated,
338,Borno,Magumeri,1617,22.5,3,47.5,Conflict-Affected / Nomadic,
339,Ondo,Ile-Oluji-Okeigbo,1615,18.6,3,34.4,Peri-urban / Migrant Dense (transitional),
340,Ogun,Odeda,1613,24.6,3,41.4,Peri-urban / Migrant Dense (transitional),
341,Taraba,Kurmi,1609,31.7,2,64.9,Riverine / Geographically Isolated,
342,Kano,Ajingi,1583,11.1,2,54.8,Remote Rural / Hard-to-Reach,
343,Nasarawa,Obi,1574,16.2,3,44.5,Peri-urban / Migrant Dense (transitional),
344,Kogi,Idah,1572,35.8,3,36.6,Peri-urban / Migrant Dense (transitional),
345,Borno,Mafa,1552,29.3,2,52.4,Conflict-Affected / Nomadic,
346,Oyo,Akinyele,1551,18.4,3,36.5,Urban Slums (better-off urban core),
347,Delta,Isoko South,1544,16.8,3,30.1,Urban Slums (better-off urban core),
348,Nasarawa,Wamba,1542,32.6,3,42.2,Conflict-Affected / Nomadic,
349,Delta,Ethiope West,1535,19.4,3,26.6,Urban Slums (better-off urban core),
350,Kaduna,Jaba,1528,9.5,3,41.0,Conflict-Affected / Nomadic,
351,Yobe,Yunusari,1520,22.8,2,67.2,Conflict-Affected / Nomadic,
352,Kaduna,Kajuru,1514,13.4,2,50.8,Conflict-Affected / Nomadic,
353,Ondo,Irele,1505,20.7,3,39.6,Peri-urban / Migrant Dense (transitional),
354,Ebonyi,Onicha,1499,12.8,3,35.0,Peri-urban / Migrant Dense (transitional),
355,Ekiti,Ijero,1496,15.2,3,28.6,Peri-urban / Migrant Dense (transitional),
356,Ondo,Idanre,1495,22.8,3,40.7,Peri-urban / Migrant Dense (transitional),
357,Lagos,Eti-Osa,1479,13.7,4,16.0,Urban Slums (better-off urban core),
358,Yobe,Gujba,1478,21.5,2,64.8,Conflict-Affected / Nomadic,
359,Yobe,Karasuwa,1469,26.3,2,65.6,Remote Rural / Hard-to-Reach,
360,Kano,Tsanyawa,1439,11.1,2,59.8,Remote Rural / Hard-to-Reach,
361,Kano,Garko,1435,10.8,2,55.8,Remote Rural / Hard-to-Reach,
362,Borno,Kala/Balge,1425,45.8,2,56.3,Conflict-Affected / Nomadic,
363,Cross River,Yakurr,1419,20.0,3,48.7,Peri-urban / Migrant Dense (transitional),
364,Enugu,Awgu,1406,17.3,3,36.4,Peri-urban / Migrant Dense (transitional),
365,Enugu,Enugu East,1402,12.3,3,25.3,Urban Slums (better-off urban core),
366,Ondo,Okitipupa,1380,11.7,3,36.9,Peri-urban / Migrant Dense (transitional),
367,Ebonyi,Izzi,1367,11.6,2,55.3,Peri-urban / Migrant Dense (transitional),
368,Ogun,Ogun Waterside,1363,30.8,3,45.5,Peri-urban / Migrant Dense (transitional),
369,Ogun,Imeko Afon,1359,27.4,3,45.2,Peri-urban / Migrant Dense (transitional),
370,Benue,Katsina-Ala,1347,15.2,2,51.5,Peri-urban / Migrant Dense (transitional),
371,Nasarawa,Awe,1334,18.1,2,52.9,Conflict-Affected / Nomadic,
372,Enugu,Igbo-Etiti,1318,15.3,3,38.9,Peri-urban / Migrant Dense (transitional),
373,Oyo,Kajola,1310,16.4,3,38.7,Peri-urban / Migrant Dense (transitional),
374,Taraba,Ussa,1305,25.8,3,48.7,Peri-urban / Migrant Dense (transitional),
375,Edo,Orhionmwon,1292,15.7,3,34.4,Peri-urban / Migrant Dense (transitional),
376,Benue,Ogbadibo,1289,25.1,3,43.9,Peri-urban / Migrant Dense (transitional),
377,Cross River,Odukpani,1278,18.3,3,46.3,Peri-urban / Migrant Dense (transitional),
378,Imo,Isiala-Mbano,1275,15.6,4,21.7,Urban Slums (better-off urban core),
379,Kogi,Mopa-Muro,1271,52.8,3,42.4,Peri-urban / Migrant Dense (transitional),
380,Ondo,Ondo West,1269,8.7,3,33.6,Peri-urban / Migrant Dense (transitional),
381,Borno,Dikwa,1262,23.5,2,51.4,Conflict-Affected / Nomadic,
382,Abia,Ohafia,1258,10.9,3,31.9,Urban Slums (better-off urban core),
383,Ondo,Akoko South East,1244,29.9,3,31.4,Peri-urban / Migrant Dense (transitional),
384,Taraba,Ibi,1244,26.6,2,58.0,Conflict-Affected / Nomadic,
385,Taraba,Yorro,1242,24.8,2,58.1,Conflict-Affected / Nomadic,
386,Taraba,Ardo-Kola,1236,25.3,2,52.3,Conflict-Affected / Nomadic,
387,Kano,Rano,1235,10.1,2,56.2,Remote Rural / Hard-to-Reach,
388,Cross River,Calabar South,1232,17.8,3,35.5,Peri-urban / Migrant Dense (transitional),
389,Taraba,Gashaka,1231,25.4,2,72.1,Riverine / Geographically Isolated,
390,Ogun,Ijebu North East,1219,29.7,3,29.0,Peri-urban / Migrant Dense (transitional),
391,Jigawa,Buji,1213,17.1,2,65.0,Remote Rural / Hard-to-Reach,
392,Yobe,Yusufari,1206,20.6,2,71.1,Remote Rural / Hard-to-Reach,
393,Yobe,Machina,1203,37.2,2,67.2,Remote Rural / Hard-to-Reach,
394,Benue,Logo,1196,18.0,2,50.2,Peri-urban / Migrant Dense (transitional),
395,Kogi,Ogori/Magongo,1195,54.6,3,32.8,Peri-urban / Migrant Dense (transitional),
396,Cross River,Yala,1192,15.6,3,36.2,Peri-urban / Migrant Dense (transitional),
397,Borno,Mobbar,1175,19.7,2,50.4,Conflict-Affected / Nomadic,
398,Taraba,Zing,1172,16.5,2,52.9,Conflict-Affected / Nomadic,
399,Adamawa,Gombi,1171,12.6,2,54.5,Conflict-Affected / Nomadic,
400,Adamawa,Numan,1169,20.3,2,58.9,Conflict-Affected / Nomadic,
401,Taraba,Takum,1159,15.5,2,54.3,Peri-urban / Migrant Dense (transitional),
402,Enugu,Udenu,1153,15.6,3,35.9,Peri-urban / Migrant Dense (transitional),
403,Rivers,Bonny,1153,12.5,3,34.4,Peri-urban / Migrant Dense (transitional),
404,Ondo,Akure North,1153,17.5,3,28.3,Urban Slums (better-off urban core),
405,Lagos,Apapa,1152,13.6,4,14.4,Urban Slums (better-off urban core),
406,Ondo,Ondo East,1149,30.0,3,38.3,Peri-urban / Migrant Dense (transitional),
407,Yobe,Damaturu,1138,24.5,2,54.9,Conflict-Affected / Nomadic,
408,Anambra,Awka South,1126,15.4,4,17.3,Urban Slums (better-off urban core),
409,Jigawa,Sule Tankarkar,1124,11.4,2,64.8,Remote Rural / Hard-to-Reach,
410,Rivers,Akuku Toru,1099,15.9,2,52.6,Riverine / Geographically Isolated,
411,Ogun,Remo North,1090,30.5,3,32.4,Peri-urban / Migrant Dense (transitional),
412,Anambra,Ogbaru,1087,12.6,3,32.1,Urban Slums (better-off urban core),
413,Adamawa,Madagali,1075,12.6,2,54.3,Conflict-Affected / Nomadic,
414,Borno,Kwaya Kusar,1066,36.7,3,50.0,Conflict-Affected / Nomadic,
415,Lagos,Badagry,1062,11.8,3,30.0,Urban Slums (better-off urban core),
416,Akwa Ibom,Essien Udim,1061,16.5,3,30.4,Peri-urban / Migrant Dense (transitional),
417,Benue,Apa,1052,27.7,3,42.7,Peri-urban / Migrant Dense (transitional),
418,Benue,Agatu,1028,22.7,3,46.2,Peri-urban / Migrant Dense (transitional),
419,Oyo,Surulere,1027,18.4,3,40.1,Peri-urban / Migrant Dense (transitional),
420,Osun,Ife East,1019,14.2,3,34.1,Peri-urban / Migrant Dense (transitional),
421,Ogun,Ewekoro,1015,30.8,3,34.9,Peri-urban / Migrant Dense (transitional),
422,Cross River,Boki,1015,15.0,2,55.6,Riverine / Geographically Isolated,
423,Benue,Obi,1013,26.2,3,45.6,Peri-urban / Migrant Dense (transitional),
424,Yobe,Nangere,1012,21.8,2,64.4,Remote Rural / Hard-to-Reach,
425,Benue,Tarka,1010,32.5,3,45.9,Peri-urban / Migrant Dense (transitional),
426,Borno,Kaga,1010,21.9,2,57.3,Conflict-Affected / Nomadic,
427,Nasarawa,Keffi,949,15.7,3,38.7,Peri-urban / Migrant Dense (transitional),
428,Oyo,Ogbomosho South,945,23.6,3,36.3,Peri-urban / Migrant Dense (transitional),
429,Bayelsa,Southern Ijaw,945,7.4,2,53.2,Riverine / Geographically Isolated,
430,Oyo,Ori Ire,941,15.8,3,47.5,Peri-urban / Migrant Dense (transitional),
431,Oyo,Ibarapa North,907,22.7,3,45.6,Peri-urban / Migrant Dense (transitional),
432,Delta,Burutu,899,11.1,3,45.8,Riverine / Geographically Isolated,
433,Oyo,Ibarapa Central,893,21.7,3,41.8,Peri-urban / Migrant Dense (transitional),
434,Oyo,Atisbo,878,20.0,3,45.7,Conflict-Affected / Nomadic,
435,Enugu,Udi,866,8.8,3,35.3,Peri-urban / Migrant Dense (transitional),
436,Oyo,Saki East,855,19.7,3,47.6,Peri-urban / Migrant Dense (transitional),
437,Edo,Owan East,842,12.2,3,37.7,Peri-urban / Migrant Dense (transitional),
438,Oyo,Olorunsogo,838,25.9,3,46.6,Peri-urban / Migrant Dense (transitional),
439,Abia,Umuahia North,833,8.0,4,17.0,Urban Slums (better-off urban core),
440,Taraba,Lau,831,15.7,2,56.1,Conflict-Affected / Nomadic,
441,Lagos,Lagos Island,820,10.1,4,9.2,Urban Slums (better-off urban core),
442,Benue,Gwer East,819,12.4,3,46.1,Peri-urban / Migrant Dense (transitional),
443,Oyo,Irepo,795,16.5,2,52.4,Peri-urban / Migrant Dense (transitional),
444,Adamawa,Guyuk,793,7.1,2,52.0,Conflict-Affected / Nomadic,
445,Nasarawa,Nasarawa-Eggon,789,8.2,3,47.1,Peri-urban / Migrant Dense (transitional),
446,Benue,Ohimini,780,28.1,3,40.9,Peri-urban / Migrant Dense (transitional),
447,Edo,Esan South East,779,10.5,3,34.3,Peri-urban / Migrant Dense (transitional),
448,Oyo,Iwajowa,775,18.9,3,49.7,Peri-urban / Migrant Dense (transitional),
449,Oyo,Oyo West,756,13.9,3,36.5,Peri-urban / Migrant Dense (transitional),
450,Adamawa,Lamurde,754,10.8,2,58.5,Conflict-Affected / Nomadic,
451,Oyo,Afijio,748,14.2,3,35.0,Peri-urban / Migrant Dense (transitional),
452,Oyo,Ido,748,18.0,3,41.6,Peri-urban / Migrant Dense (transitional),
453,Adamawa,Mubi South,748,9.1,3,48.2,Conflict-Affected / Nomadic,
454,Anambra,Ayamelum,747,12.2,3,35.9,Urban Slums (better-off urban core),
455,Anambra,Orumba South,739,10.4,3,28.3,Urban Slums (better-off urban core),
456,Adamawa,Maiha,731,10.5,2,50.2,Conflict-Affected / Nomadic,
457,Oyo,Itesiwaju,730,14.4,2,50.3,Peri-urban / Migrant Dense (transitional),
458,Ekiti,Ikole,724,9.6,3,31.5,Peri-urban / Migrant Dense (transitional),
459,Oyo,Oyo East,723,14.6,3,36.5,Peri-urban / Migrant Dense (transitional),
460,Edo,Etsako East,721,10.9,3,37.3,Urban Slums (better-off urban core),
461,Delta,Ika North East,721,10.1,3,27.0,Urban Slums (better-off urban core),
462,Imo,Ikeduru,721,11.7,4,23.2,Urban Slums (better-off urban core),
463,Delta,Warri South West,719,15.8,2,57.6,Riverine / Geographically Isolated,
464,Rivers,Asari-Toru,715,7.6,3,30.6,Peri-urban / Migrant Dense (transitional),
465,Adamawa,Toungo,712,21.7,2,67.3,Riverine / Geographically Isolated,
466,Niger,Gbako,711,9.8,3,48.7,Conflict-Affected / Nomadic,
467,Akwa Ibom,Ibiono Ibom,711,11.3,3,32.7,Peri-urban / Migrant Dense (transitional),
468,Oyo,Orelope,697,16.8,2,54.8,Peri-urban / Migrant Dense (transitional),
469,Imo,Mbaitoli,696,7.1,4,16.6,Urban Slums (better-off urban core),
470,Akwa Ibom,Ukanafun,693,16.6,3,34.9,Peri-urban / Migrant Dense (transitional),
471,Niger,Agwara,685,21.0,3,44.9,Remote Rural / Hard-to-Reach,
472,Akwa Ibom,Ibesikpo Asutan,680,14.9,3,31.8,Peri-urban / Migrant Dense (transitional),
473,Imo,Orsu,679,13.7,4,19.0,Urban Slums (better-off urban core),
474,Oyo,Ogo Oluwa,675,26.0,3,43.0,Peri-urban / Migrant Dense (transitional),
475,Delta,Ndokwa East,652,16.2,3,34.9,Urban Slums (better-off urban core),
476,Cross River,Ogoja,652,10.5,3,41.5,Peri-urban / Migrant Dense (transitional),
477,Bayelsa,Kolokuma/Opokuma,650,20.7,3,33.9,Peri-urban / Migrant Dense (transitional),
478,Delta,Udu,647,11.6,4,22.2,Urban Slums (better-off urban core),
479,Delta,Ughelli South,642,7.8,3,31.7,Urban Slums (better-off urban core),
480,Bayelsa,Ogbia,637,9.0,3,33.8,Peri-urban / Migrant Dense (transitional),
481,Imo,Ahiazu-Mbaise,629,8.9,4,20.1,Urban Slums (better-off urban core),
482,Oyo,Atiba,625,9.3,3,45.7,Peri-urban / Migrant Dense (transitional),
483,Delta,Ndokwa West,621,10.6,3,30.3,Urban Slums (better-off urban core),
484,Akwa Ibom,Obot Akara,618,12.6,3,31.6,Urban Slums (better-off urban core),
485,Lagos,Epe,616,8.9,3,30.3,Peri-urban / Migrant Dense (transitional),
486,Edo,Ovia South West,615,10.0,3,48.5,Peri-urban / Migrant Dense (transitional),
487,Delta,Sapele,613,9.0,3,30.2,Urban Slums (better-off urban core),
488,Ekiti,Ekiti South West,611,8.3,3,31.4,Peri-urban / Migrant Dense (transitional),
489,Imo,Isu,611,9.0,4,15.4,Urban Slums (better-off urban core),
490,Plateau,Shendam,610,5.3,2,56.8,Conflict-Affected / Nomadic,
491,Ebonyi,Ohaukwu,609,6.3,2,52.6,Peri-urban / Migrant Dense (transitional),
492,Akwa Ibom,Nsit Ubium,608,14.4,3,35.0,Peri-urban / Migrant Dense (transitional),
493,Kogi,Dekina,604,4.2,3,41.9,Peri-urban / Migrant Dense (transitional),
494,Osun,Obokun,598,13.4,3,33.0,Peri-urban / Migrant Dense (transitional),
495,Anambra,Orumba North,592,8.9,3,27.4,Urban Slums (better-off urban core),
496,Oyo,Ibarapa East,589,12.6,3,44.9,Peri-urban / Migrant Dense (transitional),
497,Akwa Ibom,Uruan,586,15.0,3,40.0,Peri-urban / Migrant Dense (transitional),
498,Osun,Olorunda,582,11.6,3,26.0,Peri-urban / Migrant Dense (transitional),
499,Ekiti,Ekiti East,581,9.5,3,31.0,Peri-urban / Migrant Dense (transitional),
500,Akwa Ibom,Etinan,581,10.3,3,33.7,Peri-urban / Migrant Dense (transitional),
501,Ekiti,Irepodun/Ifelodun,580,9.9,3,29.6,Peri-urban / Migrant Dense (transitional),
502,Akwa Ibom,Etim Ekpo,577,16.3,3,31.6,Peri-urban / Migrant Dense (transitional),
503,Edo,Owan West,577,13.0,3,35.4,Peri-urban / Migrant Dense (transitional),
504,Delta,Warri North,574,10.8,2,57.0,Riverine / Geographically Isolated,
505,Bayelsa,Sagbama,570,7.7,3,39.0,Peri-urban / Migrant Dense (transitional),
506,Imo,Nwangele,570,10.8,4,18.2,Urban Slums (better-off urban core),
507,Abia,Umu-Nneochi,569,7.4,3,35.4,Peri-urban / Migrant Dense (transitional),
508,Cross River,Obubra,569,9.1,2,54.2,Riverine / Geographically Isolated,
509,Osun,Ife Central,565,8.9,4,24.8,Peri-urban / Migrant Dense (transitional),
510,Edo,Esan Central,564,12.0,3,30.6,Urban Slums (better-off urban core),
511,Imo,Ideato North,560,8.7,4,21.3,Urban Slums (better-off urban core),
512,Abia,Isiala-Ngwa North,558,7.7,4,23.5,Urban Slums (better-off urban core),
513,Ekiti,Ekiti West,556,7.0,3,31.6,Peri-urban / Migrant Dense (transitional),
514,Adamawa,Girei,555,6.8,2,60.3,Conflict-Affected / Nomadic,
515,Abia,Arochukwu,551,6.9,3,30.7,Peri-urban / Migrant Dense (transitional),
516,Imo,Ideato South,551,8.4,3,26.6,Urban Slums (better-off urban core),
517,Ekiti,Aiyekire (Gbonyin),550,8.4,3,29.9,Peri-urban / Migrant Dense (transitional),
518,Delta,Bomadi,549,16.4,3,40.6,Peri-urban / Migrant Dense (transitional),
519,Delta,Ukwuani,547,11.8,4,24.5,Urban Slums (better-off urban core),
520,Abia,Isuikwuato,545,10.0,3,30.4,Urban Slums (better-off urban core),
521,Bayelsa,Nembe,544,10.5,2,54.8,Riverine / Geographically Isolated,
522,Oyo,Lagelu,540,9.1,3,36.3,Peri-urban / Migrant Dense (transitional),
523,Imo,Njaba,539,9.1,4,22.9,Urban Slums (better-off urban core),
524,Cross River,Obudu,533,9.1,3,43.3,Peri-urban / Migrant Dense (transitional),
525,Ekiti,Ikere,532,8.1,3,29.9,Urban Slums (better-off urban core),
526,Delta,Okpe,531,10.6,3,28.7,Urban Slums (better-off urban core),
527,Ekiti,Moba,531,8.2,3,26.5,Peri-urban / Migrant Dense (transitional),
528,Osun,Orolu,526,13.4,3,35.1,Peri-urban / Migrant Dense (transitional),
529,Akwa Ibom,Abak,525,11.3,3,28.5,Peri-urban / Migrant Dense (transitional),
530,Anambra,Anambra West,524,8.1,3,41.0,Peri-urban / Migrant Dense (transitional),
531,Imo,Ohaji/Egbema,523,6.9,3,32.8,Peri-urban / Migrant Dense (transitional),
532,Ebonyi,Ezza North,521,7.2,2,55.7,Peri-urban / Migrant Dense (transitional),
533,Edo,Esan North East,520,9.5,3,29.9,Urban Slums (better-off urban core),
534,Enugu,Aninri,511,9.1,3,39.9,Peri-urban / Migrant Dense (transitional),
535,Rivers,Oyigbo,511,9.5,3,25.8,Urban Slums (better-off urban core),
536,Akwa Ibom,Oruk Anam,510,8.9,3,39.2,Peri-urban / Migrant Dense (transitional),
537,Imo,Oru East,503,10.9,4,19.7,Urban Slums (better-off urban core),
538,Lagos,Alimosho,502,1.0,4,11.1,Urban Slums (better-off urban core),
539,Ebonyi,Ikwo,501,4.7,3,48.2,Peri-urban / Migrant Dense (transitional),
540,Borno,Chibok,501,14.7,2,55.4,Conflict-Affected / Nomadic,
541,Akwa Ibom,Ini,499,15.1,3,33.8,Peri-urban / Migrant Dense (transitional),
542,Edo,Esan West,499,8.7,3,31.4,Urban Slums (better-off urban core),
543,Rivers,Ogu - Bolo,498,15.4,3,39.8,Peri-urban / Migrant Dense (transitional),
544,Imo,Ngor-Okpala,497,7.6,3,27.1,Urban Slums (better-off urban core),
545,Akwa Ibom,Oron,495,17.0,3,38.1,Peri-urban / Migrant Dense (transitional),
546,Ekiti,Oye,495,8.1,3,43.6,Peri-urban / Migrant Dense (transitional),
547,Ekiti,Efon,492,12.7,3,28.8,Peri-urban / Migrant Dense (transitional),
548,Osun,Irepodun,492,10.8,3,29.8,Peri-urban / Migrant Dense (transitional),
549,Osun,Ejigbo,490,9.7,3,32.2,Peri-urban / Migrant Dense (transitional),
550,Delta,Aniocha North,487,12.0,3,28.8,Peri-urban / Migrant Dense (transitional),
551,Abia,Ugwunagbo,485,12.1,4,23.7,Urban Slums (better-off urban core),
552,Enugu,Uzo-Uwani,483,9.2,3,37.3,Urban Slums (better-off urban core),
553,Cross River,Abi,481,9.2,3,41.2,Peri-urban / Migrant Dense (transitional),
554,Delta,Aniocha South,481,8.7,3,32.0,Urban Slums (better-off urban core),
555,Rivers,Omumma,478,11.1,3,31.7,Urban Slums (better-off urban core),
556,Cross River,Ikom,477,8.0,3,47.7,Peri-urban / Migrant Dense (transitional),
557,Osun,Ifelodun,476,13.0,3,26.8,Peri-urban / Migrant Dense (transitional),
558,Ekiti,Emure,471,11.2,3,30.6,Peri-urban / Migrant Dense (transitional),
559,Delta,Uvwie,470,6.4,4,18.3,Urban Slums (better-off urban core),
560,Abia,Ukwa West,470,11.4,3,26.2,Urban Slums (better-off urban core),
561,Abia,Umuahia South,470,7.2,4,19.6,Urban Slums (better-off urban core),
562,Abia,Ikwuano,470,7.3,4,24.3,Urban Slums (better-off urban core),
563,Osun,Ola-Oluwa,469,16.2,3,37.5,Peri-urban / Migrant Dense (transitional),
564,Osun,Irewole,468,8.6,3,30.0,Peri-urban / Migrant Dense (transitional),
565,Delta,Patani,465,17.7,3,31.9,Peri-urban / Migrant Dense (transitional),
566,Akwa Ibom,Okobo,465,13.6,3,40.3,Peri-urban / Migrant Dense (transitional),
567,Imo,Owerri North,464,6.4,4,15.8,Urban Slums (better-off urban core),
568,Abia,Bende,464,5.1,3,29.2,Urban Slums (better-off urban core),
569,Abia,Osisioma Ngwa,463,4.5,4,17.3,Urban Slums (better-off urban core),
570,Anambra,Onitsha North,462,9.5,4,9.0,Urban Slums (better-off urban core),
571,Ebonyi,Ezza South,461,7.0,2,54.1,Peri-urban / Migrant Dense (transitional),
572,Ekiti,Ido-Osi,460,6.5,3,26.1,Peri-urban / Migrant Dense (transitional),
573,Akwa Ibom,Onna,460,11.2,3,35.1,Peri-urban / Migrant Dense (transitional),
574,Lagos,Ibeju/Lekki,458,10.2,3,25.3,Peri-urban / Migrant Dense (transitional),
575,Ekiti,Ise/Orun,458,9.1,3,32.0,Peri-urban / Migrant Dense (transitional),
576,Edo,Igueben,452,14.4,3,33.5,Peri-urban / Migrant Dense (transitional),
577,Ebonyi,Afikpo South,451,5.8,3,47.1,Peri-urban / Migrant Dense (transitional),
578,Anambra,Oyi,450,6.9,4,18.3,Urban Slums (better-off urban core),
579,Anambra,Dunukofia,449,12.0,4,18.0,Urban Slums (better-off urban core),
580,Ebonyi,Afikpo North,443,5.7,3,43.6,Peri-urban / Migrant Dense (transitional),
581,Katsina,Dandume,437,4.1,2,57.2,Conflict-Affected / Nomadic,
582,Abia,Aba North,433,8.6,4,5.6,Urban Slums (better-off urban core),
583,Osun,Ife South,431,8.4,3,38.6,Peri-urban / Migrant Dense (transitional),
584,Osun,Iwo,430,5.9,3,27.1,Peri-urban / Migrant Dense (transitional),
585,Imo,Okigwe,430,7.8,3,26.0,Urban Slums (better-off urban core),
586,Oyo,Ibadan North,426,3.5,4,8.2,Urban Slums (better-off urban core),
587,Osun,Ife North,425,7.3,3,31.0,Peri-urban / Migrant Dense (transitional),
588,Imo,Orlu,421,7.2,4,16.1,Urban Slums (better-off urban core),
589,Osun,Egbedore,419,14.9,3,34.8,Peri-urban / Migrant Dense (transitional),
590,Osun,Oriade,419,7.4,3,34.4,Peri-urban / Migrant Dense (transitional),
591,Anambra,Njikoka,417,7.3,4,14.5,Urban Slums (better-off urban core),
592,Benue,Gwer West,415,8.7,3,48.6,Peri-urban / Migrant Dense (transitional),
593,Delta,Ika South,415,6.4,3,25.6,Urban Slums (better-off urban core),
594,Akwa Ibom,Ika,413,17.0,3,29.2,Peri-urban / Migrant Dense (transitional),
595,Osun,Ede South,406,14.1,3,40.0,Peri-urban / Migrant Dense (transitional),
596,Imo,Obowo,401,8.3,4,15.8,Urban Slums (better-off urban core),
597,Ebonyi,Ishielu,400,5.3,3,47.8,Peri-urban / Migrant Dense (transitional),
598,Cross River,Obanliku,400,10.0,2,58.6,Riverine / Geographically Isolated,
599,Osun,Isokan,398,10.2,3,36.4,Peri-urban / Migrant Dense (transitional),
600,Ebonyi,Ohaozara,398,5.4,2,52.1,Peri-urban / Migrant Dense (transitional),
601,Cross River,Biase,396,6.5,2,50.1,Peri-urban / Migrant Dense (transitional),
602,Borno,Shani,396,7.6,2,59.8,Conflict-Affected / Nomadic,
603,Anambra,Idemili South,395,5.0,4,17.0,Urban Slums (better-off urban core),
604,Ebonyi,Ivo,395,6.6,3,46.1,Peri-urban / Migrant Dense (transitional),
605,Delta,Oshimili North,394,8.5,3,28.3,Urban Slums (better-off urban core),
606,Lagos,Ikeja,393,3.2,4,8.5,Urban Slums (better-off urban core),
607,Abia,Isiala-Ngwa South,392,6.1,4,24.5,Urban Slums (better-off urban core),
608,Akwa Ibom,Ikot Abasi,392,8.9,3,37.3,Peri-urban / Migrant Dense (transitional),
609,Osun,Ede North,390,12.2,3,31.7,Peri-urban / Migrant Dense (transitional),
610,Edo,Ovia North East,389,5.6,3,41.6,Peri-urban / Migrant Dense (transitional),
611,Akwa Ibom,Itu,388,9.1,3,28.2,Urban Slums (better-off urban core),
612,Imo,Oru West,385,8.1,4,16.2,Urban Slums (better-off urban core),
613,Akwa Ibom,Ikot Ekpene,385,8.2,3,25.4,Peri-urban / Migrant Dense (transitional),
614,Imo,Ehime-Mbano,385,7.1,4,21.9,Urban Slums (better-off urban core),
615,Akwa Ibom,Eastern Obolo,380,19.0,3,44.8,Peri-urban / Migrant Dense (transitional),
616,Anambra,Nnewi North,376,6.3,4,14.3,Urban Slums (better-off urban core),
617,Ebonyi,Abakaliki,374,5.0,3,45.1,Peri-urban / Migrant Dense (transitional),
618,Delta,Isoko North,372,6.7,3,28.9,Urban Slums (better-off urban core),
619,Cross River,Etung,371,12.8,2,61.7,Riverine / Geographically Isolated,
620,Oyo,Ibadan North West,370,6.0,4,10.1,Urban Slums (better-off urban core),
621,Rivers,Tai,369,7.2,3,28.2,Peri-urban / Migrant Dense (transitional),
622,Osun,Boluwaduro,368,13.6,3,32.0,Peri-urban / Migrant Dense (transitional),
623,Enugu,Igbo-Eze South,366,6.0,3,44.9,Peri-urban / Migrant Dense (transitional),
624,Akwa Ibom,Nsit Atai,366,15.0,3,36.0,Peri-urban / Migrant Dense (transitional),
625,Anambra,Anambra East,364,6.2,3,29.2,Urban Slums (better-off urban core),
626,Delta,Oshimili South,363,6.2,4,22.7,Urban Slums (better-off urban core),
627,Anambra,Nnewi South,360,4.0,4,17.1,Urban Slums (better-off urban core),
628,Enugu,Isi-Uzo,357,5.8,3,46.1,Peri-urban / Migrant Dense (transitional),
629,Imo,Owerri Municipal,357,6.9,4,6.5,Urban Slums (better-off urban core),
630,Akwa Ibom,Urue-Offong/Oruko,356,15.1,3,35.7,Peri-urban / Migrant Dense (transitional),
631,Akwa Ibom,Mbo,353,10.4,3,38.9,Peri-urban / Migrant Dense (transitional),
632,Imo,Owerri West,353,8.4,3,26.3,Urban Slums (better-off urban core),
633,Akwa Ibom,Ibeno,349,14.0,3,40.2,Peri-urban / Migrant Dense (transitional),
634,Akwa Ibom,Esit Eket,344,16.3,3,35.4,Peri-urban / Migrant Dense (transitional),
635,Osun,Ila,344,14.6,3,30.9,Peri-urban / Migrant Dense (transitional),
636,Akwa Ibom,Ikono,343,7.8,3,33.4,Peri-urban / Migrant Dense (transitional),
637,Osun,Boripe,342,6.5,3,38.1,Peri-urban / Migrant Dense (transitional),
638,Enugu,Nkanu West,340,5.6,3,36.9,Peri-urban / Migrant Dense (transitional),
639,Akwa Ibom,Udung Uko,339,19.1,3,37.3,Peri-urban / Migrant Dense (transitional),
640,Imo,Oguta,338,5.8,3,27.2,Urban Slums (better-off urban core),
641,Imo,Nkwerre,337,10.2,4,21.1,Urban Slums (better-off urban core),
642,Osun,Odo-Otin,335,6.6,3,36.3,Peri-urban / Migrant Dense (transitional),
643,Abia,Ukwa East,334,12.2,3,32.7,Peri-urban / Migrant Dense (transitional),
644,Akwa Ibom,Eket,334,5.8,3,25.4,Urban Slums (better-off urban core),
645,Ogun,Ifo,322,1.0,3,28.1,Urban Slums (better-off urban core),
646,Akwa Ibom,Nsit Ibom,322,8.9,3,30.4,Peri-urban / Migrant Dense (transitional),
647,Cross River,Calabar Municipal,319,4.8,4,23.1,Urban Slums (better-off urban core),
648,Ogun,Ado-Odo/Ota,315,1.0,3,32.4,Urban Slums (better-off urban core),
649,Ekiti,Ilejemeje,312,16.2,3,26.9,Peri-urban / Migrant Dense (transitional),
650,Imo,Ihitte/Uboma,310,6.3,4,23.2,Urban Slums (better-off urban core),
651,Ebonyi,Ebonyi,308,4.9,2,53.2,Peri-urban / Migrant Dense (transitional),
652,Enugu,Nkanu East,293,4.6,3,40.3,Peri-urban / Migrant Dense (transitional),
653,Anambra,Awka North,291,6.7,3,28.5,Urban Slums (better-off urban core),
654,Enugu,Enugu South,289,3.5,4,22.1,Urban Slums (better-off urban core),
655,Edo,Etsako Central,288,6.8,3,36.9,Peri-urban / Migrant Dense (transitional),
656,Adamawa,Shelleng,285,3.0,2,57.6,Conflict-Affected / Nomadic,
657,Anambra,Onitsha South,280,5.3,4,10.5,Urban Slums (better-off urban core),
658,Enugu,Oji-River,277,5.2,3,40.4,Peri-urban / Migrant Dense (transitional),
659,Edo,Uhunmwonde,276,5.1,3,33.9,Peri-urban / Migrant Dense (transitional),
660,Osun,Ifedayo,273,19.1,3,31.8,Peri-urban / Migrant Dense (transitional),
661,Rivers,Eleme,260,3.2,4,21.0,Urban Slums (better-off urban core),
662,Rivers,Ahoada East,248,3.5,3,26.1,Peri-urban / Migrant Dense (transitional),
663,Plateau,Jos North,245,1.0,3,31.2,Peri-urban / Migrant Dense (transitional),
664,Lagos,Oshodi-Isolo,239,1.0,4,6.8,Urban Slums (better-off urban core),
665,Cross River,Akamkpa,236,4.3,2,64.7,Riverine / Geographically Isolated,
666,Edo,Egor,235,1.5,4,15.0,Urban Slums (better-off urban core),
667,Katsina,Katsina,235,1.0,3,43.4,Conflict-Affected / Nomadic,
668,Lagos,Ojo,232,1.0,4,17.1,Urban Slums (better-off urban core),
669,Osun,Osogbo,227,3.8,4,21.7,Urban Slums (better-off urban core),
670,Kwara,Ilorin West,223,1.0,4,23.4,Urban Slums (better-off urban core),
671,Anambra,Ekwusigo,207,3.4,4,21.7,Urban Slums (better-off urban core),
672,Edo,Etsako West,205,2.3,3,32.0,Urban Slums (better-off urban core),
673,Lagos,Ikorodu,201,1.0,4,15.2,Urban Slums (better-off urban core),
674,Kaduna,Sanga,193,1.2,3,44.9,Peri-urban / Migrant Dense (transitional),
675,Lagos,Surulere,191,1.0,4,14.4,Urban Slums (better-off urban core),
676,Ondo,Akure South,182,1.0,3,26.1,Urban Slums (better-off urban core),
677,Kogi,Okene,179,1.0,3,36.3,Urban Slums (better-off urban core),
678,Katsina,Funtua,167,1.0,2,57.0,Conflict-Affected / Nomadic,
679,Ondo,Ilaje,152,1.0,3,41.8,Peri-urban / Migrant Dense (transitional),
680,Borno,Nganzai,144,2.8,2,57.4,Conflict-Affected / Nomadic,
681,Kaduna,Kudan,143,1.0,2,50.8,Remote Rural / Hard-to-Reach,
682,Akwa Ibom,Mkpat Enin,138,2.3,3,38.6,Peri-urban / Migrant Dense (transitional),
683,Niger,Mokwa,138,1.0,2,54.7,Conflict-Affected / Nomadic,
684,Niger,Lavun,119,1.0,2,53.5,Conflict-Affected / Nomadic,
685,Kogi,Adavi,119,1.0,3,34.5,Urban Slums (better-off urban core),
686,Edo,Akoko-Edo,117,1.0,3,34.8,Urban Slums (better-off urban core),
687,Ondo,Odigbo,117,1.0,3,37.5,Peri-urban / Migrant Dense (transitional),
688,Niger,Mariga,114,1.0,2,52.3,Conflict-Affected / Nomadic,
689,Plateau,Qua'an Pan,111,1.0,3,49.2,Conflict-Affected / Nomadic,
690,Katsina,Bakori,111,1.0,2,60.6,Conflict-Affected / Nomadic,
691,Zamfara,Bakura,108,1.0,2,63.4,Conflict-Affected / Nomadic,
692,Zamfara,Birnin Magaji,106,1.0,2,63.2,Conflict-Affected / Nomadic,
693,Niger,Borgu,98,1.0,2,53.1,Conflict-Affected / Nomadic,
694,Zamfara,Anka,83,1.0,2,64.8,Conflict-Affected / Nomadic,
695,Rivers,Ikwerre,81,1.0,3,34.6,Peri-urban / Migrant Dense (transitional),
696,Zamfara,Shinkafi,78,1.0,2,59.3,Conflict-Affected / Nomadic,
697,Enugu,Ezeagu,70,1.0,3,40.7,Peri-urban / Migrant Dense (transitional),
698,Rivers,Opobo - Nkoro,65,1.0,3,37.9,Peri-urban / Migrant Dense (transitional),
699,Borno,Hawul,62,1.0,2,53.1,Conflict-Affected / Nomadic,
700,Borno,Bayo,40,1.0,2,50.6,Conflict-Affected / Nomadic,
