State,DHIS2 organisation unit,Month,Any antigen reported,Penta1 reported,bcg_count,penta_1_count,pent_2_count,penta_3_count,measles_1_count,measles_2_count,opv_0_count,opv_1_count,opv_2_count,opv_3_count,pcv_1_count,pcv_2_count,pcv_3_count,ipv_1_count,ipv_2_count,rota_1_count,rota_2_count,rota_3_count,yellow_fever_count,men_a_count
Borno,bo Guzamala Local Government Area,Jan-21,No,No,,,,,,,,,,,,,,,,,,,,
Borno,bo Guzamala Local Government Area,Feb-21,No,No,,,,,,,,,,,,,,,,,,,,
Borno,bo Guzamala Local Government Area,Mar-21,No,No,,,,,,,,,,,,,,,,,,,,
Borno,bo Guzamala Local Government Area,Apr-21,No,No,,,,,,,,,,,,,,,,,,,,
Borno,bo Guzamala Local Government Area,May-21,No,No,,,,,,,,,,,,,,,,,,,,
Borno,bo Guzamala Local Government Area,Jun-21,No,No,,,,,,,,,,,,,,,,,,,,
Borno,bo Guzamala Local Government Area,Jul-21,No,No,,,,,,,,,,,,,,,,,,,,
Borno,bo Guzamala Local Government Area,Aug-21,No,No,,,,,,,,,,,,,,,,,,,,
Borno,bo Guzamala Local Government Area,Sep-21,No,No,,,,,,,,,,,,,,,,,,,,
Borno,bo Guzamala Local Government Area,Oct-21,No,No,,,,,,,,,,,,,,,,,,,,
Borno,bo Guzamala Local Government Area,Nov-21,No,No,,,,,,,,,,,,,,,,,,,,
Borno,bo Guzamala Local Government Area,Dec-21,No,No,,,,,,,,,,,,,,,,,,,,
Borno,bo Guzamala Local Government Area,Jan-22,No,No,,,,,,,,,,,,,,,,,,,,
Borno,bo Guzamala Local Government Area,Feb-22,No,No,,,,,,,,,,,,,,,,,,,,
Borno,bo Guzamala Local Government Area,Mar-22,No,No,,,,,,,,,,,,,,,,,,,,
Borno,bo Guzamala Local Government Area,Apr-22,No,No,,,,,,,,,,,,,,,,,,,,
Borno,bo Guzamala Local Government Area,May-22,No,No,,,,,,,,,,,,,,,,,,,,
Borno,bo Guzamala Local Government Area,Jun-22,No,No,,,,,,,,,,,,,,,,,,,,
Borno,bo Guzamala Local Government Area,Jul-22,No,No,,,,,,,,,,,,,,,,,,,,
Borno,bo Guzamala Local Government Area,Aug-22,No,No,,,,,,,,,,,,,,,,,,,,
Borno,bo Guzamala Local Government Area,Sep-22,No,No,,,,,,,,,,,,,,,,,,,,
Borno,bo Guzamala Local Government Area,Oct-22,No,No,,,,,,,,,,,,,,,,,,,,
Borno,bo Guzamala Local Government Area,Nov-22,No,No,,,,,,,,,,,,,,,,,,,,
Borno,bo Guzamala Local Government Area,Dec-22,No,No,,,,,,,,,,,,,,,,,,,,
Borno,bo Guzamala Local Government Area,Jan-23,No,No,,,,,,,,,,,,,,,,,,,,
Borno,bo Guzamala Local Government Area,Feb-23,No,No,,,,,,,,,,,,,,,,,,,,
Borno,bo Guzamala Local Government Area,Mar-23,No,No,,,,,,,,,,,,,,,,,,,,
Borno,bo Guzamala Local Government Area,Apr-23,No,No,,,,,,,,,,,,,,,,,,,,
Borno,bo Guzamala Local Government Area,May-23,No,No,,,,,,,,,,,,,,,,,,,,
Borno,bo Guzamala Local Government Area,Jun-23,No,No,,,,,,,,,,,,,,,,,,,,
Borno,bo Guzamala Local Government Area,Jul-23,No,No,,,,,,,,,,,,,,,,,,,,
Borno,bo Guzamala Local Government Area,Aug-23,No,No,,,,,,,,,,,,,,,,,,,,
Borno,bo Guzamala Local Government Area,Sep-23,No,No,,,,,,,,,,,,,,,,,,,,
Borno,bo Guzamala Local Government Area,Oct-23,No,No,,,,,,,,,,,,,,,,,,,,
Borno,bo Guzamala Local Government Area,Nov-23,No,No,,,,,,,,,,,,,,,,,,,,
Borno,bo Guzamala Local Government Area,Dec-23,No,No,,,,,,,,,,,,,,,,,,,,
Borno,bo Guzamala Local Government Area,Jan-24,No,No,,,,,,,,,,,,,,,,,,,,
Borno,bo Guzamala Local Government Area,Feb-24,No,No,,,,,,,,,,,,,,,,,,,,
Borno,bo Guzamala Local Government Area,Mar-24,No,No,,,,,,,,,,,,,,,,,,,,
Borno,bo Guzamala Local Government Area,Apr-24,No,No,,,,,,,,,,,,,,,,,,,,
Borno,bo Guzamala Local Government Area,May-24,No,No,,,,,,,,,,,,,,,,,,,,
Borno,bo Guzamala Local Government Area,Jun-24,No,No,,,,,,,,,,,,,,,,,,,,
Borno,bo Guzamala Local Government Area,Jul-24,No,No,,,,,,,,,,,,,,,,,,,,
Borno,bo Guzamala Local Government Area,Aug-24,No,No,,,,,,,,,,,,,,,,,,,,
Borno,bo Guzamala Local Government Area,Sep-24,No,No,,,,,,,,,,,,,,,,,,,,
Borno,bo Guzamala Local Government Area,Oct-24,No,No,,,,,,,,,,,,,,,,,,,,
Borno,bo Guzamala Local Government Area,Nov-24,No,No,,,,,,,,,,,,,,,,,,,,
Borno,bo Guzamala Local Government Area,Dec-24,No,No,,,,,,,,,,,,,,,,,,,,
Borno,bo Guzamala Local Government Area,Jan-25,No,No,,,,,,,,,,,,,,,,,,,,
Borno,bo Guzamala Local Government Area,Feb-25,Yes,No,3.0,,3.0,3.0,4.0,4.0,2.0,,3.0,3.0,,3.0,3.0,,,4.0,3.0,3.0,4.0,3.0
Borno,bo Guzamala Local Government Area,Mar-25,No,No,,,,,,,,,,,,,,,,,,,,
Borno,bo Guzamala Local Government Area,Apr-25,Yes,Yes,4.0,7.0,6.0,5.0,2.0,1.0,2.0,7.0,6.0,5.0,7.0,6.0,5.0,,2.0,7.0,6.0,5.0,2.0,2.0
Borno,bo Guzamala Local Government Area,May-25,No,No,,,,,,,,,,,,,,,,,,,,
Borno,bo Guzamala Local Government Area,Jun-25,Yes,Yes,5.0,6.0,5.0,5.0,7.0,3.0,5.0,6.0,5.0,5.0,6.0,5.0,5.0,,,6.0,5.0,5.0,3.0,3.0
Borno,bo Guzamala Local Government Area,Jul-25,Yes,Yes,8.0,9.0,8.0,7.0,9.0,,8.0,9.0,8.0,7.0,9.0,8.0,7.0,,,9.0,8.0,7.0,,5.0
Borno,bo Guzamala Local Government Area,Aug-25,Yes,Yes,8.0,18.0,19.0,17.0,9.0,9.0,8.0,18.0,19.0,17.0,18.0,19.0,17.0,,,18.0,19.0,17.0,9.0,9.0
Borno,bo Guzamala Local Government Area,Sep-25,Yes,Yes,7.0,18.0,16.0,16.0,12.0,13.0,7.0,18.0,16.0,16.0,18.0,16.0,16.0,14.0,12.0,18.0,16.0,16.0,14.0,12.0
Borno,bo Guzamala Local Government Area,Oct-25,Yes,Yes,18.0,27.0,24.0,22.0,,,18.0,27.0,24.0,22.0,27.0,24.0,22.0,21.0,14.0,27.0,24.0,22.0,19.0,16.0
Borno,bo Guzamala Local Government Area,Nov-25,Yes,Yes,16.0,18.0,16.0,14.0,14.0,14.0,4.0,18.0,16.0,14.0,18.0,16.0,14.0,12.0,,16.0,14.0,14.0,8.0,8.0
Borno,bo Guzamala Local Government Area,Dec-25,Yes,No,24.0,,,,,,,39.0,,,,,,,,39.0,,,,
