ds,yhat,yhat_lower,yhat_upper,antigen,base_2024
2021-01-01,403431.241960038,330732.2689316285,477577.0282077916,Penta3,682622.5
2021-02-01,414728.91863205924,339491.3562162357,485587.222168604,Penta3,682622.5
2021-03-01,424959.2451123759,349659.84573285514,508981.0851507544,Penta3,682622.5
2021-04-01,393516.4811171619,320946.59180387825,471569.42133840313,Penta3,682622.5
2021-05-01,423630.72568380187,354026.23252398684,500671.1491570235,Penta3,682622.5
2021-06-01,429213.90085216466,355068.428035526,508011.74349637236,Penta3,682622.5
2021-07-01,454084.92729450006,381148.04947031406,529594.5860705635,Penta3,682622.5
2021-08-01,468159.81882896234,389139.29542897333,544687.8139788781,Penta3,682622.5
2021-09-01,461208.09232552676,389208.0323903959,533217.3308927604,Penta3,682622.5
2021-10-01,407894.81322261546,325909.5063632818,482401.0744215614,Penta3,682622.5
2021-11-01,452797.5363882416,379796.30798977806,524386.3591478667,Penta3,682622.5
2021-12-01,453538.1628300852,377071.6974534379,528530.4825163136,Penta3,682622.5
2022-01-01,492194.1299473141,416267.17731180834,569848.4058485387,Penta3,682622.5
2022-02-01,494314.4251389867,414228.7348346382,572178.167595782,Penta3,682622.5
2022-03-01,527194.4550061955,443813.7139070999,599318.6842509677,Penta3,682622.5
2022-04-01,503293.31625688844,428362.97721223347,574882.1306283311,Penta3,682622.5
2022-05-01,527240.4763053001,446670.2989814238,602909.8483710458,Penta3,682622.5
2022-06-01,515534.6087311583,441681.51166161365,584712.0821106792,Penta3,682622.5
2022-07-01,520139.16414223163,442180.6402285695,598963.9651011062,Penta3,682622.5
2022-08-01,582151.1225975084,506993.84681774914,660369.9893923015,Penta3,682622.5
2022-09-01,540763.7259906691,465599.2712231259,617597.9353010567,Penta3,682622.5
2022-10-01,525373.6178423328,445756.8063021671,600453.3791630474,Penta3,682622.5
2022-11-01,554473.5316411254,476850.916656742,629652.5724638022,Penta3,682622.5
2022-12-01,534493.6865205585,460614.756046805,614159.994508064,Penta3,682622.5
2023-01-01,580991.9250868264,506413.40066991665,654831.3308832551,Penta3,682622.5
2023-02-01,574162.548521085,499809.2949095186,642261.8202014441,Penta3,682622.5
2023-03-01,629686.3119743096,556239.9312623527,704850.4162250701,Penta3,682622.5
2023-04-01,612887.0373352545,533700.2906094979,688775.1306971501,Penta3,682622.5
2023-05-01,631067.1154783312,552662.8282607675,707914.2439277458,Penta3,682622.5
2023-06-01,601096.0827918119,526568.465368818,676869.734328053,Penta3,682622.5
2023-07-01,586619.8827410272,509344.5071801404,662217.6967011709,Penta3,682622.5
2023-08-01,696457.9915389405,624757.6430615721,772754.5446727343,Penta3,682622.5
2023-09-01,620334.4986589239,541124.4556491756,693933.3464743798,Penta3,682622.5
2023-10-01,642865.8233568498,565559.9626565076,721959.7053355562,Penta3,682622.5
2023-11-01,656304.8660000633,582286.0666572686,735865.7479374248,Penta3,682622.5
2023-12-01,610775.9635147251,537322.6354871165,690793.0067235988,Penta3,682622.5
2024-01-01,661478.881423574,583567.018393789,739390.3604866489,Penta3,682622.5
2024-02-01,641690.8786309545,565169.1596727874,717999.6071683598,Penta3,682622.5
2024-03-01,657656.8036536713,581271.6947105667,737412.4685071288,Penta3,682622.5
2024-04-01,709609.820634151,630740.9620851809,792711.4404012784,Penta3,682622.5
2024-05-01,658577.1037302924,587845.1440857261,734549.1560736485,Penta3,682622.5
2024-06-01,663501.3295726284,582755.7739610117,742876.1010760883,Penta3,682622.5
2024-07-01,737589.2776756401,663676.9796669456,816366.5375681267,Penta3,682622.5
2024-08-01,688902.2671412453,607543.1249666793,761405.4046246707,Penta3,682622.5
2024-09-01,690923.2387805807,614609.4470372011,764348.389800408,Penta3,682622.5
2024-10-01,693090.8725105077,619863.2156151049,763247.504411688,Penta3,682622.5
2024-11-01,655775.5129008563,578181.2493906729,733701.336164836,Penta3,682622.5
2024-12-01,670463.4532623865,592514.2217312371,746731.0937585599,Penta3,682622.5
2025-01-01,724531.5048381281,647996.4154577792,798760.99975602,Penta3,682622.5
2025-02-01,725096.8021001536,651855.2797204815,806365.1156571879,Penta3,682622.5
2025-03-01,709803.7478779855,633051.4501381383,790733.9487709043,Penta3,682622.5
2025-04-01,769730.9758511106,693472.1592429305,844072.2034173599,Penta3,682622.5
2025-05-01,712127.5477741697,631507.1306293815,791141.5988119498,Penta3,682622.5
2025-06-01,700752.210930761,627526.6811746011,774697.3871242472,Penta3,682622.5
2025-07-01,753404.2439276687,678248.3416269736,827186.1710781964,Penta3,682622.5
2025-08-01,752713.3271555172,672684.9022551173,822483.6000841039,Penta3,682622.5
2025-09-01,720612.1960507312,644216.7641729359,796932.3663176082,Penta3,682622.5
2025-10-01,760674.1749122702,681859.0018900895,837169.1212194643,Penta3,682622.5
2025-11-01,707406.9030366698,628521.9774836764,775816.8931723998,Penta3,682622.5
2025-12-01,702120.2056168593,620713.2015031726,774913.3473585283,Penta3,682622.5
2026-01-01,763437.5455163415,693768.7776525769,837624.3686635526,Penta3,682622.5
2026-02-01,754824.6589454316,679669.3615380878,830077.7367636956,Penta3,682622.5
2026-03-01,762179.1245621919,683581.4673857541,840761.9257025403,Penta3,682622.5
2026-04-01,829645.5603065508,754020.7122900718,906401.2973464968,Penta3,682622.5
2026-05-01,765872.6627604502,694205.4895515032,843418.9992640306,Penta3,682622.5
2026-06-01,737205.818764077,658599.2171540321,810797.1557620659,Penta3,682622.5
2026-07-01,769587.8098761092,701699.9240417633,847184.2566008136,Penta3,682622.5
2026-08-01,816830.2701930251,745102.3087230731,893868.6075714355,Penta3,682622.5
2026-09-01,750289.7702777564,671387.6591873763,828750.0634233992,Penta3,682622.5
2026-10-01,828271.3407569288,749357.5077372922,903551.9431737049,Penta3,682622.5
2026-11-01,759197.5608870159,682209.4645456466,830635.6097449155,Penta3,682622.5
2026-12-01,733186.8125877428,654002.2894648272,809054.0499521152,Penta3,682622.5
2027-01-01,802343.5274285601,721009.8886297294,884466.505468509,Penta3,682622.5
2027-02-01,784778.0726116942,704996.2788389978,861603.9026715615,Penta3,682622.5
2027-03-01,814775.1144733389,743002.4801955422,892283.2201754878,Penta3,682622.5
2027-04-01,889342.1329898047,809615.9917187437,963365.1683056096,Penta3,682622.5
2027-05-01,819800.9589932258,750677.2519658525,896674.1475290002,Penta3,682622.5
2027-06-01,772867.8861159119,696636.0977743586,853074.275108483,Penta3,682622.5
