state,zone,cohort_12_23m,ndhs_2024,rate_2026,rate_2026_lo95,rate_2026_hi95,rate_2027,rate_2027_lo95,rate_2027_hi95,rate_2028,rate_2028_lo95,rate_2028_hi95,children_2026
Kano,North West,535705.0,42.4,36.77495520353814,26.935332726289936,46.99638675565166,34.690431717629664,24.53984113789807,45.43726434329319,32.671623566549385,22.281540860222243,43.93659717582134,197005.273773114
Sokoto,North West,234814.0,86.5,72.7168484170397,59.13834406919535,84.37930142912778,70.79034066298536,55.88690553531549,83.49935236638596,68.79269747739757,52.59727241443137,82.73080159155043,170749.34044198762
Katsina,North West,435245.0,39.8,38.98637750691093,26.915902614682835,52.33234706233196,36.22067022926352,23.885542250105523,50.31611658311858,33.55924533360428,20.941244448215254,48.31580586694573,169686.25877995446
Kebbi,North West,225729.0,84.0,69.00022463924982,54.47022299383885,81.92723091845585,67.38924980956723,51.547783237556224,81.5348090733939,65.74186483888718,48.66521027124313,81.22799534273572,155753.51707593224
Zamfara,North West,213755.0,82.6,70.8686221569767,57.516756516166005,82.67872850432774,69.57277303192366,54.85483665200938,82.48244605001398,68.24711828621754,52.27233877382244,82.29777921972426,151485.22329164555
Kaduna,North West,319114.0,45.6,41.981781197830934,29.373530435440692,54.8453192524315,41.720359439371656,28.175457386035454,55.57661150926025,41.46337064837733,27.01550212061274,56.358467676828724,133969.74125164622
Bauchi,North East,328291.0,36.9,33.3114011343916,22.165892590000844,45.842787119876355,30.827085205466325,19.55065378632255,43.910134988001346,28.4633088636361,17.12576177251811,41.98829694855288,109358.33189810552
Jigawa,North West,305276.0,34.3,34.80956952558852,21.627087800121956,49.04260818240631,32.236421316887096,18.860270301850804,47.06725413548625,29.784433308277656,16.44261520468947,45.100580988932315,106265.26146493563
Niger,North Central,231412.0,56.0,44.954596150376005,31.133252299704665,58.855385730713174,44.516512311238856,29.86782012364668,59.424839187383185,44.08359895509673,28.535841353671692,60.01931123864257,104030.33004350812
Borno,North East,181011.0,31.7,30.302355369988305,18.6128430514932,43.95668702660955,27.801684210176596,16.136419305040175,41.83205042412405,25.448486240694518,13.910694208178246,39.76843751058078,54850.59647876953
Benue,North Central,179287.0,32.7,28.935604159392746,15.8638445439625,43.969989692776316,28.485965763491816,14.913468675111837,44.586294934048375,28.050012032965423,13.990426038993885,45.07835098372665,51877.776629250475
Gombe,North East,146467.0,34.0,34.225241052105865,19.31544039626839,51.55329657812251,32.76615122193196,17.517031506003548,51.01586025003705,31.356033154912662,15.869983343969064,50.660128306479784,50128.683811787894
Kogi,North Central,151897.0,57.0,31.253057925697636,15.37489043783335,50.803829609458816,31.723048224758955,14.96532603980669,53.00988324992857,32.199207180331236,14.486753504058969,54.7832926600048,47472.45739739694
Kwara,North Central,125780.0,51.7,36.6330664610839,19.798121673672895,55.5277902205058,36.76991185764468,19.126788281947153,56.74029388807036,36.9110418054373,18.415864287889327,58.250428917708035,46077.07099475133
Oyo,South West,233281.0,29.9,19.327671232663793,9.060668463782289,32.778401077234136,19.109953503556017,8.48728142966243,33.462172915134005,18.903007692453414,7.93524979123182,34.12713220199518,45087.784728270424
Yobe,North East,121020.0,40.4,35.26157705724415,22.04581798107282,49.88080723130136,32.89020588048273,19.390115565194566,48.22240091278758,30.621325518343216,17.034644954526645,46.54013849432044,42673.56055467687
Plateau,North Central,148720.0,35.3,27.902130241077817,14.464665257520615,43.41312951757147,28.02216436436066,13.993060474914486,44.66613963070371,28.148772512378684,13.605423630850964,45.820979852106795,41496.048094530925
Taraba,North East,122239.0,40.7,29.232746399403872,15.884305199256508,45.7212282665441,27.96109210932058,14.510384320434857,45.16417049333253,26.73900815467494,13.142609814081064,44.851597357044454,35733.816871167306
Adamawa,North East,174356.0,29.1,20.071025181980055,9.594207869758913,33.8546438484406,19.28271377303636,8.730105566176364,33.68450888956688,18.530700353869957,7.909805230215054,33.5102649839189,34995.03666629314
Rivers,South South,201625.0,22.7,14.65180071962545,6.387419651620347,25.928541912662126,14.216458307404809,5.833860062221778,26.072902315138116,13.800833609030247,5.306419130794928,26.138066156041546,29541.693200944817
Ogun,South West,155284.0,20.6,18.93887209086289,8.86963439944484,31.882326094281467,18.47071147703472,8.155992577757356,32.119524306604944,18.021859691605933,7.5262768669370335,32.442843147575566,29409.03813757553
Ondo,South West,147740.0,23.5,18.666646931781166,7.63091000053027,34.56270112730832,18.28338612670449,7.0773582649866595,34.87649687716407,17.91805279761465,6.556427827269717,35.488802289347404,27578.104177013494
Nasarawa,North Central,105280.0,20.3,25.585188941805704,13.364723597190014,40.71759476320491,25.06226585745749,12.44416967536041,40.985259270815234,24.55847148891587,11.581297622594201,41.32300203555885,26936.086917933044
Delta,South South,169616.0,7.6,12.936739552884601,5.541605003106238,23.487079570280525,12.546274974050997,5.0663500407251725,23.43387497034963,12.174913435396327,4.6436295118761395,23.605995439229474,21942.780160020746
Lagos,South West,301919.0,4.7,7.056317696802562,3.033929989350815,13.073742692047453,6.9352713278447204,2.7900163543945307,13.333636683156222,6.822001468193695,2.5727266789847887,13.636360271126316,21304.36382700933
FCT,North Central,96995.0,6.2,18.470826348581884,8.236466639726881,31.94204387856841,18.419105261618117,7.876663833315551,32.70761844291993,18.37741941049283,7.535315688214173,33.612569807751335,17915.778016807
Anambra,South East,182302.0,14.9,9.77362693340701,3.6578137903830057,19.75909244029276,9.572238329017125,3.332711868065813,20.06153751123219,9.38281313651069,3.0657375280312458,20.457150511574127,17817.51737213965
Akwa Ibom,South South,126583.0,15.1,13.107715235954165,5.186558119359632,25.07777917016213,12.763162525637425,4.773740495609915,25.194100662507523,12.436525204490728,4.322458886000539,25.466583822631172,16592.13917712786
Enugu,South East,148837.0,12.8,9.885172047861872,3.7110357972485213,20.072249728453706,9.459353657244934,3.281278950291675,19.971029159253263,9.059754538772824,2.9171437626603764,20.066569385696706,14712.793520876174
Edo,South South,147308.0,3.7,9.982940055590758,3.7851723613040433,19.91612149068675,9.799456525892104,3.5085053689570156,20.15368331287585,9.627296060334153,3.2229586318822703,20.506978246807243,14705.669337089634
Osun,South West,118739.0,9.4,12.068183377471048,4.608450603455812,23.52208717138002,12.124650861645867,4.397522876919293,24.43994250486285,12.189790256721167,4.1415217768905075,25.424906779674057,14329.640260575348
Imo,South East,161613.0,5.6,8.548358184719534,3.156561997306725,17.248764117418308,8.285654512657649,2.889517344010145,17.433447129827297,8.038458111286033,2.629988379123574,17.556445383456108,13815.25811307078
Ekiti,South West,111196.0,6.0,11.208931308821215,3.959966160103919,23.363459449744518,11.301572998056168,3.7777654183248317,24.165123765707232,11.403373455058995,3.5989282752057097,25.295004846508636,12463.883258156839
Abia,South East,139395.0,4.2,8.934719223619505,3.176813104832934,18.940905043039002,8.605915975904365,2.8485243735319457,18.94551276789428,8.297392306050243,2.5719097976563643,19.055228828050176,12454.551861764408
Bayelsa,South South,69053.0,19.1,18.00625524451514,7.202740312913048,34.41752826460711,17.31641918466145,6.517398181222943,34.29288472010659,16.661485784543316,5.951109711924852,34.20329449477212,12433.859433995038
Cross River,South South,107665.0,2.8,11.228166994059597,4.329858436427778,22.262007669817464,10.877421300676286,3.959847957352249,22.359503192295573,10.545396432329555,3.5766507024088305,22.51359804271731,12088.805994154265
Ebonyi,South East,114158.0,2.6,6.650460157602283,2.6650528171528007,12.760356823173899,6.356166353441414,2.3962529919291593,12.630418728693071,6.080800617332369,2.133321439479741,12.530241921615234,7592.032306715615
