Unnamed: 0,mean,sd,eti89_lb,eti89_ub,ess_bulk,ess_tail,r_hat,mcse_mean,mcse_sd
mu_alpha,-1.3292028356673615,0.1924883276505816,-1.6791411100062192,-1.075044958788884,3778.064762532026,3881.926333703703,1.0023803147842902,0.0034505468515164,0.0031041024710267
sig_a_z,0.5546351215114167,0.2139669291013554,0.2599272924415083,0.9273605561453307,3658.282036370437,4256.724790709614,1.001560183697736,0.0032240201165894,0.0022745125929333
b_year_g,-0.3390308890837966,0.078036114524957,-0.4690119677298012,-0.2234403361599879,5322.639166096074,5595.445885328474,1.0011010011206003,0.0011141566435382,0.0009024956893805
sig_b_z,0.2291478957686831,0.1124763987184993,0.0729457995328716,0.4281192458063593,5527.646896521506,5352.509898695728,1.0010993911841397,0.0013707839416193,0.0008275054569147
sig_a_s,0.2792324475075989,0.1383690955267669,0.0503807814934226,0.5018734708639145,2657.435417556062,2585.8659049362304,1.0013471445858428,0.0025696605300121,0.0012620139146554
sig_b_s,0.2048195192178351,0.083154515778136,0.0646667266106787,0.3363579760498618,2560.0540110246257,2523.8439651533517,1.002948874305539,0.0016390859721584,0.0009182885207901
tau,0.4315553935797271,0.0569289407593247,0.3423348634873014,0.5239330849388872,5624.86608788505,10211.566411171205,1.0005699927906784,0.0007574020477557,0.0003105010924978
sigma_u,0.8754337467545705,0.6058482259756501,0.08771531065771,1.9688653794777904,2549.1825925677817,3281.7763394452154,1.0030429791019833,0.0112951340484372,0.0058591174944448
rho_bym2,0.4845917809352797,0.3530550362306239,0.0072897523897246,0.9909486552018264,12432.34123498618,15234.883280371469,1.000128276294757,0.0029427775418533,0.0009781949933285
