k,m1_cum_pct,m2_cum_pct,m2_lo95,m2_hi95
1,0.6473406110125552,0.7489872037270964,0.6485056303188118,1.2374630287049595
2,1.2786751549635005,1.3335992509000714,1.2723623190432571,2.186703030072562
3,1.8854765901741801,1.9107583166028101,1.8696016635153359,3.039391072025947
4,2.4677449166445946,2.4769270287901604,2.4553203757315476,3.8539192967239124
5,3.0421054837929047,3.0370707591778747,3.03390718898365,4.649622161442986
6,3.6162278654194635,3.5908645891809803,3.5876963315117427,5.434498086481336
7,4.183728689541369,4.143095321238279,4.1280379869962776,6.158039642831369
8,4.7491334810718735,4.668442256237248,4.66775101393615,6.912803940281269
9,5.304867940419321,5.188120250772841,5.191021239833141,7.642460082467822
10,5.842309751696357,5.705218271729823,5.708451272580876,8.360516694684096
11,6.37522603806014,6.22137025242733,6.219681315411315,9.065055377447155
12,6.8958043143972665,6.726422129474241,6.727710652252601,9.7601011372601
13,7.384227545298122,7.229943520110272,7.220908335628476,10.441529753247341
14,7.868744533642276,7.730992571044302,7.710009217976961,11.104922702182016
15,8.352546965421178,8.227741730862364,8.200580740619172,11.76055915508131
16,8.83168096097378,8.723472266126143,8.687066819667608,12.405420096765752
17,9.29757184151707,9.216906410462942,9.159296985396972,13.03782036066385
18,9.762367068660312,9.709961799589626,9.6332830850132,13.65939402236731
19,10.222493859577249,10.19716729534573,10.100800887201183,14.282269811539091
20,10.682573013389836,10.681061327277932,10.564533272053723,14.8952566629787
21,11.141318328280626,11.15041803475689,11.021148182192091,15.498203963640325
22,11.593918456710258,11.615114891973404,11.481795623374476,16.093802424388517
23,12.04361272177454,12.075146964294078,11.929113302785492,16.688891961193924
24,12.49163968818657,12.522754854144816,12.372287356191576,17.26356904375563
25,12.938475726989848,12.97022859196424,12.816850445680958,17.836776982085542
26,13.378642571184123,13.415326595145356,13.250545556824484,18.419531186132804
27,13.811902035247648,13.857732536373826,13.68342841275044,18.994798059446286
28,14.243875297493716,14.296525820207165,14.115185289480731,19.555803260212823
29,14.66813134883508,14.728166593074087,14.540407476956789,20.132794691930894
30,15.092244488863399,15.1589973542644,14.957634013362705,20.695850173842704
31,15.509878982700108,15.580457046691782,15.37932608942386,21.227176244720216
32,15.919748628527767,16.001765343745202,15.789813502277122,21.79771071134451
33,16.32575966890307,16.42127366710635,16.215364809935537,22.344685592438797
34,16.723053119182318,16.83655325613957,16.634528919398615,22.898212053407857
35,17.112486447243814,17.25151566212485,17.041432577951944,23.417603459153877
36,17.500157202444356,17.663427159390864,17.46215688225715,23.93082787540204
37,17.8859224734709,18.07173832600967,17.8695497154756,24.447656125641416
38,18.270163357158236,18.477521060315393,18.275874396451464,24.971414249889968
39,18.651307829062826,18.876712656083054,18.668253079532,25.46703729712214
40,19.030975550732563,19.27283547519084,19.06569348791124,25.962911615648572
41,19.403116609914996,19.66829071402227,19.465563565476753,26.459041745937316
42,19.77292345098428,20.062902353397995,19.85144954391063,26.958549752451653
43,20.141301178923058,20.45690396990179,20.24295186317087,27.469013333812
44,20.50796397110524,20.84892856570927,20.621964751538055,27.98538459540498
45,20.87395984382652,21.240861722146533,21.0151406635573,28.461923369211597
46,21.236430570825892,21.629530447804513,21.391816404115044,28.93882423291927
47,21.59861547519917,22.01659593797613,21.78002731142843,29.422223754078388
48,21.958418524354947,22.394438474129117,22.1611315598584,29.904021888049403
49,22.315077524623618,22.768232035939246,22.529709988000356,30.386341093740203
50,22.660732353787434,23.13971976892338,22.911113791467056,30.856789590654458
51,23.004624610090303,23.51036741545247,23.288610383198712,31.332412146648927
52,23.344372438314714,23.874777334362545,23.659808390752136,31.807200428788942
53,23.681881322634673,24.2381914818864,24.025448789920738,32.277447960937224
54,24.016007972545783,24.600614044158377,24.394756279761953,32.69974380290497
55,24.349705888517743,24.961648392065385,24.765042857691828,33.173679871544856
56,24.682879796341854,25.320835275089372,25.12635173769445,33.60692223914761
57,25.01576788153986,25.679344904096162,25.484799775681022,34.02900833324314
58,25.345273732329016,26.03641920794242,25.842936574717918,34.467428158823985
59,25.67315992157027,26.39177786047055,26.196422631482136,34.91009170418978
60,25.999569360576675,26.74525584981764,26.54748569252769,35.341245082166076
61,26.320262347061075,27.097603470071967,26.894346133809037,35.77007252854692
62,26.64019313987588,27.44463287963457,27.247062397793158,36.20573053982825
63,26.960028658481978,27.78817454412731,27.599555137434933,36.640710800337196
64,27.27729177345318,28.13153427221301,27.946126760188967,37.07986377563032
65,27.593173412398226,28.47396123819786,28.290406730710334,37.507352344242555
66,27.90576809114312,28.814436038936638,28.63999046840229,37.93771749408998
67,28.216647834131415,29.149575675686318,28.98367934118506,38.35976791374084
68,28.52724175449361,29.48338929050656,29.32292116211776,38.78225146858305
69,28.837216392499254,29.817051517559374,29.667949588643953,39.201253355914936
70,29.144666263974344,30.149528831516616,30.004530353679733,39.613862073331475
71,29.449543731814536,30.477727004676453,30.33878713826956,40.00815170222328
72,29.751372424976324,30.805838349893833,30.670883760228328,40.41334357135164
73,30.05282002130331,31.133752878510553,31.00164878852319,40.82369209859842
74,30.351314117160598,31.461468107734586,31.321093384324545,41.21769462875573
75,30.649379479078735,31.78899617006522,31.648328898289176,41.5936895567927
76,30.945777542344622,32.11631536937535,31.97908380214356,41.97606314303767
77,31.241032315106104,32.44326568565098,32.30403791245259,42.36055981771652
78,31.53290485345874,32.76671755875793,32.63128608929954,42.75756476593262
79,31.82087114925467,33.089701386531914,32.95499281065902,43.16133610052413
80,32.1078847029636,33.412648803972125,33.26279964306405,43.560013410514415
81,32.39218294172458,33.73089732319224,33.58090917358085,43.941530257996945
82,32.6751949786681,34.04841316888317,33.8845046153826,44.313585167164064
83,32.958064104298586,34.361807922891145,34.187848112406684,44.70007622658682
84,33.24059977019861,34.674181110206995,34.49667070112133,45.06017513158945
85,33.52237324242904,34.98629509376343,34.79372682839945,45.43221400291962
86,33.80400380334641,35.298319995957286,35.09886768547403,45.81237134804652
87,34.084586347968084,35.61011292003062,35.41779824783198,46.184074778327705
88,34.36474015865061,35.919073724024265,35.71571358353324,46.53974455746629
89,34.64460814670704,36.22650920419133,36.02730730833456,46.89513274273582
90,34.92328520715471,36.533936383897505,36.33868250027944,47.246633335474336
91,35.19753201689783,36.84105544131262,36.65113584362478,47.600388768722716
92,35.46868241485821,37.14785200895856,36.945678402319075,47.97229776187222
93,35.739785175714225,37.45240133568784,37.233991200451186,48.3215312729855
94,36.01036392842239,37.7559290081971,37.52752997927258,48.67777447808304
95,36.28070449560881,38.058494910812875,37.83244502980339,49.027176271839984
96,36.54918721572558,38.359533427054984,38.12548481460728,49.375311067816305
97,36.81700301638145,38.66042586079002,38.414125963177725,49.708137285461305
98,37.08215113919371,38.9612798978251,38.706920105059446,50.04126087992236
99,37.346203608605926,39.26202086181557,38.9991611154228,50.38465737752204
100,37.607636037278894,39.56068336303362,39.3023314970962,50.72756452006968
101,37.868496820699654,39.85703761206276,39.580142551844126,51.06629423614329
102,38.12792849098992,40.15165946600609,39.87525149296631,51.39836838147341
103,38.38526412868878,40.44571731053613,40.169507624494265,51.72049570789361
104,38.64226630665719,40.7372446586311,40.45173759983856,52.061142708255325
105,38.89903029910385,41.028733037787006,40.72522490210494,52.399631804854465
106,39.15569901734181,41.31965672039758,41.000559456944025,52.74221898109424
107,39.41179609032757,41.60897001240975,41.2846941255772,53.0751734802889
108,39.66755970358288,41.89419152556951,41.5642973334264,53.39701990037639
109,39.922846945794696,42.17926973121452,41.84214748736349,53.712177499752265
110,40.177848365380406,42.46414004286441,42.11519325863831,54.033905873832886
111,40.43199231708781,42.746821367319946,42.38736838747598,54.35880692595009
112,40.68580280906477,43.02912378312107,42.66011747659407,54.68255103909961
113,40.938517647641675,43.311423088629866,42.92905838659976,54.99617403407905
114,41.190232107027235,43.59309089263062,43.20372582688303,55.2985193168197
115,41.44151783247364,43.87239555969181,43.468684787435386,55.594772299441416
116,41.691564993206946,44.14966370425715,43.73321347748761,55.89090562183087
117,41.941040508688054,44.42604426552991,44.002140501852885,56.19342663444219
118,42.189039273934306,44.70213505080803,44.26717655545794,56.49700737389359
119,42.43679985365881,44.97741802983914,44.532661232824736,56.79975362343255
120,42.68351241708762,45.2521582202216,44.80389984097412,57.10079897717321
121,42.92955806105552,45.526097781061104,45.06858241159478,57.39573725379616
122,43.17498442266688,45.799252999854595,45.33802688914367,57.687346286532396
123,43.41888639693903,46.070531694638305,45.60080729264352,57.97833889663277
124,43.66240727437638,46.33960835769619,45.87598222464836,58.26273398321365
125,43.90592815181373,46.60748122794102,46.14008129069307,58.56463651038321
126,44.149353755042384,46.87507174411339,46.39165865173547,58.86581918193976
127,44.39249353564494,47.141122034576,46.642033414363624,59.15788071349762
128,44.63539513072574,47.406421866279366,46.89194286595233,59.45454266452765
129,44.87805854028479,47.671481121198326,47.141465132398366,59.746456451093835
130,45.120674312739496,47.93565894733883,47.39074606028955,60.02649778387324
131,45.3628137141507,48.19975409376701,47.6405552008456,60.324009687863004
132,45.60423855899665,48.460316260329066,47.88903008233944,60.6093408648205
133,45.8441390165034,48.7193778570151,48.13263726401258,60.89232375182437
134,46.08365837717535,48.97787272009103,48.38424910468634,61.176214032261406
135,46.32265372969945,49.23576819777246,48.62992933563476,61.46045411662366
136,46.56136325959745,49.493538569202684,48.87206079383745,61.72828180178247
137,46.79921532161714,49.75049113418121,49.113755979401944,62.00511529619415
138,47.032446584514894,50.00710569990956,49.3519502576609,62.28144660183719
139,47.26543966189089,50.26270336640876,49.595499769716376,62.55661047534944
140,47.496527255092886,50.517669561238556,49.83344515822313,62.83080079938045
141,47.72751957408618,50.77233741934115,50.07673076835096,63.10102851408921
142,47.95827370755772,51.02501261724674,50.316970458666496,63.37060664616661
143,48.18864674419447,51.27765416594294,50.55693990408399,63.63216894005867
144,48.41768594190941,51.529176419834364,50.80014748225804,63.884171148630365
145,48.6465822283113,51.77723727421151,51.041790145803965,64.13590249826832
146,48.875478514713194,52.02509216355688,51.26824707125355,64.40781533000045
147,49.10346969613244,52.2727049224016,51.49812719305869,64.67236226355227
148,49.33127032913428,52.519989288374944,51.73202777490301,64.90972487637988
149,49.557022566649074,52.76683768958289,51.95752614700042,65.15852830026138
150,49.78253661864211,53.01037514444391,52.177206343273205,65.40347558219996
151,50.0080030335308,53.25323531986772,52.39959488583171,65.66085423268326
152,50.23313598868905,53.49555742558457,52.64490648874074,65.89226855116276
153,50.457316201760285,53.73565517649731,52.866529859183494,66.11992981774658
154,50.680305487222775,53.97483671098045,53.0788405875047,66.35036173941617
155,50.90210384507652,54.21284036900838,53.29274926213363,66.57286299338543
156,51.12380692872155,54.44959359384859,53.51951601684788,66.81718936342538
157,51.34455727027959,54.68493280928385,53.735566901797405,67.04648876407232
158,51.564211958437575,54.92002252237369,53.95159251157818,67.28152296466561
159,51.78381900949122,55.154508808281875,54.16766624123464,67.51237155312522
160,52.002520955562204,55.38589215373754,54.381558166071954,67.76208125748028
161,52.221127627424494,55.61707725166206,54.60387625076448,67.98498641283598
162,52.439686662182424,55.84794310361655,54.83093427583776,68.2153339481885
163,52.65748350327076,56.077692211814146,55.05815317704694,68.44930812458456
164,52.87494688462865,56.304073021002786,55.277839841792336,68.68211354666175
165,53.09221971756914,56.530356114994476,55.49937074710919,68.91459224281017
166,53.308730356840016,56.75635899155428,55.718851999006034,69.12648153284124
167,53.52457407665001,56.982066702212194,55.92041156754722,69.35141440585002
168,53.7401319738339,57.205817102313816,56.11429754259255,69.55751960585228
169,53.95545168549602,57.428883633894564,56.320936707449626,69.77472814459767
170,54.170771397158155,57.65183252416013,56.5276020606565,69.99896652705831
171,54.38413798754195,57.87442617290483,56.73364635127677,70.19666309645497
172,54.597123481090925,58.095846822162436,56.93330418620036,70.41751577393345
173,54.80715547417021,58.31472943093966,57.13799174322928,70.64797698573413
174,55.01604417674509,58.53082028226756,57.34453986805813,70.87008276339145
175,55.22398013723298,58.746724289385554,57.55237552954776,71.088923235406
176,55.430868081425146,58.96110368333359,57.75331724884422,71.29212632395101
177,55.63723201746947,59.17514364752506,57.955018255377155,71.5081077980415
178,55.84335776799206,59.38716341606868,58.15819867310682,71.72641133363632
179,56.04915005878419,59.598191268905296,58.36184628858391,71.94328370821664
180,56.25489471247197,59.80916298582698,58.56512164522628,72.15966617146101
181,56.4596389869684,60.01827059768738,58.76696436127049,72.35731421016281
182,56.664145075943075,60.22397391889821,58.96825204057124,72.54771764675148
183,56.8675555115177,60.428575706982,59.161896319741366,72.73872844610015
184,57.070203753422724,60.63157797369443,59.36163706831378,72.95323052405546
185,57.27270908401471,60.8344228447992,59.56472317796263,73.16698586789045
186,57.47359475305878,61.036780113775535,59.7659502386172,73.36199689197349
187,57.67443278499851,61.238627281003545,59.95572464430815,73.55443856976999
188,57.87498499431213,61.43999616584891,60.14387743054381,73.74631761480015
189,58.075156106790956,61.64085484102382,60.335544380695055,73.93809642127225
190,58.273993380347974,61.84028625123859,60.519001888959515,74.1240748347866
191,58.472783016800655,62.039336118696674,60.70713504781045,74.30734212043915
192,58.671048645105486,62.236863402683525,60.89407545965404,74.49057121351565
193,58.863836006410054,62.434264080623436,61.08296650491435,74.68937216498158
194,59.05638518219287,62.62892783424091,61.27183023982327,74.88606740831833
195,59.24874380955829,62.82302123047789,61.447726914148966,75.07048536879913
196,59.44005442062801,63.01361728523045,61.62283557284485,75.2501806642998
197,59.631365031697726,63.20181819990488,61.80981635467518,75.42491624708053
198,59.82248509435005,63.38930225007496,61.99860681832961,75.61159759531422
199,60.01346224568932,63.5741529709485,62.19192483411906,75.7879299049951
200,60.202009904706735,63.75853019779607,62.3829853775758,75.96253204460348
201,60.39036701530676,63.94251297982376,62.56347396874658,76.13708668295352
202,60.57643754489798,64.12480593456522,62.743074449139534,76.30869373552883
203,60.762031703445686,64.30602069578487,62.92954804249895,76.48022808444985
204,60.9476258619934,64.48679669167382,63.11041020844166,76.66108576073916
205,61.13155272188887,64.66545608954077,63.30020009169451,76.84705892163412
206,61.31538430757564,64.84379651544812,63.48957180525437,77.03165998955198
207,61.498739522218905,65.01963114816188,63.676931758554375,77.20218171253482
208,61.68166600292301,65.19534133409036,63.862007237958416,77.37217916726009
209,61.86121024921828,65.37054640944388,64.04484201825235,77.5463709170811
210,62.03965884211349,65.54460915659799,64.22765493639845,77.71770312023193
211,62.21724996713039,65.7184084172971,64.40095206150679,77.88549582011366
212,62.39203050299066,65.89105720832096,64.56702533723718,78.06283708370795
213,62.56676340174656,66.0634391601803,64.74694466285091,78.23746938246283
214,62.740543558415474,66.23561669691057,64.93133186729426,78.41207261008662
215,62.91422844087569,66.40685998265855,65.10508027993816,78.58627173164301
216,63.087103492561944,66.57702615711732,65.2752222704675,78.75881123253781
217,63.256834495361105,66.74661141577317,65.44308432581836,78.9311149403543
218,63.42623203842981,66.91269070192412,65.61658270341698,79.09197739915825
219,63.59520084755936,67.07845428091365,65.77732300343514,79.26199249197259
220,63.76407438248022,67.24395014453002,65.94471322367858,79.43312854585731
221,63.93275736898367,67.40819536930125,66.11218433369399,79.59757181794667
222,64.10086871023492,67.57222256519681,66.27601174097217,79.75968510760737
223,64.26797967229483,67.73599946924367,66.43912723132478,79.90921958105235
224,64.4347571746243,67.89560876568783,66.6023030850013,80.05624970587023
225,64.60115358011895,68.05465446766179,66.7637560843945,80.20851376414637
226,64.76578741275264,68.21332091467771,66.925916173615,80.36589313196482
227,64.92822993858624,68.37156530819681,67.09042950095595,80.52141258477991
228,65.09000554495896,68.52940978143998,67.25761033412108,80.67643688968741
229,65.2516382400186,68.68700649566915,67.4111514051185,80.83062062269231
230,65.4120800074695,68.84271517395332,67.56904328784006,80.98460538729364
231,65.57209304098124,68.99814958536803,67.7286232619501,81.13703048637615
232,65.7318202518669,69.15230475921912,67.87752588446497,81.2890127645703
233,65.8914998256482,69.30592174794079,68.02163835765161,81.44001062004506
234,66.0510841252208,69.45858367606948,68.17357997334494,81.58568439926607
235,66.21033496506294,69.61096896364434,68.3279358055571,81.7306906272746
236,66.36934761938335,69.76330660976996,68.48437220143684,81.87526397245843
237,66.528122088182,69.9139940797649,68.64703377027732,82.0188789556863
238,66.6860867262067,70.06323140811394,68.79621707153474,82.1620005901118
239,66.84338444477049,70.21244850640132,68.94759679251504,82.30465370027521
240,67.0004916149169,70.3614612531975,69.10079826810643,82.44470591608965
241,67.15712241401978,70.51041967028637,69.25411247581582,82.58962103468333
242,67.31256228551393,70.65793853283357,69.4069483425892,82.7316924578717
243,67.46762106017329,70.80508664155067,69.55923280223672,82.87203932941827
244,67.62201291537173,70.95096600145497,69.71190430085291,83.01102911904097
245,67.77559493979622,71.09420517365857,69.85931739632913,83.14906299883316
246,67.92779548819458,71.23632895482046,70.01030112035447,83.28360143564716
247,68.07961493975812,71.3783884463747,70.15435744291804,83.41495858054115
248,68.23138675421731,71.51999824504173,70.29683856177317,83.5459858810971
249,68.38282510894605,71.66112310650821,70.44244553607889,83.676730098628
250,68.53421582657046,71.80096348386552,70.58897688323165,83.80721534065142
251,68.68384397133389,71.94050605411239,70.73730092070757,83.9366832571275
252,68.83342447899298,72.07994590215098,70.88910081663732,84.06551843577016
253,68.98290971244339,72.21848372150228,71.0404013174197,84.1934488400175
254,69.13220439747639,72.35591790982613,71.18315746987159,84.32096499712459
255,69.28078452594411,72.49280154370375,71.327353939338,84.44665936830742
256,69.42817372680311,72.62965156562427,71.47168871118154,84.57214488002151
257,69.57551529055776,72.76630973304793,71.61416892386367,84.69701555664781
258,69.7222852090602,72.90187998713957,71.75570999537847,84.82181294570951
259,69.86872166783219,73.03571242894942,71.89768913422884,84.94451835145057
260,70.01472939266503,73.16926478354017,72.0400066517038,85.06663035423415
261,70.16064184328917,73.30196296947936,72.17716318465746,85.1880220548816
262,70.30607792286982,73.43441402023397,72.31987419029758,85.3065671609182
263,70.45132345403306,73.56591727458266,72.46067053663818,85.42435744872915
264,70.59623552546584,73.69714408567371,72.60009413122759,85.53870249423012
265,70.74109995979428,73.82817314746283,72.7393151410148,85.65275676809517
266,70.88582148280967,73.95811171127716,72.87653670552936,85.77673263242137
267,71.02987608636417,74.08748221890565,73.01320666633082,85.90074753228701
268,71.1727397623099,74.21670166047114,73.14881436361294,86.02314766503696
269,71.3152699785252,74.34576220839404,73.28382337578414,86.13854940018093
270,71.45741909790569,74.4729102228854,73.4178173953531,86.24906834735289
271,71.59899657203397,74.59992400952407,73.55572422729956,86.36070100366749
272,71.74033586064051,74.72642941797668,73.68479611628115,86.47539504771571
273,71.88105586689049,74.85268564060492,73.81772342779742,86.58225480553449
274,72.02044203421869,74.97711437892343,73.95041140422838,86.68894662522496
275,72.15963765312947,75.10115261370467,74.07755547789098,86.79551239666496
276,72.2979281670576,75.22480558464802,74.20672847888898,86.90125243200517
277,72.43540885021179,75.34772230696288,74.33837605152294,87.00589464069897
278,72.57236552521813,75.47055881816819,74.46660406678646,87.11015289731947
279,72.70898874049402,75.59336999810877,74.59309795472133,87.21413400864678
280,72.84480212499595,75.71588495145481,74.71922509325644,87.31754091460796
281,72.98013913845438,75.83795871522632,74.84527880279501,87.41962953032132
282,73.11376121615622,75.95999378678428,74.97116630990371,87.52148669418085
283,73.247240382545,76.08056762438743,75.09671223481395,87.6281473185018
284,73.38043372630769,76.200527702403,75.2220800934276,87.73853082323312
285,73.51286487640077,76.31918556209845,75.34525150273538,87.8478769866297
286,73.64343817942421,76.43635600271136,75.46779196176789,87.95715236082064
287,73.77386857113459,76.5532805995826,75.58959477918319,88.05819544089911
288,73.9020600189405,76.66961481280254,75.71044176250956,88.15387410860318
289,74.03006091832904,76.78474684567821,75.83111483324791,88.25725141252731
290,74.15772835798712,76.89961624531581,75.95254129278545,88.35769968143983
291,74.28410959582776,77.01358505205425,76.06788744367938,88.45381553428076
292,74.41015737393793,77.12742500327303,76.18238874217032,88.54810435460229
293,74.53549059548286,77.24105113730711,76.29919320369143,88.64554409424355
294,74.66049035729733,77.35439849555303,76.42026555094968,88.74645650998977
295,74.78415628019002,77.46772994592031,76.54106881559582,88.84679700609915
296,74.90777456597834,77.58040752055724,76.66197818058076,88.94694434851547
297,75.03029719836663,77.69274260542225,76.78223754419896,89.04327786460054
298,75.15243873392009,77.80430154455374,76.90207929941035,89.13426570298151
299,75.27334170476047,77.91456317918747,77.02131742477808,89.22366623320822
300,75.3941970384965,78.02457700411533,77.13879247073035,89.31282078145759
301,75.51500473512817,78.13390138239225,77.25523427883884,89.40167856902782
302,75.63476441546415,78.24300659798674,77.37191216330264,89.48974261946205
303,75.75380953923488,78.352053576597,77.48713313913612,89.57764229647537
304,75.8727593887969,78.46084472295682,77.60744932985729,89.66502376173797
305,75.99118523021107,78.5694294823068,77.72867410018614,89.75584765146785
306,76.10889651506,78.67799011506357,77.84874434608058,89.8401704356389
307,76.22641725149151,78.78652759384775,77.96503940858783,89.93246448253832
308,76.34336634267083,78.89228408326633,78.0805201559821,90.02595550416166
309,76.45964851438927,78.99783764484613,78.19564888015799,90.1189444099988
310,76.57574013769029,79.10336435709458,78.31049853010768,90.21137744780108
311,76.69173648678262,79.20855699170357,78.42333445401624,90.29091572949115
312,76.80754228745754,79.31367952669609,78.53252071640361,90.38423442263887
313,76.92330045102811,79.4182827638188,78.64283446884531,90.47731968515816
314,77.03891570328562,79.52225244242015,78.75632581157078,90.56126090903724
315,77.1537211247692,79.62610206389228,78.86486675720758,90.63637490220003
316,77.26838363493972,79.72990099754249,78.97089952987767,90.71136676652694
317,77.38285559669285,79.83269834803541,79.07762465236249,90.78535371550304
318,77.4963271792546,79.9350731934136,79.18495057339217,90.8580526952925
319,77.60889365683373,80.03736999933442,79.29553369822635,90.93057024877025
320,77.7204597552215,80.1393847244027,79.40903016509445,91.00292998128222
321,77.83150184546143,80.24106435422276,79.51599185181283,91.07507621979804
322,77.94206756465785,80.34271201827926,79.62541348317373,91.14705870527474
323,78.05234746122815,80.44426491094947,79.73152095461579,91.21884677553695
324,78.16219862385933,80.54573999014951,79.83662098291357,91.29731795294381
325,78.2719545122818,80.64678304227118,79.94159329788393,91.37314635723098
326,78.38147221518251,80.74779547172182,80.04639106941994,91.43939863705889
327,78.49070409545713,80.84825469670515,80.14887433035176,91.5052067013286
328,78.59936433047955,80.94838217138397,80.25121976501624,91.58526477897153
329,78.70740528314542,81.04795341182572,80.3540740954567,91.66705436427424
330,78.8147793163504,81.14690171266001,80.45535829443811,91.7486934749956
331,78.92201043824231,81.24579178698109,80.55699468664272,91.83015102277547
332,79.02905101171682,81.34378691122208,80.65777756870656,91.91068444168307
333,79.13504356889564,81.44153989476297,80.75815345484449,91.98241792758647
334,79.24089321476141,81.53873440660006,80.85838479753554,92.05331948142718
335,79.34669522352283,81.6354396897675,80.95777983330842,92.12419143512447
336,79.45240195807554,81.73173691030627,81.05661997825926,92.19478401734459
337,79.5580610555239,81.82781896688492,81.15517463543071,92.26468944659887
338,79.66310087061572,81.9235751102947,81.25360957969812,92.33418023466572
339,79.76804541149883,82.01913675127747,81.35359732400748,92.40308061027284
340,79.87289467817324,82.1145064394101,81.45295326506236,92.46768168702656
341,79.97693411407371,82.20960923726572,81.55530072404791,92.52618751821358
342,80.08016371920023,82.30469531053508,81.65599429923378,92.59708521618963
343,80.18277404197019,82.39891711248742,81.75168918608955,92.66766941719214
344,80.28528909053145,82.49253357025995,81.85064739943881,92.73794889088343
345,80.38475536441432,82.58435082705003,81.9497073773219,92.80582195981998
346,80.48360235594063,82.67591734030384,82.0486794404375,92.87102009169247
347,80.58125841985819,82.76743696055958,82.1471829446021,92.93707486530538
348,80.67877157246271,82.85891034847943,82.24546900785207,92.99736949974218
349,80.77618945085851,82.95020935861022,82.34090011144198,93.05993579670073
350,80.87346441794128,83.041506811704,82.4370398884238,93.12214216896756
351,80.97069174791969,83.13277489092118,82.5301754713946,93.18409797279399
352,81.06777616658505,83.22341394287942,82.6258394778018,93.24602970130711
353,81.16481294814606,83.31404180003963,82.72428257271349,93.30756291540084
354,81.26165918128967,83.40423131158616,82.82243317588092,93.3671609897271
355,81.35845777732894,83.49429872299388,82.911703364648,93.4268363485283
356,81.45449417969859,83.58414667158233,83.00096657428405,93.48849085112978
357,81.54891092052034,83.67371666281147,83.09165228456078,93.5499496709328
358,81.64328002423777,83.76295381875852,83.18527148364443,93.60555107260507
359,81.73669638586817,83.85174447583226,83.28555390939631,93.66230269121664
360,81.82987456197682,83.93977093851127,83.38002819846697,93.72507640294943
361,81.92262400414634,84.02756880210876,83.4671624620984,93.78788820779273
362,82.0143730671245,84.11534561618954,83.55410988100881,93.85055368565898
363,82.10555048485045,84.20311359199133,83.64087492799085,93.91223161330124
364,82.1967279025764,84.29077005873688,83.72831919245593,93.96875136375027
365,82.28781004609365,84.37748443186031,83.81848744295984,94.02136236519499
366,82.37808235883696,84.46403182329087,83.90853753658973,94.07842931307052
367,82.46787830053678,84.55039983578855,83.99854730215694,94.13753650770889
368,82.55676913725392,84.63675406434454,84.08821238453301,94.19995645673754
369,82.64523124003193,84.72309440460323,84.17752136549056,94.25485092868722
370,82.73269296361859,84.80832290928198,84.26664732372019,94.3084050832347
371,82.8200117758922,84.89350960757737,84.35088928809478,94.36161893934938
372,82.90728295106145,84.97836914210774,84.44093742732507,94.41466333576003
373,82.99403011808285,85.0628799677806,84.52565338829083,94.46881860743984
374,83.08030091406076,85.1473875093149,84.6103399752188,94.5228216766392
375,83.16657171003867,85.23059223239248,84.69525717661391,94.57678410377395
376,83.25236613497307,85.3137553081106,84.78144130900782,94.62949019788635
377,83.33816055990746,85.39689072462848,84.86445686755418,94.68003540493166
378,83.42390734773753,85.47967605333615,84.94743007334155,94.73052521515886
379,83.50941595004583,85.56238400590858,85.02992396814562,94.78084798550569
380,83.59430526999758,85.64507136341612,85.11072047182815,94.83036076192617
381,83.67876585601019,85.72701334317536,85.19333200844105,94.8794353776807
382,83.76317880491844,85.8086983551143,85.27562413191824,94.9272935518502
383,83.8473059312006,85.8894207225235,85.35735372026362,94.97425001708122
384,83.93129014616969,85.97005460247313,85.44073540058231,95.01682593956879
385,84.01479799009529,86.05025269650953,85.52038528571939,95.06746852622375
386,84.0977341887687,86.13036742883513,85.60151013538963,95.11371602098336
387,84.18062275033775,86.21001456892566,85.68205129111409,95.15978329012039
388,84.26341603769811,86.28940447749643,85.76255740290152,95.20518407065084
389,84.34620932505845,86.36821965461584,85.84158093683811,95.24859938320878
390,84.42819278164485,86.44688370206556,85.9225647666743,95.2916429139588
391,84.5101286011269,86.52544263368682,86.0022266389537,95.33420985307836
392,84.59192150929591,86.6019912649768,86.08160621403609,95.37663653168693
393,84.67299986089965,86.6785341262063,86.16027883143225,95.41884456917475
394,84.75403057539906,86.7548673745009,86.23875880493658,95.46070593592793
395,84.83501365279412,86.83113370625067,86.31704739363182,95.50243302597003
396,84.91566327045871,86.90706261640115,86.39313789727296,95.54381958132723
397,84.9961223397059,86.98296788038729,86.47081985537643,95.58486446084498
398,85.07648613474441,87.05843264521583,86.5501100465824,95.62617548727026
399,85.15680229267856,87.13365898972009,86.63056169946834,95.66616798265888
400,85.23668971667355,87.2087288249869,86.70417160338788,95.71129363370464
401,85.31648186645985,87.28357509857865,86.77772189411428,95.75716374124242
402,85.39617874203745,87.35749902993743,86.8508093747021,95.80099713188572
403,85.47539924657156,87.43110419774646,86.92385817430544,95.84069858853987
404,85.5542862913752,87.50421665030737,86.99815505085026,95.88019928651374
405,85.63245877961361,87.57725973512287,87.07851403843566,95.9196614943047
406,85.710631267852,87.65016692829259,87.15869142164429,95.95821351102931
407,85.7888037560904,87.72287777125439,87.2381969281375,95.99675983348874
408,85.86592822803311,87.79550783996342,87.3174842268865,96.03459187589608
409,85.94295742576709,87.86798695291309,87.38932923027272,96.07240664616685
410,86.01993898639675,87.93831971094772,87.45871251630487,96.1099925618117
411,86.09668236150465,88.00859914588756,87.52796974515624,96.14741212376872
412,86.17256826873424,88.0787166921296,87.59890629775157,96.18459086028514
413,86.2483112646508,88.14871468611494,87.67573389165264,96.2217631125675
414,86.3221964134977,88.2186945711655,87.74703585274428,96.25865740263359
415,86.39593865103153,88.28842773795238,87.81568927098397,96.29513411510173
416,86.46963325146103,88.35803579975735,87.8841194669198,96.33304734406529
417,86.54294675505572,88.42756007491896,87.95236838672572,96.3713253836273
418,86.61583152471127,88.49696366474711,88.02056294793577,96.40949038741279
419,86.68828756042767,88.56568311722344,88.08969035112689,96.44596737542317
420,86.76069595903971,88.63333057570205,88.16176364789055,96.47853379324373
421,86.83310435765176,88.70093229697159,88.23339797071205,96.51090912413656
422,86.90546511915946,88.76851380063447,88.30336101581636,96.5469168072024
423,86.9775876951454,88.8349706095862,88.37178124065346,96.58339912352135
424,87.0472807788095,88.9013409408719,88.44011646285318,96.61985182895819
425,87.11678331405619,88.96770550635657,88.5131928137707,96.65292900129566
426,87.18609530088548,89.03394959156172,88.58296462098562,96.68529021126017
427,87.25535965061042,89.10018566331168,88.65253834764489,96.71983165847573
428,87.32443345191795,89.16639211987872,88.72125729974893,96.75359051667047
429,87.39336434191246,89.23253910231836,88.78917902748455,96.78618928613817
430,87.4616759495504,89.29868420367,88.85699916804255,96.81842627895422
431,87.5293682748318,89.3642579536644,88.92430281356185,96.85055518442587
432,87.59691768880013,89.42937897541442,88.99156655578663,96.88264202276181
433,87.66437182855978,89.49425015396668,89.05645830121944,96.91470970523935
434,87.73163541990202,89.5587929043605,89.12064094131394,96.94638153700069
435,87.79842264020076,89.62323824632912,89.18430889741961,96.97804333123545
436,87.86487640076905,89.68745234935173,89.24728447976582,97.00940334595235
437,87.93133016133734,89.75139500130476,89.31428122132337,97.04072687464362
438,87.99764101059259,89.81495044117885,89.38216992118126,97.07182144389844
439,88.06366603722174,89.87847295029214,89.44927388965458,97.10240232452736
440,88.12907178149432,89.94178594493405,89.51561110469679,97.1323765081959
441,88.19433461445387,90.00508136912934,89.58170835300803,97.16098727274394
442,88.2595021732047,90.068359950445,89.64758252565905,97.18957874602782
443,88.3246220948512,90.13157491739234,89.71178853706716,97.21805320237955
444,88.38945619387158,90.19451721188105,89.77542741389294,97.24645402193121
445,88.45424265578762,90.2572580151621,89.83885825844537,97.2747440488483
446,88.51864802086887,90.3199643695239,89.90179977736565,97.30232128931942
447,88.58276756332401,90.38227177129659,89.96430766341773,97.3284666265356
448,88.6468394686748,90.4439408307859,90.02467870250966,97.35431905494407
449,88.71062555139947,90.50560232540799,90.08200425622914,97.38369904820034
450,88.77407817439372,90.56673490825929,90.14797370958667,97.41130146561227
451,88.83729261186622,90.62722479692849,90.2120054019182,97.43823240910253
452,88.90026886381696,90.68707945472148,90.2726259719472,97.46506245478494
453,88.96295929314158,90.7469294900881,90.33273640703919,97.49162383692833
454,89.02507807721403,90.80662111294436,90.39505530434501,97.51782784059586
455,89.08710158707777,90.8653768118866,90.45346178463689,97.54387398921955
456,89.14907745983716,90.92369848035892,90.51182976688895,97.56980790237904
457,89.21100569549219,90.98195784362075,90.57024018909709,97.59569552529348
458,89.27240992299939,91.03873668287953,90.62857100190463,97.62141186087688
459,89.33333777946308,91.09530426026525,90.69300148731365,97.6467771871899
460,89.39388453909196,91.15077939438211,90.75004584099031,97.67304201589975
461,89.4541931131991,91.20550813129694,90.80505642455763,97.70063559287662
462,89.51450168730624,91.26022845497268,90.85977042421558,97.72822013688567
463,89.57471498720467,91.31484543432379,90.91429465498362,97.75274975571395
464,89.63454719026831,91.36909288140828,90.97367813641804,97.77675915272815
465,89.69437939333194,91.42303080492606,91.03517621578006,97.80035141575964
466,89.75402104797818,91.47666239473625,91.09665426616345,97.82366301312531
467,89.81366270262441,91.52987816765948,91.15759795591516,97.84669407158296
468,89.8731614459576,91.5828106337595,91.21806862621024,97.86944791721098
469,89.9326601892908,91.63546732070326,91.27635872389668,97.89209156050336
470,89.99206365841529,91.68811091043263,91.33048822689516,97.91662164399943
471,90.05132421622673,91.74068245603338,91.38452157430747,97.940990059447
472,90.11044186272511,91.79304835789317,91.43827582053768,97.96420880328607
473,90.1686067671365,91.84537564344899,91.49195656740144,97.98395538196895
474,90.22672403444354,91.89751139558447,91.54532535187094,98.00418087987329
475,90.28469839043753,91.94913862716771,91.60238414390707,98.02611001103934
476,90.3422916495967,92.00043909134759,91.6624006678033,98.04817481876927
477,90.39983727165153,92.05117618798275,91.72101265103106,98.07160152729875
478,90.45723998239332,92.10175509706094,91.77591584878104,98.09388161931187
479,90.51445214471772,92.15226049112482,91.83073981885703,98.1148484002064
480,90.5715690328334,92.20178462962106,91.8850537191338,98.13575838573935
481,90.62854300963603,92.25129743339276,91.93880030237302,98.15636473595666
482,90.68527880091692,92.30073970880112,91.99196335025808,98.17672772197683
483,90.74187168088476,92.35006814121923,92.04506561144487,98.19697145804389
484,90.79817873822648,92.3992443849575,92.0978176868313,98.21665969474388
485,90.85443815846388,92.4483830357318,92.15049887938741,98.23644905399865
486,90.91060230449256,92.49745384967738,92.20245130187142,98.25753439747618
487,90.9665282649995,92.54644793591056,92.25394966004843,98.27869349658594
488,91.02240658840208,92.59535035647761,92.3046859496991,98.299151869654
489,91.07823727470031,92.64389950118493,92.35567160796495,98.31818694820795
490,91.13387741258116,92.69243297921943,92.40647433144798,98.3369982443245
491,91.18951755046199,92.74052458461244,92.45700287544244,98.3557191976893
492,91.24491950282106,92.78860481175687,92.5078091848894,98.37504780770452
493,91.29989272124101,92.83661106177301,92.55792055424047,98.39428269559887
494,91.35477066545224,92.88454666910575,92.60858295762306,98.4137926977672
495,91.40950569835043,92.93230102657914,92.65925041720135,98.43233893908281
496,91.46409781993555,92.97991778647285,92.70970035040173,98.45110683872107
497,91.51807065916414,93.02743821292344,92.76013815951217,98.46963842913836
498,91.57199586128837,93.07479760826173,92.81114812055527,98.48776513281312
499,91.62568287789085,93.12201116876037,92.8627767107999,98.50508061105289
500,91.67898879765855,93.16843208524189,92.91019996169112,98.52098635068411
501,91.73224708032187,93.21431468485592,92.9595468954939,98.53679543231958
502,91.78498135483736,93.26010525364453,93.00684747625047,98.55259527183813
503,91.83733453251804,93.30553879773767,93.05315396158562,98.56961191006512
504,91.88949716178132,93.35094517026525,93.09991264572277,98.58685830519192
505,91.94161215394026,93.39600051010147,93.14924423477959,98.60407440081221
506,91.99320313795134,93.4408207928254,93.19404845881154,98.62092197485343
507,92.04450829933633,93.48543454148535,93.2416571765947,98.63643243755159
508,92.09567054940825,93.5299925213195,93.28921483921339,98.65232018798615
509,92.14683279948018,93.57444131598399,93.33644594530578,98.66769345490431
510,92.19770922692602,93.6188053164324,93.38318230518537,98.68278524051003
511,92.24791873491095,93.66241627117931,93.43195437598473,98.69829573928588
512,92.29798533158284,93.70589596629078,93.47900812938032,98.71348844655115
513,92.34795665404602,93.74918285742854,93.52150809521356,98.72924800468624
514,92.39773742809179,93.79242842966859,93.56611053774357,98.74429351006894
515,92.44747056503321,93.83531197087413,93.60857381250183,98.75974846224136
516,92.4968702422442,93.87751611934767,93.65089499398269,98.77473326372424
517,92.54617464524648,93.91969898350878,93.69495750781971,98.78958423670495
518,92.59538377404006,93.96175983196811,93.74283853320759,98.80386595833325
519,92.6443547173119,94.00362742074292,93.79065847991855,98.8181191191468
520,92.69332566058372,94.0454888099353,93.83645363571708,98.83231761629003
521,92.7418678699164,94.08722707448545,93.88073795086832,98.84648694238115
522,92.79036244214474,94.12829461563888,93.92496999043392,98.86023872770146
523,92.83842828043392,94.16936049563657,93.9691641142347,98.87397760322978
524,92.88644648161875,94.21005963565675,94.01352785602501,98.88810374048138
525,92.93327375519482,94.25067206855631,94.05883309653075,98.90108205117812
526,92.9801010287709,94.29100907084813,94.10270172114818,98.9142734515837
527,93.02683302813828,94.33131973799668,94.14494582144079,98.92753741106823
528,93.07346975329696,94.371622519615,94.18538713992547,98.9406441396975
529,93.11948719609909,94.4115585055195,94.22763153911366,98.95372626606775
530,93.16545700179687,94.45134267678151,94.26963311096358,98.9669062524601
531,93.21104571065985,94.49106016869133,94.31153277748925,98.98002460392867
532,93.25653914531414,94.53030374969022,94.35332407853716,98.99267808085294
533,93.30169912023796,94.56951623878136,94.39488778403962,99.0055515395461
534,93.34662090964004,94.60869354639576,94.43641976122382,99.01832400579327
535,93.39154269904212,94.64776737390652,94.47777024395407,99.03072715717501
536,93.43641685133984,94.68663401805382,94.51879268521499,99.04271425907872
537,93.48076699548972,94.7254135392775,94.56050959720025,99.05379651613713
538,93.52506950253525,94.7638499521314,94.60262922837748,99.06598425863649
539,93.56913382405902,94.8022799456172,94.64166140583373,99.0782501652744
540,93.6131981455828,94.84053442500225,94.68349631757718,99.08995327507635
541,93.65721483000223,94.87871831200432,94.72677024486698,99.10124987135455
542,93.7011838773173,94.91677987154695,94.76695552893267,99.1125167684253
543,93.74491473911063,94.95461923487012,94.80709218513846,99.12377476856244
544,93.78850268959091,94.9920950526504,94.84710468007079,99.13585929729892
545,93.83204300296684,95.02914977490533,94.88708582064248,99.14674443518867
546,93.87539276792538,95.06610323190883,94.9269599174092,99.15912668936114
547,93.91855198446649,95.10279863015613,94.96681390868058,99.17143949981497
548,93.96166356390327,95.13932985600448,95.00666001357646,99.18244443870077
549,94.0045369578183,95.1758432737634,95.04462596992605,99.19329258125128
550,94.04736271462897,95.21216651750439,95.0840236374589,99.20332359153625
551,94.0901408343353,95.24846017064895,95.12335592324428,99.2129708961089
552,94.13282367983292,95.28458586629809,95.16205694056111,99.22252548189138
553,94.17541125112186,95.32058376277818,95.2005586895167,99.23190750002082
554,94.21795118530642,95.3561603519089,95.23868411331394,99.24158152837826
555,94.26049111949101,95.39159181242667,95.27672279600706,99.25166827642818
556,94.30288814236253,95.42688514261233,95.31473535980359,99.26109848273113
557,94.34528516523406,95.46217415263764,95.35264376629651,99.27218732439093
558,94.38763455100123,95.49741983686016,95.39057477009342,99.28373515479637
559,94.42941229151621,95.53240826024046,95.4284927336367,99.29371455822616
560,94.47119003203119,95.56718415861305,95.46634613828995,99.30277238312712
561,94.51282486123311,95.60189532573,95.50367528997985,99.31177124903313
562,94.55426914201765,95.63655162139978,95.54072924727937,99.32064442675389
563,94.59566578569782,95.67060101996125,95.57772683769505,99.32939673504413
564,94.6367766067519,95.70436586144488,95.61491898081319,99.33811226462241
565,94.67783979070163,95.73780724952292,95.65278034475115,99.34766396881743
566,94.71861715202525,95.77085357051767,95.69045284770347,99.35648297005979
567,94.75896577940972,95.80380124357394,95.72462836688092,99.36583903210767
568,94.7993144067942,95.83674234678956,95.7610731496816,99.37505424275871
569,94.83961539707431,95.86941967297669,95.79699066243465,99.3842543122982
570,94.8798687502501,95.90208780497093,95.83375577444501,99.39336603334472
571,94.91997919211282,95.9347110436433,95.87002123821507,99.40245659688999
572,94.95985144845379,95.96730804291718,95.90615002824637,99.41119929521247
573,94.99967606769042,95.9996388075172,95.94222941469503,99.41932387297663
574,95.03950068692704,96.03179191012705,95.9782605607278,99.42713339889244
575,95.07918239485062,96.06369284304624,96.0124135377359,99.4349148702374
576,95.11872119146115,96.09555473319458,96.04608727385555,99.44256706209991
577,95.15773597992381,96.12722445866628,96.07954940836565,99.4505396431424
578,95.19665549417779,96.15885300999264,96.11289448681939,99.45869124168112
579,95.23552737132742,96.1903730944277,96.1461234594783,99.46642262759455
580,95.27430397426834,96.22171317945212,96.17942934668582,99.47411506644936
581,95.31303294010492,96.25299918089648,96.21191962442845,99.48175272016515
582,95.35171426883714,96.28411627020563,96.24446083320451,99.4890364498489
583,95.39034796046502,96.31518047797437,96.27697219212665,99.49680641467752
584,95.4288863778842,96.34620228134719,96.30924312270989,99.50493961601042
585,95.46709133557292,96.37693714731547,96.34069502906213,99.51269806263541
586,95.50520101905293,96.40759647047679,96.37185316032188,99.5203820839673
587,95.5432630654286,96.43812975182506,96.40288985981682,99.5280394265549
588,95.58127747469993,96.4685675280566,96.4342032285485,99.53476608280694
589,95.61914897265821,96.49888456718055,96.46678665209846,99.54276669969984
590,95.65702047061649,96.52917328811228,96.49874063923676,99.55000263868098
591,95.69479669436606,96.55944619436913,96.53179240836289,99.55716201337447
592,95.73257291811564,96.58971550072576,96.5641508554088,99.56431820699376
593,95.7701585934478,96.61976141671157,96.59649913008877,99.57146941197954
594,95.80774426877997,96.64966854971046,96.6287011410997,99.57857717377763
595,95.84504412148604,96.67937097029042,96.66080954789048,99.58568258356456
596,95.88224869998342,96.70883031904538,96.69280404524226,99.59274538455406
597,95.91945327848079,96.73815778033277,96.72477885342079,99.59955742880788
598,95.95665785697817,96.7674607578858,96.75624441667824,99.6057547526673
599,95.99348133864073,96.79673897237751,96.78772083099139,99.61189336129226
600,96.03016190899027,96.82595373800875,96.8189145756673,99.61796873562285
601,96.06660429381803,96.85513852491424,96.85000834719393,99.62373128593381
602,96.10280849312406,96.88430763421677,96.87936031530901,99.62939777091474
603,96.13891741822138,96.91329355374745,96.90813402760952,99.63499404686034
604,96.17497870621435,96.94222281194692,96.9356752387521,99.64050234083258
605,96.21094471999862,96.97111019863833,96.9630223945501,99.64594770253981
606,96.2469107337829,96.99991238074455,96.99021414229347,99.65147352923759
607,96.28282911046281,97.02852116238144,97.01947824538375,99.65719281583957
608,96.31869985003839,97.05696290521385,97.0497361175768,99.66285674588691
609,96.35457058961396,97.0853528707181,97.07998043133584,99.66847304204843
610,96.39006023235474,97.1135134355237,97.10848384610308,99.67408032781121
611,96.42540696378246,97.1412953948081,97.13709959446412,99.67967361101924
612,96.46065842100148,97.16865047169308,97.16479960574667,99.68525714795761
613,96.49586224111616,97.19576341944861,97.19240298940282,99.69075851193953
614,96.53101842412649,97.22250315216996,97.21962799961445,99.69625035455974
615,96.56603169582375,97.24889498625738,97.24687074288141,99.70157352656993
616,96.60085441910363,97.27527127404704,97.27633952677175,99.70687740391232
617,96.63562950527914,97.30151828787035,97.30648919979045,99.71207152875289
618,96.67021404303726,97.3277330302671,97.33466811336444,99.7172391102877
619,96.70465566948235,97.35354970606525,97.36105996575223,99.72238625500766
620,96.73890674751001,97.37925313322312,97.39167087402393,99.72741770442697
621,96.77315782553768,97.40489876685967,97.42228054470023,99.7324448255785
622,96.807361266461,97.43020687609368,97.44923997043671,99.73741170017155
623,96.84146943317562,97.45526720622752,97.47514399360419,99.74192989812975
624,96.87543468857719,97.48025663926202,97.5009447006406,99.74623514227717
625,96.90935230687442,97.50504880607413,97.52975190627753,99.75048161018512
626,96.94322228806729,97.52955920396325,97.55955716061821,99.75464552779968
627,96.97704463215581,97.55405151731436,97.58489615987133,99.75880751772743
628,97.01077170203563,97.57826432735791,97.61073158522183,99.76292790280611
629,97.04411767508066,97.60244155664466,97.63597342477371,99.76700877634745
630,97.07736837391697,97.62628332460628,97.66119915179522,99.77106804782305
631,97.11052379854459,97.65010311110616,97.68635663711342,99.77505624190748
632,97.14363158606785,97.67380966855102,97.71148957315607,99.77903103828871
633,97.17645355096504,97.69734666532013,97.73648392702637,99.78298638739008
634,97.20922787875786,97.7208188502004,97.7614269251394,99.78687435492054
635,97.24162110971587,97.7442292582989,97.78604425386382,99.79079783717809
636,97.2739190664652,97.76727703807337,97.80976489203131,99.79492014510744
637,97.30621702321451,97.79022417594962,97.8327046827529,99.79854126089869
638,97.33846734285947,97.81316252962881,97.8578330313336,99.80223092806905
639,97.37057475119141,97.83607345854863,97.88097699895667,99.80597709936413
640,97.40215815137547,97.85887466842541,97.90407771449422,99.80971850246311
641,97.43364627735083,97.8816734156799,97.92722890957482,99.81339999381511
642,97.46508676622186,97.90427805350637,97.95221758021216,99.81707562524296
643,97.49652725509289,97.92675385027498,97.97756463577639,99.82072103907043
644,97.5277771955465,97.94921282211104,98.00279292342397,99.82428280676868
645,97.55897949889577,97.97159556635717,98.02639435225203,99.82761080888555
646,97.59008652803635,97.99384846720837,98.04998750478128,99.83141128657525
647,97.6210982829682,98.01601063974971,98.07313562660552,99.83489439168389
648,97.65187185237832,98.03785298826168,98.09412984544348,99.8382628206774
649,97.68264542178845,98.05964581863668,98.11514345125029,99.84169041277882
650,97.71322844278116,98.0814350471234,98.13655982826845,99.84509366435489
651,97.7438114637739,98.10312161653583,98.162443186162,99.84841057986222
652,97.7742992105579,98.12463481445455,98.18865592674251,99.85145890829824
653,97.80473932023757,98.14586459731174,98.21172420045801,99.85464428238782
654,97.83508415570854,98.16700545147327,98.23425485389761,99.85751579937451
655,97.86504789434471,98.18810626770335,98.25668558940968,99.86032801966054
656,97.89491635877218,98.209205381049,98.27901566978775,99.86313548087689
657,97.92440372636484,98.23026203641685,98.3005108952827,99.86590085533004
658,97.95370054554013,98.25124986876259,98.32249284900236,99.86863942223697
659,97.98294972761103,98.27222494683092,98.34360434377297,99.87144189018318
660,98.01167490153411,98.29310099307898,98.36474161766337,99.87427351133155
661,98.04001897862238,98.31392986240556,98.3857383116311,99.87698751306024
662,98.06836305571063,98.3342951661212,98.40679817732678,99.87935479252995
663,98.09646894727716,98.35458962399414,98.42701453028198,99.88169082449114
664,98.12414610490453,98.37482561364997,98.44843313397672,99.8841372504969
665,98.15182326253189,98.39505345752116,98.47054690314938,99.8866976638172
666,98.17945278305491,98.41521797240827,98.49241405572145,99.88915983723793
667,98.20703466647358,98.43537900834653,98.51406858920656,99.8917620204546
668,98.23442600147484,98.45524779980312,98.5351850349384,99.89448023847714
669,98.26167442516306,98.47507756398734,98.55623670159376,99.89716243533957
670,98.28877993753822,98.49473220532157,98.57693325571441,99.89940835988422
671,98.3158854499134,98.5143838048822,98.59690332251242,99.90163499469455
672,98.34294332518422,98.53401204441778,98.61680973486226,99.90395319226636
673,98.36985828914197,98.55354266320046,98.63666132629609,99.9062371886615
674,98.396535067578,98.57286061705554,98.65603004961262,99.90831859089263
675,98.42321184601401,98.59217703805184,98.67542798465482,99.91037869729631
676,98.44979335024134,98.61122245909802,98.69555042731278,99.91256040329611
677,98.4763272173643,98.63026143635464,98.71552297020818,99.91473054395952
678,98.50276581027856,98.64911918624156,98.7354034754592,99.91668089689259
679,98.52915676608848,98.667773192302,98.75515688804693,99.91856117002527
680,98.55516662506359,98.68637011722117,98.77470098464673,99.92041419067769
681,98.5811764840387,98.70487294695019,98.79449679514568,99.92218903506755
682,98.60713870590948,98.72336519241802,98.81529900733292,99.92408965998149
683,98.6330532906759,98.74159754407329,98.83429584018006,99.92589808313824
684,98.65892023833797,98.75977327178461,98.85335313144321,99.92768111942874
685,98.68473954889568,98.77794345010307,98.87174780200453,99.9294075121228
686,98.71032067393163,98.79597072937946,98.88953612607344,99.93117091408723
687,98.7359017989676,98.81387380033543,98.908216739027,99.93301517025122
688,98.76129237558618,98.83173902638933,98.9259146887492,99.93485403245646
689,98.78611130695253,98.84960017511882,98.94489854516844,99.9366832137438
690,98.81035859306671,98.86732998410798,98.9639029529714,99.9383820442991
691,98.83417714524172,98.88503281150338,98.9823302573279,99.93993142499016
692,98.85785278610368,98.90243524524318,98.99975654114398,99.94159310683084
693,98.88129024144389,98.91977948511037,99.01784214401027,99.94317642485989
694,98.90463242257542,98.93702309543227,99.03678744370221,99.94470177777181
695,98.92768878108083,98.95423826887284,99.0538676670749,99.94615290968514
696,98.95074513958623,98.97126806638624,99.07177846624745,99.94760539709699
697,98.97356331256991,98.98825086100234,99.08966521443413,99.94925872048636
698,98.99628621134488,99.00522091129346,99.1057675669812,99.95070896877547
699,99.01891383591114,99.0219749097697,99.12210801420434,99.95218680211156
700,99.0414461862687,99.03866973754336,99.13813296567102,99.95374059029116
701,99.0639308995219,99.05535231563832,99.15470821233045,99.95526897259631
702,99.08632033856642,99.07201354223346,99.17095291184918,99.95673676319956
703,99.10856686629789,99.08859642582907,99.18732523178828,99.95804404037183
704,99.13057520850761,99.10515478140704,99.20306534445179,99.95934438733971
705,99.15244063940428,99.1215835477253,99.22007699291129,99.96062598755604
706,99.17416315898788,99.13785729525762,99.23539401529092,99.96194538023101
707,99.19574276725844,99.15411854130487,99.25058434102259,99.96324983216206
708,99.21698891579857,99.17037471660181,99.26559267723921,99.96444885493565
709,99.23823506433868,99.18654437261658,99.28113947132302,99.96566110516626
710,99.25919539025269,99.2025406432695,99.2972762761324,99.96693059721302
711,99.27986989354059,99.21842722030118,99.31191297240413,99.96806434639983
712,99.30044912261981,99.23418923112179,99.32742637924288,99.96908634809841
713,99.32098071459467,99.24983263918558,99.34211350983549,99.9701646940437
714,99.34146466946518,99.26543262392609,99.35617583588673,99.97115886073169
715,99.36161516460525,99.28102153657335,99.37155171232128,99.97215292495456
716,99.38167038553661,99.29627145412097,99.38743440030404,99.9730878965676
717,99.40167796936362,99.31141459874215,99.4023938104647,99.97414319887626
718,99.42159027898194,99.32643763563324,99.41821197728741,99.97516480814879
719,99.4413596772872,99.34142803661598,99.433491889303,99.9761241178419
720,99.46108143848811,99.35632447899073,99.44702480328205,99.97705382473414
721,99.48032682864553,99.37120632400529,99.46034541543044,99.97793761472019
722,99.49928639617683,99.38603345495267,99.47382357222357,99.97879824767497
723,99.51776959266465,99.4008144386635,99.48750909362695,99.9796526484144
724,99.53582405521331,99.41556941212079,99.50205309006816,99.98048448516008
725,99.55321159830108,99.43030109595024,99.51632099578342,99.98127896856447
726,99.57017040744968,99.44503155583732,99.52988998407905,99.98206979202104
727,99.5855095550504,99.45969647594161,99.54282528758672,99.98280104029587
728,99.60051524292065,99.47426680396688,99.55550019070753,99.98366748565519
729,99.61552093079091,99.48883107069835,99.56864145442832,99.98456817100599
730,99.63014552182636,99.50324202507599,99.58104258986619,99.98534292085921
731,99.64448429023572,99.5173844763848,99.59408310416902,99.9860197166966
732,99.65882305864508,99.53148720556302,99.60666486449063,99.98667886555216
733,99.67292364153269,99.54553802929767,99.61938633110465,99.98730617455239
734,99.68630966785506,99.5594966046628,99.63175436634336,99.98797141348088
735,99.69874295209041,99.57323233563045,99.64388319077386,99.9886379736484
736,99.71074750238662,99.58676465571058,99.65627795468757,99.98926970835342
737,99.72270441557848,99.60027052128,99.66837777966536,99.98985407356872
738,99.73461369166598,99.61372909648888,99.67998018576738,99.99046526720912
739,99.74638005644044,99.62717135570495,99.69143428557669,99.99104914732479
740,99.7580511470062,99.6405117675423,99.70273416223164,99.99162750469785
741,99.76905531811106,99.6538215776392,99.71434439166418,99.9922145731233
742,99.77972602948546,99.66706373151409,99.72637725138932,99.99272132610271
743,99.79030146665117,99.68028070363312,99.738000101237,99.99318571813778
744,99.80059108119077,99.69347817173987,99.74884645539171,99.99361380266794
745,99.81073778441734,99.70644596566285,99.75986003744808,99.99402172508334
746,99.82078921343519,99.71900343323202,99.77106997161513,99.99442505256035
747,99.8300308116791,99.73153354185192,99.78112682245875,99.99483941299017
748,99.83912949860995,99.74404211942898,99.79170351979039,99.99518109160013
749,99.84803763712341,99.75646453094296,99.80165709276328,99.99554409213167
750,99.85689813853251,99.76867553823264,99.81173193809357,99.99589083502113
751,99.86571100283726,99.7808050084886,99.82181022961076,99.99622930579069
752,99.87438095582897,99.7928280516016,99.83129344746054,99.9965714114509
753,99.88276508619458,99.8047835230639,99.84144820162194,99.99688569232364
754,99.89091103103843,99.81639866545933,99.85111726669489,99.99713007795235
755,99.89881879036054,99.82787869733156,99.86007925638613,99.997425988852
756,99.9065836383696,99.83891307785642,99.86921308010308,99.99765357069928
757,99.9140150266482,99.84955300700241,99.87835531717998,99.99787803137897
758,99.9213511407181,99.86012967941946,99.88739233762686,99.9980962207818
759,99.92859198057931,99.87062664873442,99.89600594910777,99.99835833692879
760,99.93578518333615,99.88107810596573,99.90444463321167,99.99855099623625
761,99.94274020057127,99.89148477582832,99.91268024726652,99.99875478261457
762,99.94898066124111,99.9014349101283,99.92095299373986,99.99892384888945
763,99.95503057349357,99.91098721263893,99.92898029429107,99.99910910837484
764,99.96088993732862,99.92047705075716,99.93659134834334,99.99926887135088
765,99.96646347853758,99.92982984547186,99.94420607438732,99.99939068349882
766,99.97203701974652,99.9388379134304,99.95182242830292,99.9995095388809
767,99.97737237543373,99.94720188960183,99.95880450731615,99.99960231165758
768,99.98266009401658,99.95554489007276,99.9657810142966,99.99969486044013
769,99.98723325603419,99.96361336296896,99.97240477227794,99.99977839997729
770,99.99080603886044,99.97133827786085,99.97883051554392,99.99984852218073
771,99.99404536195624,99.97895986053766,99.98484434695344,99.99991464123524
772,99.9970464995303,99.98635674838403,99.99035598729414,99.99995873070586
773,100.0,99.99349850145568,99.99547185079999,99.99998810489858
774,,99.99999999999996,99.99999999999979,100.0000000000002
