state,zone,lgas,m1_lgas,ndhs_2024,nmdhs_2025_26,m1_rate,m1_rate_lo95,m1_rate_hi95,m1_children,m1_children_lo95,m1_children_hi95,m2_rate,m2_rate_lo95,m2_rate_hi95,m2_children,m2_children_lo95,m2_children_hi95,cohort_12_23m,m1_lga_rate_range,m2_lga_rate_range,difference,difference_pct
Ebonyi,South East,13,13,2.6,10.799999999999995,6.650460157602283,2.6650528171528007,12.7603568231739,7637.0,3156.852140045166,14117.865014648436,6.566640307255608,1.806027643529987,16.730354081217374,7496.345244177096,2061.725032864089,19099.03790555546,114158.0,1-9,5-10,-140.654755822904,-1.8417540372254029
Imo,South East,27,27,5.6,4.799999999999997,8.548358184719534,3.156561997306725,17.248764117418308,14271.0,5518.327374649048,28783.197490882863,5.63058846849161,1.7520934884275012,13.342326416346731,9099.762940730168,2831.6108967260743,21562.93394858369,161613.0,1-14,4-10,-5171.2370592698335,-36.23598247683998
Enugu,South East,17,17,12.8,7.799999999999997,9.885172047861872,3.711035797248521,20.072249728453706,14715.0,5532.617999649048,29268.094543457017,7.015920287552977,2.205199762342147,15.97314724325082,10442.285278219151,3282.153160924324,23773.95308909813,148837.0,4-14,3-13,-4272.714721780849,-29.036457504457008
Abia,South East,17,17,4.2,31.90000000000001,8.934719223619505,3.176813104832934,18.940905043039,12741.0,4521.16506614685,26759.52761230468,7.538528967048629,2.236284490014276,17.664775427439835,10508.332455017682,3117.2687404977373,24623.813775702503,139395.0,1-14,4-16,-2232.667544982318,-17.523487520463995
Ekiti,South West,16,16,6.0,6.599999999999994,11.208931308821215,3.959966160103919,23.36345944974452,12509.0,4524.371262741089,27047.968263244627,11.233788721044398,3.092975430471076,25.18790146723257,12491.523708383707,3439.2650134896003,28007.93869285769,111196.0,1-18,7-20,-17.476291616292656,-0.1397097419161616
Edo,South South,18,18,3.7,9.0,9.982940055590758,3.7851723613040433,19.91612149068675,15905.0,6153.212108230591,31391.693885040248,8.496246412574484,2.3953420348986767,19.855115761756647,12515.650665784697,3528.5304602418605,29248.17381824211,147307.99999999997,1-17,2-17,-3389.349334215305,-21.309961233670577
Osun,South West,30,30,9.4,10.799999999999995,12.068183377471048,4.608450603455812,23.52208717138002,14337.0,5763.958510780334,28231.32819480894,10.749051739759327,3.295897621078399,23.10049831991036,12763.31654444274,3913.515861598358,27429.30069411072,118739.0,1-21,4-25,-1573.6834555572586,-10.976378988332696
Akwa Ibom,South South,31,31,15.1,11.799999999999995,13.107715235954164,5.186558119359632,25.07777917016213,19144.0,7974.785028266907,35937.465946483586,10.461415412385035,3.513044667203017,23.078552888458265,13242.373473201693,4446.917310322733,29213.524440975183,126583.0,1-21,5-25,-5901.626526798309,-30.82755185331336
Cross River,South South,18,18,2.8,5.299999999999997,11.228166994059595,4.329858436427778,22.262007669817464,12091.0,4695.33542098999,23740.39088287352,13.027391727284918,4.037772665454243,27.746905932398253,14025.941300734024,4347.267918441867,29873.706150509843,107665.0,7-18,4-29,1934.9413007340245,16.003153591382222
Anambra,South East,21,21,14.9,7.299999999999997,9.77362693340701,3.6578137903830057,19.75909244029276,18507.0,7097.66686706543,37926.69946632385,7.931204402931506,2.5650711233226104,17.698690495136944,14458.744250194766,4676.175936550933,32265.0663861708,182302.00000000003,1-15,4-22,-4048.255749805234,-21.87418679313359
Lagos,South West,20,20,4.7,7.099999999999994,7.056317696802562,3.033929989350815,13.073742692047452,22095.0,9586.276329421997,41307.51992034912,6.196649079295304,1.785321492608582,14.751058815475226,18708.860934512115,5390.224747441079,44536.2497552477,301918.99999999994,1-11,3-31,-3386.139065487885,-15.325363500737204
FCT,North Central,6,6,6.2,18.599999999999994,18.470826348581884,8.236466639726881,31.94204387856841,20351.0,9276.283673095702,34904.989108276335,19.30500495638457,5.986095182586858,40.4773707205693,18724.88957275677,5806.213070295473,39261.0260563234,96995.0,1-29,15-28,-1626.1104272432312,-7.990321985372863
Bayelsa,South South,8,8,19.1,10.900000000000006,18.00625524451514,7.202740312913048,34.41752826460711,12434.0,4914.6258567810055,23863.79234313965,30.32113646233544,12.028407915222555,54.2192700738801,20937.654359304102,8305.976544012454,37440.03253933364,69053.0,7-29,17-39,8503.654359304106,68.39033584770876
Ogun,South West,20,20,20.6,16.200000000000003,18.93887209086289,8.86963439944484,31.882326094281467,32123.0,15141.419003295898,53419.84975509643,14.695329350016356,5.440976220345372,29.45800347335745,22819.495222862424,8448.96549281486,45743.5662363629,155284.0,1-32,5-38,-9303.504777137576,-28.96212924427225
Delta,South South,25,25,7.6,7.400000000000006,12.9367395528846,5.541605003106238,23.487079570280525,21940.0,9157.87202682495,39363.186231994594,13.86072453266232,5.417031062535404,27.37376009050964,23510.006525239387,9188.151348579508,46430.27677739175,169616.0,1-20,4-45,1570.006525239387,7.155909413123915
Rivers,South South,23,23,22.7,9.5,14.65180071962545,6.387419651620347,25.928541912662126,30795.0,13755.85547180176,54094.968094253534,12.955692681221675,4.775694240210891,25.94387323848538,26121.91536926192,9628.993595792355,52309.33446323368,201625.0,1-24,2-33,-4673.084630738078,-15.174816141380347
Nasarawa,North Central,13,13,20.3,32.5,25.585188941805704,13.364723597190014,40.71759476320491,28735.0,15385.425803756714,45288.66046676633,27.78838014716593,11.951827478362144,48.49425509458062,29255.606619248767,12582.883764842094,51054.75199364379,105280.0,1-40,17-43,520.606619248767,1.811750893505366
Ondo,South West,18,18,23.5,10.299999999999995,18.66664693178117,7.63091000053027,34.56270112730832,28122.0,11723.275423240662,52664.741355133054,21.740226652540105,8.293486735858746,39.94726686331876,32119.010856924207,12252.797269135455,59018.09268364489,147739.99999999997,1-33,10-42,3997.010856924208,14.213110223043197
Taraba,North East,16,16,40.7,38.2,29.232746399403872,15.884305199256508,45.7212282665441,35731.0,19295.268253326416,55975.40330200195,27.883601518750616,11.840000996659846,48.45443221950328,34084.635655115046,14473.098909368016,59230.21375315642,122239.0,6-44,15-39,-1646.3643448849543,-4.607663779029286
Adamawa,North East,21,21,29.1,26.700000000000003,20.07102518198005,9.594207869758913,33.8546438484406,34994.0,16192.18874282837,60235.298703002925,21.95235276642276,9.171598302392349,40.8765300032429,38275.24418676714,15991.23187854531,71270.682963747,174356.0,9-31,5-31,3281.244186767144,9.376590806330068
Kogi,North Central,21,21,57.0,20.200000000000003,31.25305792569764,15.37489043783335,50.803829609458816,48476.0,24515.051075744628,77813.9039901733,27.504556671491017,12.022447223664953,47.69891521071334,41778.59645007682,18261.736791270872,72453.22108976408,151896.99999999997,1-54,7-48,-6697.403549923183,-13.815916226427888
Oyo,South West,33,33,29.9,28.0,19.3276712326638,9.060668463782289,32.778401077234136,45265.0,21587.343808746336,77332.53312034605,18.112409249487825,7.943199743306049,32.99589075553111,42252.80942194629,18529.975776876883,76973.14420504648,233281.0,1-30,3-49,-3012.1905780537127,-6.654568823713052
Benue,North Central,23,23,32.7,18.700000000000003,28.935604159392746,15.8638445439625,43.96998969277632,52312.0,29349.79668960571,78663.47893714903,23.580382729632387,9.152283928519736,42.90706936468825,42276.56077027039,16408.85539934703,76926.7962925499,179287.00000000003,1-45,15-35,-10035.439229729614,-19.18381868353268
Kwara,North Central,16,16,51.7,36.6,36.6330664610839,19.79812167367289,55.5277902205058,47518.0,26195.912385177613,70746.25081977843,33.8115347655048,17.47931147624885,52.82178498562957,42528.14842536265,21985.477826805305,66439.24089705091,125780.0,1-60,10-69,-4989.851574637352,-10.500971367981297
Plateau,North Central,17,17,35.3,35.2,27.902130241077817,14.464665257520616,43.41312951757147,42309.0,23471.65730915069,65218.29739112852,30.218855874266605,13.92009381220643,49.48352384229109,44941.48245650157,20701.9637136354,73591.8969311568,148719.99999999997,1-45,10-65,2632.4824565015733,6.222038943254564
Yobe,North East,17,17,40.4,42.1,35.26157705724415,22.04581798107282,49.88080723130136,43282.0,26940.10247879028,61322.25336933132,43.842824508798905,23.165126242213613,67.28798718790705,53058.58621677577,28034.43569387962,81431.92221843178,121020.0,1-54,30-56,9776.586216775771,22.58811103178174
Gombe,North East,11,11,34.0,29.200000000000003,34.225241052105865,19.31544039626839,51.55329657812251,50128.0,28462.07225036621,74733.41110839843,39.56296997822295,19.99387388664525,60.61053541069727,57946.69523985207,29284.426898575315,88774.43288664197,146467.0,5-56,12-65,7818.695239852073,15.59746097959638
Borno,North East,27,26,31.7,41.2,30.302355369988305,18.6128430514932,43.95668702660955,60604.0,36471.18003463745,88429.11475372312,39.08407736970612,19.573202588620447,62.10361810957212,70746.47929098467,35429.65038184137,112414.38108238469,181011.0,1-59,14-65,10142.479290984673,16.735659842559357
Niger,North Central,25,25,56.0,56.8,44.954596150376005,31.133252299704665,58.85538573071317,104030.0,72287.23838806152,136064.2092346191,45.21503038655537,24.87197954931624,65.68539049291044,104633.00612445553,57556.74557633358,152003.87700955986,231412.0,19-69,15-73,603.0061244555109,0.5796463755219753
Jigawa,North West,27,27,34.3,29.200000000000003,34.80956952558852,21.62708780012196,49.04260818240631,106264.0,67218.0430480957,149142.63838500975,38.49550598680543,18.51008562981264,62.57500308725828,117517.54085573318,56506.8491116854,191026.46625997016,305276.0,7-52,19-54,11253.540855733185,10.59017245326092
Bauchi,North East,20,20,36.9,45.3,33.3114011343916,22.165892590000844,45.84278711987636,111948.0,74552.08458862305,153663.17101058958,36.1814914325852,17.986375411732592,58.92024469965894,118780.58001364754,59047.65195215896,193429.86031340237,328290.99999999994,1-55,23-51,6832.580013647545,6.103351568270576
Kaduna,North West,23,23,45.6,45.2,41.98178119783093,29.37353043544069,54.8453192524315,139578.0,97331.01765174864,182763.7039226532,37.3094939666856,19.59800037145701,57.2460086791631,119059.8185788428,62539.96293394748,182680.02886644125,319114.00000000006,1-67,9-67,-20518.181421157205,-14.700154337472386
Zamfara,North West,14,14,82.6,49.6,70.8686221569767,57.516756516166005,82.67872850432774,150220.0,122156.1529663086,165272.15494384765,67.22490010655389,43.29323870238152,85.157861550523,143696.58521477325,92541.46303360694,182029.18913603624,213755.0,14-99,58-80,-6523.414785226749,-4.342574081498301
Kebbi,North West,21,21,84.0,72.4,69.00022463924982,54.47022299383885,81.92723091845585,153659.0,123519.91463012696,175925.706048584,71.82180584623374,50.40599904205666,88.39143053233278,162122.64410492725,113780.95745030358,199525.09332196077,225729.00000000003,8-99,61-81,8463.644104927254,5.508069234426396
Sokoto,North West,23,23,86.5,76.5,72.7168484170397,59.13834406919535,84.37930142912778,166648.0,139982.48247013093,181454.20484771728,71.42672018866932,52.3027226466464,86.13732209069242,167719.93874287992,122814.11487952224,202262.49222557,234814.0,1-99,27-86,1071.9387428799237,0.6432352880802192
Katsina,North West,34,34,39.8,48.2,38.98637750691093,26.915902614682835,52.33234706233196,169685.0,116859.35892944336,225789.6043182373,48.6493029103101,27.121295405352225,71.05240534895994,211743.65848064751,118044.08298101935,309252.04086277995,435245.00000000006,6-58,26-63,42058.65848064752,24.78631492509504
Kano,North West,44,44,42.4,38.7,36.77495520353814,26.935332726289936,46.99638675565166,198101.0,143872.59390907286,252298.38055458065,42.40332956206738,23.98776217554888,61.807379425040025,227156.75662000585,128503.6408120238,331105.2234600979,535705.0000000001,1-58,7-72,29055.75662000585,14.667142831185028
