state,lga_clean,m1_rate,m2_rate,m1_children,m2_children
Zamfara,Gusau,13.64505374794614,64.35870349357964,3746.0,16099.940443952844
Kebbi,Bagudo,8.470599054531595,76.16011867097053,1590.0,12566.595382213414
Zamfara,Zurmi,56.64344109144244,64.73760435422446,11913.0,12406.388963057474
Sokoto,Tambuwal,83.23751281283207,84.95335542426089,12738.0,12170.14455633946
Kebbi,Danko/Wasagu,22.03796086133716,65.48526693815589,4611.0,12040.6338752894
Zamfara,Maru,57.47170331657606,62.29548787218506,12052.0,11904.138858793194
Sokoto,Gada,33.31722123044381,75.15208488323425,5622.0,11870.53910644181
Kebbi,Birnin Kebbi,14.821986567031262,60.65438021951969,3140.0,11292.655369947272
Katsina,Kankara,35.42785697070598,61.21824682746717,6852.0,11170.797995709116
Zamfara,Tsafe,49.11783270178742,63.87538008581352,9380.0,11115.339882023503
Sokoto,Gwadabawa,45.46061881284071,75.54945863776909,7132.0,11095.004163816506
Zamfara,Kaura Namoda,55.26300404955305,58.356819915832624,11282.0,10856.400614161194
Zamfara,Bungudu,51.33989103695775,64.1850822539755,9501.0,10823.501868111389
Zamfara,Gummi,65.97252368098516,79.91555322394656,9757.0,10770.357403613014
Kebbi,Jega,55.15828527206842,77.89022768648057,8604.0,10677.928601169571
FCT,Abuja Municipal Area Council,1.0,19.900830932733584,1018.0,10656.032627576598
Kebbi,Arewa,67.20264420938453,80.6399429433831,10058.0,10606.670310349422
Zamfara,Bukkuyum,87.79678801098468,75.14681709033334,13589.0,10598.52873191363
Jigawa,Birnin Kudu,7.20479024794882,47.6319721973505,1836.0,10472.781677336125
Kano,Kiru,21.35458816978512,68.32594885623713,3861.0,10401.59973266042
Kebbi,Argungu,50.46956464765767,72.69155826952594,7970.0,10089.111006938268
Zamfara,Talata Mafara,75.60886483791619,71.04617932248118,11666.0,9988.944655241688
Bauchi,Gamawa,29.80431270243672,49.27641425549117,7256.0,9888.672229855469
Zamfara,Maradun,81.19295532349453,71.10190174666968,12057.0,9621.606791810193
Sokoto,Dange-Shuni,72.03295838953049,78.4041479537589,9440.0,9618.72311324432
Kano,Bichi,27.359270978292315,60.33512145396181,5152.0,9567.65522975967
Gombe,Funakaye,34.489092692517325,64.60321278320737,5757.0,9509.787705244284
Kebbi,Maiyama,79.73250187802263,78.30397299366221,10928.0,9432.13141316056
Bauchi,Misau,39.8040326792808,50.30611902316591,8906.0,9278.383796607592
Zamfara,Bakura,99.0,75.9199127680523,13253.0,9260.97209479456
Bauchi,Ningi,20.15757375204221,33.26419113990752,6660.0,9059.535217506022
Jigawa,Gwaram,7.238221661012331,47.67775967074223,1593.0,9056.280877713238
Sokoto,Bodinga,86.8158904274167,81.56546211459145,10253.0,9017.58933400864
Kaduna,Soba,28.3425479274742,58.73039622683328,4706.0,8926.690086236897
Bauchi,Darazo,31.46987586915689,50.58375512343245,6732.0,8919.872051565944
Kaduna,Kubau,40.774509772029575,60.43139636986907,6526.0,8854.290880748697
Yobe,Fune,1.0,55.75989098913268,187.0,8776.899566985061
Kebbi,Koko/Besse,62.91961430566749,81.2834094474817,7683.0,8722.549359061464
Kano,Tudun Wada,33.03662568134264,65.85268910451819,5112.0,8580.86878489115
Sokoto,Wamako,72.19456253986658,74.90269755823556,8767.0,8514.903544667566
Kebbi,Zuru,59.02232311998706,74.16737441377914,7697.0,8500.553489846912
Bauchi,Bauchi,1.0,24.35160043983448,423.0,8482.419804075731
Sokoto,Shagari,95.55020998129532,85.1211045614644,10156.0,8469.30698992479
Kano,Sumaila,21.42060392214616,59.06394234836602,3629.0,8426.809713542809
Bauchi,Katagum,30.95414311194912,40.75430298349047,7763.0,8424.844171011451
Sokoto,Goronyo,1.0,72.34743232236741,123.0,8354.673220707777
Kaduna,Giwa,23.368207492878124,54.51216822260703,3896.0,8320.2106859774
Kebbi,Gwandu,74.71789854354645,77.5634051473142,8903.0,8121.95761917493
Gombe,Yamaltu/Deba,18.38998020013723,50.7342672245714,3302.0,8034.922431020223
Sokoto,Sabon Birni,45.07584702632623,60.69152681374973,6336.0,7985.357219595073
Katsina,Daura,12.895303210740131,47.22581286154593,2306.0,7967.299042797836
Niger,Mashegu,38.31734535953612,62.21145684536245,5179.0,7833.215256159388
Katsina,Safana,31.170567698165915,56.2224850364198,4591.0,7811.810534105769
Katsina,Faskari,34.12310922533385,53.42218086262018,5275.0,7790.495796788427
Kano,Gezawa,27.77186943054888,48.24422073680296,5305.0,7760.65527950249
Zamfara,Birnin Magaji,92.81534461165997,64.33865173989318,12223.0,7720.942889554153
Sokoto,Wurno,38.63476732007388,74.82825774689579,4251.0,7706.384892326049
Kaduna,Zaria,18.66611399371733,36.12934974546466,4332.0,7675.531697516189
Kebbi,Suru,82.46592624204081,74.21307920070112,9658.0,7638.65272313323
Kaduna,Igabi,21.993360468929943,33.79286052282796,5402.0,7598.226704564742
Kwara,Baruten,18.69650180751532,68.9113487833971,2646.0,7573.928727232297
Kaduna,Lere,1.0,42.06702859942104,194.0,7459.610522459127
Sokoto,Rabah,1.827498222098998,78.08341155751643,185.0,7384.639298154429
Katsina,Kafur,34.18761360825112,46.98743893761473,5692.0,7380.728458386372
Katsina,Mai'Adua,48.67764362539506,48.61362615821617,7812.0,7360.678167357088
Niger,Shiroro,36.04032731583589,53.07779736359814,5335.0,7318.715169268104
Kaduna,Birnin Gwari,43.777004545687255,53.37712556072771,6454.0,7204.032543531482
Katsina,Ingawa,51.17279043733143,56.54602745545743,6883.0,7175.528885395126
Kano,Minjibir,44.157529297831246,57.31321360185603,6562.0,7172.27471086954
Bauchi,Itas/Gadau,40.90102161776782,44.32253812497214,8001.0,7146.804276645385
Kano,Ungogo,1.0,33.85290837551903,247.0,7054.821517770047
Niger,Borgu,30.370038773929743,69.73017847389409,3298.0,7052.955094767882
Bauchi,Ganjuwa,12.394104828992475,35.873305809494184,2954.0,7048.724404813038
Gombe,Dukku,34.93424116560416,54.778252223570334,5094.0,7044.440341236327
Kano,Rogo,27.02369090379031,54.2905381852679,4162.0,7040.41707229318
Bauchi,Alkaleri,28.707323763949702,30.377698400196827,8066.0,7035.92743416561
Sokoto,Illela,66.01512764844406,73.82479600627438,6714.0,7027.998064066169
Katsina,Mashi,43.191839060021465,54.181426257475096,5875.0,6952.79687922921
Kebbi,Dandi,80.1248912636116,68.50501520906276,9240.0,6942.735955311144
Jigawa,Kafin Hausa,9.438616484465978,37.10328466869704,2047.0,6941.953293915887
Katsina,Batsari,29.06831121854385,43.867589896758574,4805.0,6840.947586611861
Kaduna,Ikara,9.081077245428034,67.14571345500458,1008.0,6825.198318709184
Sokoto,Kebbe,91.10994356491828,86.24151336996879,7603.0,6736.6129176937975
Katsina,Malumfashi,29.54916207301807,48.93223237163435,4298.0,6714.653712701573
Katsina,Zango,48.7098958168537,57.30610797691556,6045.0,6709.081972428758
Katsina,Funtua,5.829141263893321,39.70703740304749,1044.0,6707.167112804586
Niger,Mokwa,19.48144121157377,47.15971980718008,2972.0,6702.180594869939
Katsina,Mani,44.628527588633474,50.21011137600747,6257.0,6641.302438743352
Gombe,Akko,4.931234079552126,31.6243622887264,1168.0,6608.514662025551
Katsina,Kankia,48.84770063490424,58.17691258485116,5881.0,6608.336238305119
Kano,Takai,23.63488228258973,57.16983129482035,3241.0,6601.712963947422
Zamfara,Anka,99.0,70.44049244939099,10171.0,6594.780846711672
Kano,Makoda,41.13730862731318,52.19687841897908,6127.0,6546.475022147559
Sokoto,Isa,94.87301163702983,68.4567420937345,9659.0,6524.51393859508
Jigawa,Babura,28.312168768508965,43.62768881919406,4891.0,6503.840105036379
Bauchi,Toro,1.0,26.509611358303736,296.0,6471.007995013191
Kano,Gaya,42.32834282616047,54.72994426541972,5941.0,6467.867861489461
Kano,Bunkure,39.654704855537936,65.06100283564346,4681.0,6467.04249586426
Katsina,Dutsin-Ma,37.29262004049625,50.74229351251962,5036.0,6464.611919976132
Bauchi,Shira,41.64714318864627,38.89031511273642,8340.0,6419.934088290179
Kano,Dawakin Tofa,35.11612188071573,45.41076722692858,5850.0,6370.316785904675
Kaduna,Chikun,46.0716572872132,32.59079989383255,9780.0,6333.077893874379
Kano,Bebeji,39.26411165406839,57.80843773333571,5099.0,6320.954158723598
Katsina,Baure,40.31846200279746,41.159296970999314,6507.0,6266.559590319529
Sokoto,Kware,76.15771194096568,73.69631919802593,6917.0,6265.7219211889205
Kano,Kabo,51.40825943215326,71.65497799244672,5328.0,6253.583424954579
Katsina,Musawa,48.23784101459548,48.76596455717603,6520.0,6218.967086812512
Kaduna,Zangon Kataf,44.941832505156775,36.819474920817896,8175.0,6131.011786008037
Katsina,Katsina,8.25391965810175,25.67398968601887,2088.0,6127.931301632627
Kano,Dawakin Kudu,35.22889879099919,47.65251375017572,5376.0,6123.462493015063
Kwara,Edu,32.82451172692728,56.67426284898032,4531.0,6076.40887063871
Kebbi,Fakai,79.97192590990743,73.10431113929505,7553.0,6068.263991981253
Kebbi,Shanga,58.96246711201586,68.8626946141109,5912.0,6068.197135449808
Kano,Gwarzo,38.03731892269221,57.86630113619713,4726.0,6054.622620810954
Kano,Danbatta,36.26314557798898,50.0548987260977,5165.0,6003.8255400516255
Katsina,Batagarawa,37.85556738231973,42.0192199499743,5691.0,5960.049240312169
Kebbi,Bunza,83.50343038020829,69.36705949844165,8138.0,5940.970087190121
Zamfara,Shinkafi,99.0,66.9543557072092,9630.0,5934.741179025717
Kebbi,Augie,92.86757029392508,73.366365206031,8523.0,5917.376884173627
Katsina,Bindawa,47.29373141007901,52.1261334140037,5680.0,5905.709304348015
Jigawa,Jahun,26.905010200471622,36.59219850452671,5017.0,5888.499282985738
Katsina,Sabuwa,50.3840777552975,55.63914274016636,5636.0,5871.639365623747
Nasarawa,Lafia,1.0,31.386459813182054,231.0,5831.3023316522
Kano,Gabasawa,38.39490424798122,48.05534251919335,5488.0,5783.968306967002
Sokoto,Tangaza,91.12533443637884,79.11014168090911,7085.0,5758.092038673356
Katsina,Jibia,39.69394229546204,45.797875194716575,5284.0,5752.022664377074
Niger,Lavun,30.71587158958949,46.59365778819635,4047.0,5718.914568492133
Niger,Mariga,34.51318438727905,48.82333543900603,4327.0,5702.7829941171385
Sokoto,Silame,99.0,85.9119691594375,7014.0,5697.611649814342
Katsina,Dutsi,55.73500952002587,62.60049922179155,5359.0,5678.664796333867
Katsina,Bakori,24.61457677984664,50.6127770667849,2926.0,5676.887543992884
Niger,Rijau,41.30999764554213,54.33017748286443,4572.0,5600.943968643548
Kebbi,Ngaski,81.44172343897804,63.722288256988016,8098.0,5568.688296926844
Sokoto,Binji,99.0,84.01702869972763,6994.0,5556.506006787181
Borno,Bama,1.0,47.28905731143557,151.0,5543.621852372601
Jigawa,Dutse,13.769504085876813,31.52179366468479,2805.0,5540.93261814177
Katsina,Rimi,41.781538688057445,47.7776981552918,5120.0,5523.353361045296
Kano,Doguwa,42.10553966194193,64.25034445464928,4293.0,5516.087869974564
Kaduna,Kachia,51.99497275389795,41.67968103136708,7487.0,5494.228991319155
Oyo,Saki West,7.337451830779942,47.9874975313781,983.0,5480.655119275624
Katsina,Dandume,20.79415810070083,50.21556887647054,2403.0,5474.242182245977
Gombe,Nafada,53.32523236799129,62.56994349340245,5249.0,5431.408727388781
Jigawa,Kazaure,35.09570640103456,48.14251910104588,4588.0,5430.685416306552
Sokoto,Yabo,99.0,73.94541429737714,7733.0,5406.625489449119
Kano,Karaye,49.69460052711433,64.96637468444109,4844.0,5332.220578994458
Niger,Edati,48.781356098705885,56.97871915131847,4896.0,5327.793235961336
Bauchi,Giade,46.59521853546344,48.352741953000624,6222.0,5322.588489753071
Kano,Bagwai,47.57659513886397,57.74316221393132,5201.0,5315.529484588464
Niger,Rafi,50.59954644638231,48.72946725525486,5915.0,5306.158154505261
Kaduna,Sabon Gari,37.301416724262346,34.417978419913474,6198.0,5234.987321380882
Yobe,Jakusko,24.68627477914314,43.07435804665288,3556.0,5220.428789625371
Niger,Magama,41.52913923170276,49.04990162605712,4734.0,5208.862647360191
Ondo,Ilaje,1.0568068860583022,41.71518684228824,154.0,5161.0487719960665
Kano,Rano,47.22726178262008,60.84309604846353,4739.0,5141.354136197842
Katsina,Dan Musa,53.87317846764093,60.2454081279941,4849.0,5116.0349625342615
Sokoto,Gudu,99.0,84.0988797906099,6400.0,5089.156129735067
Gombe,Kwami,32.88147077828377,42.11089953263005,4479.0,5058.7611251622
Katsina,Kaita,41.142358893695366,36.927697261746616,5968.0,5053.397916660479
Kano,Garko,47.49682610476104,54.6108184207641,5206.0,5040.426880799776
Taraba,Gassol,5.6067644444243445,37.77015945861183,862.0,4973.727271914531
Kano,Tsanyawa,47.628857609483134,55.29493126399804,5083.0,4969.465817950318
Kaduna,Makarfi,54.56381705182658,64.84761362618524,4561.0,4962.603431938781
Katsina,Sandamu,58.121671687965005,48.07907086415642,6328.0,4938.598336339155
Jigawa,Birniwa,34.797862902832264,48.950204540501865,4009.0,4866.194677966391
Katsina,Charanchi,41.541113260820325,47.33440215458226,4525.0,4864.094231372389
Bauchi,Zaki,29.88040442071328,36.30178410853585,4851.0,4858.07077868622
Gombe,Balanga,38.21816504420468,37.04560629378717,5675.0,4851.726009724715
Kano,Shanono,46.83941923749891,60.67408817337437,4409.0,4809.652415726822
Plateau,Wase,27.733674920007783,64.66526896455343,2486.0,4794.952243563166
Jigawa,Gwiwa,44.36532547773844,53.17264456489259,4634.0,4792.423467690827
Bayelsa,Southern Ijaw,17.975272546730864,36.70570001332186,2624.0,4784.787336433101
Kano,Albasu,40.26259990852928,44.516156058496136,5112.0,4759.572990825576
Jigawa,Kiyawa,20.692845809395312,38.862510668912,2903.0,4705.0162466872
Taraba,Sardauna,18.0173177122292,38.532379309591775,2537.0,4645.005708091787
Katsina,Kurfi,45.8365187596297,53.00082133558978,4254.0,4640.989373482196
Jigawa,Maigatari,32.3999188203669,37.17545596663921,4654.0,4608.2168741592905
Yobe,Potiskum,1.0,43.07785154138044,127.0,4600.920627116057
Kano,Ajingi,47.65361351661853,46.33470703628452,5566.0,4557.495277976345
Niger,Kontagora,38.42349206533267,51.00620078157757,3668.0,4536.173441865623
Kwara,Ifelodun,23.19606844109196,41.6100200066262,3255.0,4534.966767949547
Kano,Kibiya,51.55129356226888,56.90238285703138,4836.0,4494.896683473986
Sokoto,Sokoto North,75.1880870389492,29.921760632306828,11869.0,4421.719361448717
Kebbi,Yauri,91.02533538192256,63.09868222256559,7219.0,4398.041229181376
Kaduna,Kauru,55.3902809629694,37.781458361319416,6988.0,4363.65853347367
Kogi,Lokoja,32.562085833500426,48.38442861575156,3648.0,4360.275218088095
Katsina,Danja,33.65398644048095,46.19827257679065,3359.0,4349.79390778485
Niger,Bida,39.94721090660576,39.95859847094799,4656.0,4338.8289580355295
Kwara,Kaiama,39.45586604878935,65.63173295998514,3350.0,4328.54798516469
Bauchi,Kirfi,40.98556797140844,42.01258864682652,5110.0,4317.580718915282
Katsina,Matazu,47.73939805568928,50.208681074076566,4320.0,4286.90077923459
Borno,Kukawa,47.24877787908349,48.49356463940192,5353.0,4278.699279329214
Kebbi,Kalgo,99.0,72.12630829563832,6631.0,4245.970415018719
Bayelsa,Ekeremor,6.532329498406727,38.854000012031655,799.0,4243.248939757271
Borno,Gwoza,22.019791573313224,34.866501775061586,3393.0,4184.417061207338
Kano,Wudil,42.2045632904835,38.80828415688358,5388.0,4172.156882902119
Jigawa,Ringim,25.351969102702547,30.414291338008187,3958.0,4096.979376860696
Kano,Kunchi,53.87284752029914,64.44051377945034,4016.0,4045.494369934916
Niger,Bosso,49.06213125597419,46.49260589796844,4565.0,4030.084927429411
Borno,Magumeri,48.22992877219636,65.2832914176187,3769.0,3973.479896595415
Borno,Jere,1.0,43.67282018403231,117.0,3963.301850228725
Jigawa,Kiri Kasamma,32.17805580639989,29.332387679505462,5028.0,3954.823019855434
Jigawa,Garki,34.59119598571232,37.25100014161912,4217.0,3918.499139738346
Kebbi,Sakaba,86.61594279471073,61.27151214945974,6266.0,3895.322707340149
Borno,Damboa,19.78932273170304,38.39622289278999,2572.0,3885.8911797257456
Delta,Burutu,15.546743597156146,44.777326659439545,1521.0,3840.393602221742
Niger,Gbako,40.46424808645348,51.643436694907,3224.0,3833.537100659457
Plateau,Kanam,18.85062475588718,48.61668438504975,1772.0,3779.673534034757
Kwara,Pategi,46.1422849972861,64.08328993119288,3501.0,3776.9984763469415
Kaduna,Kudan,63.95633632434377,51.92188898021416,5068.0,3766.140814329542
Katsina,Kusada,53.893702589478245,50.7017750235607,4216.0,3741.585766187137
Gombe,Kaltungo,49.209516771108525,37.60608769293186,5543.0,3735.921964768584
Plateau,Shendam,5.742875572969262,39.00482169924171,661.0,3711.19190995476
Kano,Warawa,53.83983964411861,49.30917081564928,4805.0,3705.456036272234
Sokoto,Tureta,99.0,85.29321790760018,4589.0,3701.062011920212
Plateau,Qua'An Pan,1.0,40.233715004197705,111.0,3680.979711470812
Bauchi,Dambam,42.361559876909496,34.51784403757877,5446.0,3657.8265446364176
Jigawa,Yankwashi,52.07886423730383,54.43556794337999,4042.0,3645.339400313384
Jigawa,Buji,41.3443414245438,52.41795705866127,3263.0,3569.976362898216
Borno,Ngala,34.48955964868929,34.71991041986134,4545.0,3563.1900462829058
Kogi,Ankpa,2.500500448055952,29.15561242970581,379.0,3557.4353369850733
Bauchi,Tafawa-Balewa,35.45623644331202,22.61023183353036,6716.0,3530.552085227808
Jigawa,Malam Madori,40.961399783998,30.561634480688987,5476.0,3525.8654244002983
Kaduna,Kagarko,55.818097575796266,28.21140482894884,7609.0,3520.485244599478
Kano,Kura,51.57604946940428,42.085424707480925,4993.0,3430.899959785357
Kano,Madobi,51.61730931462992,43.585393622217936,4808.0,3418.7851463209445
Yobe,Geidam,34.636974363007525,41.999701310284806,3343.0,3410.632828710718
Benue,Otukpo,17.00594189567678,30.29566127238836,2203.0,3401.5605301644955
Borno,Konduga,9.000919527388088,49.69940280036532,789.0,3392.963997984848
Kebbi,Aleiro,99.0,72.8612411288218,5237.0,3387.6382657873887
Sokoto,Sokoto South,67.70812350910776,26.69879758971922,9068.0,3347.0537752236305
Borno,Gubio,31.916432902976776,50.88317466455321,2691.0,3341.1582373964634
Plateau,Langtang North,33.665708726259645,50.19441756451768,2687.0,3313.660241182124
Kano,Garum Mallam,54.09840134086606,48.85144743065945,4343.0,3302.0916185301385
Yobe,Fika,27.6376812500638,46.03012707325443,2342.0,3281.5620060748206
Kano,Rimin Gado,55.02812318661752,55.61469703501564,3849.0,3275.6154472030626
Borno,Maiduguri,1.0,13.973772936506112,301.0,3274.591364171544
Taraba,Karim-Lamido,8.989941431819393,31.07964418479338,1094.0,3239.119813445765
Niger,Paikoro,54.03733007927711,34.661862818167485,5369.0,3207.9481276711663
Kogi,Kabba/Bunu,33.22478760856086,48.39429980845868,2738.0,3207.5132691142494
Plateau,Mangu,23.811714178219194,22.981421934557744,4012.0,3203.120608599176
Bauchi,Jama'Are,53.650611746773,38.62680299300577,5395.0,3201.9527581995794
Kano,Kumbotso,5.893148835557469,18.90245566399993,1174.0,3171.0086491961683
Niger,Agaie,43.9328485049021,40.918434181613215,3646.0,3163.0390679629163
Kano,Nasarawa,1.0,9.227086088296964,404.0,3135.7665315480017
Ogun,Ijebu North,10.80306233086643,26.514449349665835,1811.0,3079.014074214436
Ondo,Odigbo,1.0,30.810813427475075,117.0,3055.0380539784805
Jigawa,Kaugama,44.05228588268911,33.81966305803692,4610.0,3053.6561111650067
Taraba,Bali,12.96284651793468,26.84085377477066,1717.0,3043.989686624654
Adamawa,Guyuk,20.82872414713828,31.33361830163767,2152.0,3033.565665281838
Gombe,Billiri,49.217147887790006,23.94622106238536,7005.0,3005.9548895757443
Kaduna,Jema'A,59.289246002596094,20.65654326770612,9405.0,2999.5533408221145
Jigawa,Auyo,44.60846302729133,32.378520711953506,4786.0,2997.3452656184736
Plateau,Bokkos,35.24212966419692,35.76629359730123,3547.0,2977.9556035001133
Jigawa,Miga,42.07983251194128,33.00122908322361,4365.0,2954.2323747076725
Niger,Katcha,51.42475148176842,41.58790096218303,3906.0,2942.397869257245
Yobe,Gujba,42.97135991226762,43.466208318509565,3456.0,2941.675360487445
Jigawa,Guri,48.623271814283406,37.02408342448945,4471.0,2937.551328753536
Bayelsa,Brass,14.92691933695619,39.0671410103745,1247.0,2914.165962373732
Niger,Wushishi,69.04852873127982,60.15027469216757,3545.0,2876.810617463227
Yobe,Gulani,38.0173147868724,53.21252739019548,2437.0,2870.789973248991
Niger,Lapai,48.01778463442747,41.66216559628022,3529.0,2852.429094490765
Benue,Gboko,1.0,18.693729549581985,176.0,2847.116768836641
Jigawa,Sule-Tankarkar,38.15923952540096,29.955986869370903,4173.0,2826.743304251766
Adamawa,Fufore,14.189597436874084,24.55360096809388,1740.0,2820.800985448954
Plateau,Langtang South,44.02972181304452,57.74990959651549,2596.0,2816.5502429111534
Rivers,Abua/Odual,8.664976981817833,25.49946185675962,1146.0,2793.109319952187
Ondo,Ese Odo,21.016219074970248,41.16343235577533,1677.0,2780.89860266819
Kogi,Dekina,7.726889041640728,23.22431702147089,1149.0,2777.651344066226
Kogi,Ibaji,45.92716865917885,47.457525218605376,3338.0,2774.235825615415
Nasarawa,Nasarawa,18.563215527977896,25.92459985985862,2435.0,2733.1247448651006
Kaduna,Jaba,66.23543209813056,33.53985184135263,5890.0,2730.239433827704
Borno,Biu,24.320494643714586,35.6553397813977,2382.0,2719.311531721225
Jigawa,Roni,49.27366475933738,50.08818547698611,3094.0,2713.9551314540577
Nasarawa,Doma,31.625669786724924,34.16577698290373,3081.0,2674.6722313344485
Jigawa,Taura,40.3839481038099,28.891136055780343,4319.0,2666.278118606411
Yobe,Busari,44.90866425602884,46.46921606954021,3053.0,2657.9966331668734
Yobe,Nguru,32.1287049560557,33.635338352140245,2999.0,2642.1705196683984
Kano,Tofa,58.37567196259245,46.98639022824317,3896.0,2640.4463307583965
Gombe,Shongom,55.94270538974182,28.234303089340784,5931.0,2639.901820469825
Kogi,Yagba East,34.091673173775064,38.91557770152895,2868.0,2633.534246131823
Adamawa,Song,14.150870600877107,24.51043280821023,1617.0,2624.050606546597
Nasarawa,Obi,25.20387769118919,31.26490734409235,2631.0,2623.2188925599007
Plateau,Pankshin,39.15863566225563,29.392370167950883,4174.0,2591.808771115523
Kwara,Moro,42.10290131487072,44.60851523722291,3134.0,2578.61563007233
Benue,Guma,32.43288664370745,31.169856084457887,3063.0,2550.623649038996
Ondo,Ondo West,8.851267475010085,20.42170614670496,1289.0,2518.6506630202903
Yobe,Damaturu,40.874980725030426,54.965667356083046,2221.0,2513.366096521456
Bauchi,Warji,51.75043244870011,30.82816730333617,5093.0,2500.67543659548
Taraba,Wukari,22.28389306612824,19.330259995189245,3333.0,2474.833832616084
Adamawa,Shelleng,22.396319117276743,30.31544933965748,1947.0,2469.1883704533907
Kaduna,Sanga,62.3967503084931,30.98265778219181,5390.0,2449.829571929369
Rivers,Andoni,15.163526952113507,28.95533407878363,1547.0,2447.059740298426
Borno,Mobbar,47.289215768387486,48.25350757724264,3074.0,2442.463611723779
Jigawa,Gumel,46.79670097326733,32.72338781613971,4038.0,2436.4711526013507
Niger,Agwara,53.11967468722949,72.573751846716,1914.0,2436.129204162193
Benue,Konshisha,39.80505493037697,25.37179082117806,4385.0,2422.073745514452
Nasarawa,Awe,31.531868329149688,37.91154647829202,2499.0,2414.711716114887
Bayelsa,Yenagoa,12.611823308075929,16.803430274302325,2016.0,2398.027984438968
Benue,Logo,29.4661664998554,33.164572055363486,2430.0,2370.1416296973325
Yobe,Bade,38.70474536046508,32.44662030526172,3352.0,2364.814805758121
Borno,Mafa,32.159060238800784,52.268250589669776,1857.0,2349.994726460753
Oyo,Iseyin,12.373169795091682,21.951407784485664,1551.0,2345.2836878197763
Kogi,Yagba West,28.829462862619447,36.54764586501104,2299.0,2344.031849648276
Nasarawa,Nasarawa Eggon,25.7739019333772,27.981357856140736,2680.0,2338.5325781432825
Kwara,Ilorin East,21.465465889716324,21.15495009522465,3049.0,2334.09616050647
Plateau,Barkin Ladi,29.99466619604585,27.98470161119425,3024.0,2333.5775461527583
FCT,Bwari,19.752373737344257,14.75393853609276,5938.0,2333.0798369388403
Kogi,Ofu,34.16689878067382,25.900400586337334,3728.0,2273.3007622258187
Yobe,Yunusari,38.98028571434315,34.558715483753474,3041.0,2268.9387020113445
Nasarawa,Karu,1.0,18.628436139906825,152.0,2268.361560717168
Kaduna,Kaduna North,53.81708260034696,11.882607011322744,11187.0,2261.180354848525
Yobe,Tarmuwa,47.66122717260451,55.81231692852806,2293.0,2259.673521691389
Yobe,Yusufari,45.73812593986795,38.94899391484613,3138.0,2248.5108943374894
Benue,Kwande,12.51910585510762,21.32424369562984,1514.0,2234.892164404216
Oyo,Atisbo,25.856611700509813,48.55331805745659,1395.0,2232.311461486056
Borno,Marte,59.214136493141226,39.73262686340293,4270.0,2231.2218964478498
Kaduna,Kajuru,67.12217925926262,38.40034799925176,4202.0,2200.61024486274
Bayelsa,Sagbama,19.96332898788826,29.04431937702255,1693.0,2198.932737325356
Taraba,Zing,34.6801209550168,31.95391173795448,2780.0,2192.8692362230136
Kogi,Igalamela-Odolu,36.25888708681057,32.427820894857526,3038.0,2185.666157150475
Rivers,Bonny,20.245850083909875,26.205399771694044,2038.0,2184.9790357052952
FCT,Gwagwalada,22.75467041055649,19.95268264745834,4733.0,2182.9418642967207
Adamawa,Gombi,21.571269132993343,26.90978418528046,1866.0,2181.269217943438
Oyo,Irepo,23.449292868790053,42.85232911415445,1395.0,2171.98252901645
Yobe,Nangere,46.371584691566994,47.588966455441465,2514.0,2171.32427523414
Ondo,Okitipupa,11.879060468280452,21.60282971556102,1402.0,2159.432804328312
Plateau,Bassa,28.57370545441034,24.44310188905365,3042.0,2152.301627931556
Benue,Makurdi,1.0,16.904638183915356,146.0,2140.345033329643
Niger,Muya,59.37205806737478,35.12644593652214,3859.0,2126.9545617424183
Oyo,Kajola,17.954219168221574,25.35963832198905,1766.0,2125.702946599286
Kogi,Bassa,46.08120204473344,32.89588747366616,3669.0,2106.465445336198
Adamawa,Jada,17.981459813621477,22.74852343924917,1773.0,2101.260482763176
Benue,Ukum,33.756096336186594,22.84245258890417,3563.0,2089.255789484702
Adamawa,Hong,17.991562466490247,22.40119893031365,1782.0,2078.739519138745
Benue,Gwer East,34.08427334324988,29.118980846881808,2796.0,2069.967961343052
Borno,Dikwa,48.544918646774896,45.31024288343707,2841.0,2065.3428789117515
Rivers,Akuku Toru,21.7522004484955,32.943784199508045,1641.0,2058.3371758106505
Jigawa,Gagarawa,52.40709992920024,35.710998987615,3493.0,2054.1562261329123
Adamawa,Ganye,18.092588995178016,21.99067106075286,1800.0,2050.030082481232
Delta,Warri South West,18.92115198138376,42.53687029050522,1037.0,2044.2931115336823
Ondo,Irele,21.052072159556044,33.22007076561206,1530.0,2043.933605397382
Gombe,Gombe,4.938865196233606,12.256161610578578,925.0,2025.355561387602
Borno,Kaga,48.03412425556646,51.51101749952599,2410.0,2012.343316726208
Niger,Suleja,37.7831877432696,15.683387942866965,5104.0,1973.668386324592
Borno,Nganzai,41.71942859425212,45.76808914078531,2304.0,1968.2784997443928
Borno,Monguno,21.760137757782267,41.281064265936045,1332.0,1967.2705062031805
Benue,Katsina-Ala,32.288488760599606,20.69212799017926,3541.0,1966.276714771228
Plateau,Kanke,45.082487352912665,34.05366572638869,3141.0,1962.5283558311992
Kano,Dala,11.702535043329892,8.224775221216555,3316.0,1962.4948879497133
Benue,Buruku,24.59601971503632,22.573633019294267,2467.0,1961.8634773905624
Adamawa,Mayo-Belwa,20.07439273293631,23.250655907941457,1795.0,1948.3421488053543
Adamawa,Demsa,17.247333705157057,19.90977084655765,1801.0,1948.1015082805973
Plateau,Jos North,1.0,9.560574491538585,245.0,1938.6789990186253
Kwara,Ilorin West,1.0,9.968977562492746,250.0,1936.0543837104267
Bayelsa,Nembe,21.94794290706963,36.39400165335612,1304.0,1931.336897032373
Ondo,Owo,22.889542744578023,20.29365495635076,2564.0,1925.362031341315
Rivers,Okrika,11.954485683968493,22.25030435758043,1244.0,1918.2075322539256
Oyo,Saki East,25.628162056275176,41.91265722177785,1370.0,1908.609764000844
Kaduna,Kaura,60.50657872818529,20.75803765452202,6025.0,1892.1829369094307
Adamawa,Madagali,21.35237832083652,25.46134691366938,1689.0,1887.2690576625823
Kwara,Ilorin South,22.24030385021859,16.959500648787962,3186.0,1886.81658630562
Plateau,Mikang,44.54246772365387,42.20207865307009,2407.0,1886.6266017996588
Niger,Gurara,67.25430699458971,35.429259280126075,3840.0,1884.229643841357
Delta,Warri South,2.4870908094919835,14.485401842409884,365.0,1863.978764300305
Yobe,Karasuwa,48.61567623346048,33.81874496876341,3178.0,1860.3893887833783
Lagos,Epe,10.953427493099005,30.8406504753892,836.0,1856.533529297086
Kaduna,Kaduna South,39.60384794965786,8.829973381731971,9095.0,1856.237236981572
Adamawa,Michika,19.12811091422759,21.7963990320502,1738.0,1855.9386959505773
Niger,Chanchaga,35.60204414351464,15.490136835768112,4520.0,1832.0391078536784
Borno,Abadam,58.97363746728057,42.172615416043904,3288.0,1831.1404541899367
Oyo,Ori Ire,23.00713226704561,29.212538922991648,1686.0,1824.1078677159087
Adamawa,Yola South,11.556172589079708,16.884262933688884,1327.0,1816.612157626412
Delta,Warri North,15.355597359512563,32.34900917449681,983.0,1816.5415612909112
Bauchi,Dass,54.59118993102487,28.133329677664705,4210.0,1788.5366796090052
Oyo,Atiba,18.644480996500405,25.41452520418472,1539.0,1787.6414431995893
Ogun,Ifo,1.0,8.006578533249018,322.0,1787.0468934098355
Nasarawa,Wamba,39.90906004029237,43.47712744383542,2033.0,1779.5215379473364
Rivers,Degema,14.048784766355343,18.37501522174768,1641.0,1777.85829201237
Ondo,Idanre,23.214013160079467,32.07563153675197,1519.0,1777.415586716322
Kwara,Irepodun,39.74298874481303,22.44077649474867,4016.0,1761.3932365748713
Taraba,Gashaka,40.2980570533517,37.492640404829416,2205.0,1755.8695529918657
Kogi,Olamaboro,23.846661948516346,23.888017126714097,2154.0,1735.176918461619
Benue,Ushongo,21.87608868049585,21.42606490344008,2042.0,1733.2748250872955
Kogi,Omala,45.55104062468508,34.840831668867686,2802.0,1723.90733889644
Benue,Vandeikya,29.39002943421672,17.416407348815703,3353.0,1722.1154286981096
Borno,Bayo,39.76989666780656,49.87460508178126,1753.0,1712.0642445866297
Benue,Oju,28.44487965387448,24.02617172205041,2331.0,1706.5348944212978
Borno,Askira/Uba,28.18124891726505,27.238505848918265,2251.0,1694.1806893003286
Ogun,Ijebu East,26.65237086729461,37.37034644182089,1741.0,1690.9320627769744
Lagos,Ojo,4.675128162634501,8.367740839745208,1196.0,1688.6725339021389
Adamawa,Maiha,25.79081048118561,27.229470216644746,1663.0,1645.4598935047247
Kogi,Okehi,19.60178841637243,16.058057927437492,2497.0,1645.335862210787
Taraba,Ibi,27.57234544938867,36.22524439521593,1459.0,1640.830102949605
Cross River,Akamkpa,9.535379290113092,29.42642779084054,572.0,1639.3916920861352
Benue,Okpokwu,27.670381917205127,22.054163349869444,2363.0,1632.1386072538198
Anambra,Anambra West,13.071884790267095,22.350973317757923,1127.0,1631.6303177043724
Oyo,Orelope,23.68511185638709,37.32432407578759,1208.0,1622.161516519095
Rivers,Khana,11.746343254673896,14.233489031802494,1611.0,1617.0365257850278
Oyo,Itesiwaju,19.53371509556424,30.29856468713262,1221.0,1613.67226406641
Ogun,Ado Odo/Ota,1.0,7.371455341325015,315.0,1608.8666669253682
Adamawa,Mubi North,16.16803362367612,19.125260420584155,1434.0,1589.0403549830148
Kano,Kano Municipal,19.033034211754853,7.479059100392813,4782.0,1582.1883356783258
Ondo,Ose,29.81994399501215,25.54318171121143,2167.0,1571.597118401112
Ogun,Yewa North,17.157787292148384,20.62915557482821,1885.0,1570.1060162887018
Bayelsa,Ogbia,20.85666344066808,21.536009374088664,1700.0,1567.1849420257406
Nasarawa,Kokona,34.87504848375443,25.56380450314887,2653.0,1562.9642753435082
Ekiti,Ikole,12.812639156135573,19.76263774414729,1152.0,1561.2279815034665
Nasarawa,Keana,39.7912069269286,33.81503494729858,2281.0,1557.9830937265303
Borno,Hawul,40.744662631029335,28.8550967564133,2741.0,1511.8458752625436
Ondo,Akure South,1.0,9.823140673012944,182.0,1510.699664047016
Taraba,Yorro,39.95424795936096,31.2045845387598,2254.0,1507.2197664213772
Kogi,Kogi,47.17018225888681,28.52733852324509,3093.0,1504.6499168560629
Plateau,Jos South,17.137835224702727,10.415663117911455,2992.0,1504.2606567234698
Kano,Gwale,10.140162237451705,7.35171020283979,2455.0,1498.9572942491602
Taraba,Lau,34.171570003488824,29.26030479149091,2041.0,1496.2680857673206
Kano,Tarauni,30.107176670321035,11.821104717312672,4520.0,1494.4670402364172
Kwara,Asa,37.23754823293513,22.499728272484763,3179.0,1491.872833487022
Ondo,Ile-Oluji/Okeigbo,18.942118131682022,20.13432251683756,1641.0,1477.1668820050106
Benue,Obi,41.296291250472514,34.95409039587606,1982.0,1454.1237127070387
Oyo,Ona Ara,11.88433668538532,13.09219640174887,1548.0,1453.140560427561
Cross River,Akpabuyo,8.469631338974533,14.336176788755376,924.0,1452.705971929936
Ogun,Obafemi Owode,13.960364603696608,14.680029223214063,1961.0,1428.5299671266375
Bauchi,Bogoro,48.89487935448824,24.120226691250288,3508.0,1426.6710777758271
Plateau,Riyom,43.132416469478144,23.336323534080964,3187.0,1426.5471375112318
Taraba,Jalingo,33.68928224664069,18.88799583360331,2967.0,1423.9573391106223
Oyo,Olorunsogo,29.791841056035373,41.8943038402427,1188.0,1423.7850855556426
Delta,Ughelli South,13.162683436310228,16.228857704569187,1316.0,1423.1484887977288
Benue,Agatu,39.46112542697466,29.18200213348286,2219.0,1421.8700577968978
Lagos,Ajeromi/Ifelodun,2.7481856113121057,6.244334394196453,793.0,1421.829621313058
Abia,Ohafia,4.018679988261874,11.69671682441878,581.0,1409.5480719004129
Taraba,Kurmi,44.285287518383264,28.53697079763431,2538.0,1399.8164008676215
Oyo,Egbeda,8.035083002421175,11.760738183649911,1118.0,1394.4458667220008
Oyo,Oluyole,12.075939612807918,16.3124654385714,1205.0,1387.3861025210497
Kano,Fagge,37.00582279205079,12.149519665273244,5011.0,1385.2922482344388
Adamawa,Mubi South,25.157710901408954,19.365461165475907,1914.0,1380.3216236558408
Ondo,Akoko South West,25.07120294162364,14.09913005870387,2886.0,1374.4866177330412
Rivers,Ahoada West,11.724885272272392,14.135709096895177,1368.0,1366.1632540370172
Abia,Arochukwu,8.737542049753129,16.458646166942966,870.0,1365.4553880145647
Ogun,Sagamu,11.364748149568817,12.8479605750262,1738.0,1360.9517467045507
Lagos,Alimosho,1.0,3.112302364666542,554.0,1360.5740576768949
FCT,Kwali,27.11624670575169,22.88147307604598,3065.0,1360.2120111820195
Jigawa,Hadejia,46.748073463356754,18.616592316178053,3954.0,1358.844580983206
Lagos,Ikorodu,5.319165455312557,7.736356458554234,1179.0,1352.9833184236113
Benue,Gwer West,32.133589213265736,26.15897721217803,1912.0,1348.6521405530773
Kogi,Ajaokuta,40.86555996641991,24.022326633147824,2851.0,1347.9116406255553
Borno,Shani,36.413551855574426,30.554180920849213,2050.0,1339.3359088836598
Kogi,Adavi,10.864871500845853,13.313238497458164,1345.0,1325.6143490733052
Nasarawa,Akwanga,38.04265155110296,21.026676388514296,2984.0,1325.4517363256573
Taraba,Ardo-Kola,40.25508091660286,27.856090933271616,2218.0,1314.0824552568915
Cross River,Boki,10.879506536062182,18.72398327073604,813.0,1300.2673474726698
Benue,Ado,23.13628838761885,16.55584246307672,2075.0,1286.6126693497922
Delta,Isoko South,10.680792523914446,13.264206088736977,1181.0,1286.5133069868286
Adamawa,Girei,22.02083718565389,18.01957126327825,1673.0,1283.1081322483533
Nasarawa,Toto,37.38363618249742,18.83669960484679,3119.0,1262.9898738128977
Benue,Apa,42.10229397981993,30.73936687959084,1981.0,1253.6601226171028
Ebonyi,Onicha,4.148682241341635,10.094079766736568,543.0,1252.3208326747608
Rivers,Opobo/Nkoro,18.474493636665667,20.591675869636685,1322.0,1220.4960586571683
Kogi,Ijumu,36.57770037319099,22.37578415386224,2471.0,1215.954854371122
Rivers,Gokana,10.87729496741296,13.149352420272256,1191.0,1192.4721151775925
Anambra,Ogbaru,10.57046631601082,12.073857504298465,1217.0,1176.4278484458025
Osun,Ife South,10.2648616014588,25.16821644463257,546.0,1176.2470009747472
Ogun,Ogun Waterside,31.925588972689983,38.22069225019542,1416.0,1174.025551416773
Adamawa,Lamurde,25.895204560829622,19.10544519203565,1687.0,1166.082227466758
Kwara,Oyun,52.081398298597925,23.08443107686732,3368.0,1159.4288283976723
Ogun,Abeokuta North,19.094033437364686,14.008954564219,2268.0,1152.8439979874258
Borno,Kwaya Kusar,32.52087293257343,46.47635611137106,1028.0,1143.9057579053658
FCT,Abaji,28.626261837021755,28.134336584706865,2201.0,1137.815902404573
Borno,Chibok,39.15268677842969,39.316964996145074,1447.0,1131.8878610310896
Abia,Bende,7.01812719943637,11.991462866120536,795.0,1131.606326991163
Enugu,Nsukka,4.256153072754518,8.018461316721394,651.0,1130.0576942054677
Oyo,Iwajowa,25.09019999081944,26.18169690535236,1266.0,1125.6372559104448
Edo,Esan South-East,13.540326151045551,14.845428531139945,1279.0,1124.8071759011325
Cross River,Odukpani,8.537167144224428,15.610736199683148,660.0,1120.6900468009735
Lagos,Ibeju/Lekki,11.314064050755364,28.43513147796993,560.0,1109.7590847235256
Anambra,Anambra East,12.018026682642564,16.610886602985627,943.0,1102.7350193517318
Taraba,Donga,30.35385652229992,15.247197956708616,2536.0,1090.6250864264405
Delta,Ughelli North,1.1355213496184782,8.220301260163245,171.0,1087.2247482391306
Kogi,Okene,1.0,7.273771312088989,186.0,1085.644497260965
Edo,Ovia North-East,9.933046145021263,15.041942616704882,877.0,1064.5518052382688
Lagos,Kosofe,4.787332960084079,4.705168385615837,1373.0,1064.30815836666
Edo,Ovia South-West,13.16885687002816,16.894213168584415,1033.0,1062.7921072271097
Taraba,Takum,34.03786646693687,14.662821960404637,2875.0,1060.3449837610972
Ekiti,Ado Ekiti,1.0,7.270159128792472,166.0,1057.0735921152072
Rivers,Asari-Toru,18.72233333340305,12.391720339891515,1926.0,1056.2655101471616
FCT,Kuje,26.63832647336498,15.72778951823369,3396.0,1054.8073150464545
Rivers,Ahoada East,19.5259347743394,16.32733707181239,1520.0,1053.1580064669236
Cross River,Yala,7.403883387835979,13.351939414895536,627.0,1051.1875963395778
Ondo,Akoko North West,22.76226429429845,11.536972235079258,2431.0,1043.5937145993555
Oyo,Afijio,21.92383879277171,18.88321748672719,1421.0,1043.2569490166463
Cross River,Biase,10.915745260830418,16.52604162954293,735.0,1033.7586256716706
Oyo,Surulere,24.726645718274,17.615789848399356,1702.0,1033.5140439907034
Benue,Ohimini,42.30707643222742,34.62050708489915,1455.0,1031.9238593878597
Ogun,Yewa South,23.06944331569616,14.786558734272296,2321.0,1030.4053527271535
Adamawa,Numan,30.207353560319,20.43964976651963,1619.0,1026.5092738753
Ekiti,Ijero,6.932973191578025,9.95335141695404,812.0,1023.5515310649104
Oyo,Oyo West,21.72732296977418,17.910687490890165,1454.0,1021.4807831669956
Ogun,Ipokia,27.154748245512888,16.350680594217508,2441.0,1018.019320422888
Borno,Kala/Balge,55.92589759973687,38.45756375182558,1895.0,1014.8845105789042
Rivers,Emohua,19.458342129774657,12.795235784662044,1832.0,997.846139951654
Kogi,Idah,37.41592856434852,26.979072254863727,1701.0,986.2746879506798
Cross River,Obubra,10.930570193690151,15.328166540495088,755.0,984.2964297877
Delta,Bomadi,19.30645463364169,27.525800979040664,781.0,976.621962847449
Anambra,Aguata,1.0,6.046056512840409,191.0,976.0378938266592
Yobe,Machina,54.11512082220198,30.45632885114617,2045.0,968.4922311273554
Lagos,Mushin,5.514687636234177,4.602566905552267,1463.0,963.4395347291808
Ebonyi,Izzi,1.0,7.72763307928501,131.0,958.999956255532
Anambra,Ayamelum,15.323930033221624,13.877216920453558,1249.0,957.8011716501736
Ondo,Ifedore,32.872834147492576,12.69147914403774,2922.0,955.4541692073452
Delta,Sapele,14.076272146937418,13.270079772674045,1154.0,953.6314652385169
Osun,Ayedaade,7.024070862716022,18.0340965730788,415.0,937.4442857502544
Ekiti,Aiyekire (Gbonyin),11.81248276726298,13.624665806413674,923.0,934.6227775524368
Ekiti,Ekiti South West,8.521777482348384,12.159537444903608,742.0,930.4783386844742
Kwara,Oke-Ero,57.63112602585022,30.69564171054558,2247.0,929.5901639692842
Ogun,Imeko Afon,28.48395505871543,26.84070096883441,1412.0,921.8080846490464
Ondo,Akoko North East,22.568657637535164,11.86658648914187,2037.0,907.2041196375114
Edo,Owan East,14.799442910799272,12.86825173757758,1300.0,906.7466004315525
Edo,Akoko-Edo,4.6340144736406765,7.587707829122883,689.0,904.1237980163633
Bayelsa,Kolokuma/Opokuma,29.23576193032541,28.02542442211284,1051.0,899.9695619499421
Oyo,Ibadan North East,1.0,6.494964626157379,163.0,899.836297996043
Ogun,Odeda,25.593540768063715,19.78571542716285,1675.0,897.1896578374678
Nasarawa,Keffi,30.16092394920385,16.934282254494143,1956.0,882.7720463933648
Rivers,Obio/Akpor,1.0,4.922575203425527,216.0,882.7363379494401
Ebonyi,Ikwo,5.983823231417081,7.7606983424351395,711.0,874.8530364537778
Enugu,Awgu,8.67533689442097,9.713747816140906,846.0,872.9892149569226
Plateau,Jos East,44.93520927220572,21.17232052222081,2225.0,867.0686649091676
Anambra,Anaocha,5.686337857741214,6.987080692896843,833.0,866.5025744737967
Adamawa,Toungo,30.838769364617523,30.25758636996608,942.0,866.3330698971992
Oyo,Ibarapa East,20.850371109647696,17.523309734570717,1199.0,858.4485708067631
Ekiti,Ekiti East,11.116188605527428,13.339493563730237,811.0,855.1852214006547
Anambra,Idemili North,1.0,4.539445432255959,222.0,853.7519080332406
Akwa Ibom,Mbo,15.308472025718848,25.448370803499067,575.0,843.5649012633137
Ogun,Ijebu Ode,21.63557454869815,12.955544736385278,2032.0,842.8965619678207
Anambra,Ihiala,1.0,6.383953104259301,156.0,842.1403141421036
Lagos,Badagry,10.29357814224377,10.665705110213016,1028.0,839.9159458847486
Lagos,Oshodi/Isolo,4.739592707510681,4.008762478485492,1252.0,835.4624119128141
Edo,Oredo,1.0,4.885527482431307,213.0,833.5896509073993
Niger,Tafa,64.71705831732373,16.830859028806913,3410.0,826.2143252310506
Taraba,Ussa,40.565464126455616,16.91123708681526,2315.0,826.0763380368733
Ogun,Odogbolu,24.123040317237283,15.809131053738229,1811.0,822.3035538252833
Edo,Etsako West,7.49388038412395,9.053207904496317,847.0,820.7861276114039
Benue,Tarka,44.591188401387846,24.47611452665943,1720.0,818.156623383754
Benue,Ogbadibo,40.73182679832368,14.733762868136392,2595.0,813.3803792446406
Ekiti,Ekiti West,10.646087850539628,9.67763952348526,1009.0,805.5657440425808
Ekiti,Ise/Orun,12.388867171204542,15.082511323244708,745.0,796.5140360913598
Oyo,Ibarapa North,27.654731480937222,18.952889065050154,1360.0,794.3372776182961
Osun,Ife North,9.167303161613646,14.808345924549116,555.0,788.790146889703
Imo,Ohaji/Egbema,7.589997142522825,10.43478075391935,595.0,785.2611595833027
Oyo,Ibadan South East,10.847715719073348,7.047289040519712,1418.0,784.8783632294717
Enugu,Uzo-Uwani,14.15355325043707,13.481642995626336,889.0,780.7904564584038
Lagos,Shomolu,7.412438695537174,5.835638090053092,1256.0,780.1543892966844
Edo,Orhionmwon,17.41763001194593,9.264808657863282,1821.0,776.5440388104681
Kwara,Isin,59.59771983423162,24.463965073577537,2427.0,773.7969168906659
Osun,Irewole,10.450448755832618,15.409998627142189,590.0,764.7406562750645
Delta,Patani,20.259175644888828,27.390139162382315,642.0,761.6210279811189
Enugu,Igbo-Etiti,8.67533689442097,7.99544273252341,893.0,758.6518310573211
Enugu,Enugu East,5.50181107057725,6.010421790977027,753.0,758.55896676152
Ondo,Akure North,17.776892882643693,13.570231807105108,1172.0,757.6276524628136
Osun,Ife East,1.0,11.473174787018452,75.0,752.0976722805758
Lagos,Ifako/Ijaye,6.120107017594901,5.275460010279269,1099.0,747.5293160085591
Abia,Aba South,1.0,3.563355641661483,251.0,746.1378783082426
Lagos,Amuwo Odofin,9.094294345113342,6.835590891172124,1256.0,744.9583823819012
Oyo,Akinyele,16.974096501021386,8.267297436365094,1763.0,731.912756941383
Edo,Ikpoba-Okha,1.0,4.281625382332847,211.0,725.7960271302139
Oyo,Ibadan North,14.69942584982496,5.580890788208944,2222.0,718.8431975850924
Ekiti,Moba,10.28227074450559,10.540805822627751,789.0,710.3509874832566
Oyo,Oyo East,22.211243183905605,13.650157754372351,1352.0,708.2304892364027
Kwara,Ekiti,58.61835611765769,24.469058916486745,2184.0,708.0892665177907
Anambra,Orumba North,13.483521425498072,9.317282443898254,1201.0,702.4192172173562
Cross River,Ikom,11.9090157624325,11.527670549852749,781.0,702.2215827303527
Kogi,Mopa-Muro,52.19596923407492,34.951234622102206,1302.0,701.2565729469505
Lagos,Agege,6.439997117640845,4.580347752800609,1249.0,700.692540105213
Ekiti,Ido-Osi,10.222315865608596,9.36997186521055,863.0,694.96966289674
Oyo,Ibarapa Central,26.97920833938321,16.010432620082508,1367.0,691.1507089214301
Enugu,Igbo-Eze North,7.00374422637498,5.816552229555682,896.0,685.730166577952
Ekiti,Ikere,11.553586699298684,9.948231393481906,906.0,684.8909185651443
Cross River,Etung,14.941538139628918,22.85494212879257,479.0,680.7602203026134
Delta,Ndokwa East,19.178522112384176,15.96614304469774,931.0,679.8751567370955
Kwara,Offa,52.447184746956864,14.317991408310702,3195.0,677.5435942875864
Abia,Obi Nwga,10.232501266900462,7.559233291610553,1095.0,673.6743956866493
Lagos,Lagos Mainland,9.758400788554736,6.214220403752165,1339.0,672.5118363981314
Delta,Ethiope East,3.335960715247729,8.070718239243995,315.0,668.880966266061
Enugu,Udi,9.12180929507428,6.152551284381975,1074.0,667.7442447402746
Enugu,Aninri,14.094618893550834,10.74833875179088,948.0,666.8327364735435
Anambra,Awka North,12.310100809715168,13.49315956555354,712.0,660.6648408862237
Enugu,Nkanu East,11.867614559092129,9.4226278614774,900.0,659.041001533707
Edo,Owan West,15.442427891194832,14.547850912714775,869.0,656.3316554568912
Anambra,Orumba South,14.30423264221377,8.124337702838872,1361.0,654.2787135810372
Cross River,Calabar South,6.639575738178652,9.143024593133934,509.0,651.6833956255398
Ekiti,Emure,14.221578810214949,14.895509474291485,708.0,651.0746785898748
Osun,Iwo,5.816756578886356,9.787021588614715,440.0,650.7347323092299
Ondo,Ondo East,30.43840970411712,20.028536425596773,1168.0,650.6573501691307
Lagos,Surulere,6.865098220173387,3.877055052382057,1450.0,645.8554370109429
Akwa Ibom,Ibiono Ibom,15.971525442419903,10.50673157716591,1107.0,642.8722112178438
Ekiti,Irepodun/Ifelodun,13.127402270344794,10.485680203224618,910.0,638.4717919299486
Akwa Ibom,Mkpat Enin,7.992895425637038,11.012843973835162,521.0,633.2468131194913
Akwa Ibom,Ikot Abasi,14.269913867926888,14.656931455459846,695.0,630.4118113281386
Abia,Umuahia North,6.098070854039039,5.762641174703303,800.0,629.8855186353459
Delta,Aniocha North,16.196941822841396,14.665680431007752,793.0,629.3532207532886
Ebonyi,Afikpo South,7.218690747657802,7.600220903555228,629.0,627.989349296924
Edo,Uhunmwonde,9.534723662966474,11.30824088238208,660.0,627.3449374857332
Ogun,Ijebu North East,30.79349550580226,22.017476036238573,1266.0,627.0079385104816
Rivers,Ogba/Egbema/Ndoni,8.910670880315061,5.671512961887294,1182.0,623.0701611651327
Oyo,Ogbomosho North,18.796780759323493,7.481346387053723,1833.0,621.8521923779401
Delta,Okpe,15.197563068547398,11.723917194959526,918.0,620.9521374899929
Enugu,Udenu,8.553003456641964,7.606048474240653,755.0,619.120612628904
Abia,Ikwuano,10.06310078903674,9.103223194349946,816.0,614.9633500821161
Cross River,Ogoja,11.77559136669491,9.57538684361151,809.0,611.3727488684204
Edo,Etsako East,13.889417764531771,9.090256208473257,1163.0,610.259763405406
Abia,Osisioma Ngwa,6.879430558185448,5.600027663707865,893.0,605.3286542246839
Lagos,Eti-Osa,9.50540785771992,6.352330318205687,1133.0,597.1902963366261
Enugu,Isi-Uzo,12.461422851961029,8.686966578006274,915.0,588.0141960873643
Anambra,Nnewi South,10.818131511481738,5.724214296931872,1301.0,582.8094820819002
Akwa Ibom,Ibeno,17.82367720590882,23.676779841697424,490.0,574.7869950759124
Oyo,Lagelu,18.51920215933948,9.162526697427287,1346.0,567.3087005960048
Akwa Ibom,Etinan,1.0,10.345080180706407,62.0,566.9745219320737
Akwa Ibom,Oruk Anam,1.0,10.120692118526888,63.0,564.1956988460494
Delta,Ethiope West,6.443968437562639,6.7404750871593855,614.0,563.5020047516479
Delta,Ika North East,10.16454717342824,7.358620564656272,874.0,554.9453192610396
Ebonyi,Ishielu,7.586795669392774,6.904440577728376,640.0,552.5109698219258
Akwa Ibom,Eket,12.12175611483928,9.83052860849357,770.0,551.2686627610193
Enugu,Ezeagu,9.849559308139172,6.999902353423064,830.0,544.0133682961289
Akwa Ibom,Okobo,17.547968769882615,16.164156313417024,663.0,538.6872037096314
Ogun,Abeokuta South,12.043306483342816,5.184214694222734,1801.0,537.1632270787783
Imo,Ngor-Okpala,1.0,8.204884856516676,68.0,532.9228677909937
Anambra,Awka South,8.203982672390415,6.365537954899403,802.0,526.8660723249759
Osun,Isokan,7.463094238654083,14.844376155989798,301.0,526.4773340873642
Anambra,Oyi,12.423685192465625,7.091007697501397,1077.0,520.4692382618542
Lagos,Ikeja,8.389137366019662,4.939088270190688,1119.0,519.7044078528188
Edo,Etsako Central,10.84605498029292,11.939026322757783,581.0,512.4934607501738
Osun,Ejigbo,11.520069344481712,11.121348220583975,603.0,512.0209553980952
Ebonyi,Ohaukwu,8.270515231518427,4.968953191482579,894.0,509.5870271745242
Ogun,Remo North,31.71277633330585,20.45914904355792,1132.0,505.94221701011566
Anambra,Ekwusigo,10.482502470722867,7.29726932484388,856.0,504.5490446576725
Adamawa,Yola North,8.852029171203903,4.5950943854235256,1035.0,503.22111540997577
Abia,Isuikwuato,11.060446102459396,8.734359481817199,753.0,495.4261966949591
Osun,Oriade,9.289032370396477,9.567980117730688,545.0,493.2628371167054
Oyo,Ido,24.51047831297672,11.329894134392932,1252.0,493.0740154390824
Ebonyi,Afikpo North,7.146684848890632,5.996044638773864,619.0,492.4845032430936
Delta,Ndokwa West,15.214119041886608,7.921582272036306,1074.0,490.12602502209256
Cross River,Yakurr,9.14169496194908,6.710032161554184,718.0,490.0730893472354
Osun,Atakumosa East,14.83669139361379,18.373361946702648,446.0,485.9005880746732
Cross River,Obudu,12.589315459218009,8.04074150683259,814.0,483.1310703157288
Abia,Umunneochi,8.831771065564824,6.042070573057501,847.0,482.76940806752094
Delta,Isoko North,12.38304760088208,8.128045528190945,836.0,481.1308489255447
Ogun,Ikenne,24.17362692823843,9.700126954371848,1721.0,478.33978578151306
Akwa Ibom,Oron,19.93969716584,16.837829700949698,639.0,476.3895243996119
Delta,Oshimili North,13.724081441357908,9.601147066674343,765.0,469.5147102530357
Ekiti,Oye,11.58220152786316,7.335395510448468,842.0,468.4502871935585
Anambra,Idemili South,11.339936457801498,5.190300626211948,1209.0,468.3728627675848
Imo,Oguta,7.781677109714129,7.956822897815807,475.0,466.166143058515
Osun,Ife Central,1.4584517923012374,7.957802766345173,96.0,462.4394159475229
Delta,Aniocha South,13.836963077761595,7.788552565759748,925.0,456.3472345318997
Ekiti,Efon,15.43566510787909,11.240573724635995,710.0,454.4356581568762
Akwa Ibom,Onna,15.89033522812998,11.350517406716977,719.0,453.57501818902944
Akwa Ibom,Nsit Ubium,18.087545402351083,10.999736993080688,845.0,453.5384139376063
Akwa Ibom,Uyo,1.0,4.560878737435992,112.0,452.62575315572326
Rivers,Tai,20.824142709630426,9.6706208132967,1173.0,451.146360059122
Edo,Esan North-East,12.843634768575184,8.11369143087112,890.0,450.87219880097393
Ondo,Akoko South East,30.41689785336564,12.754863089458388,1264.0,448.743448754042
Rivers,Ogu/Bolo,23.752084408315728,15.330986812306346,837.0,447.72935187399503
Cross River,Obanliku,13.19878492122924,10.7278811376502,580.0,437.76472445284674
Delta,Ika South,12.178355566870056,6.330224713759187,957.0,436.2418492028737
Imo,Ideato South,9.848259488230193,6.621582217139775,674.0,434.9850394129543
Osun,Olorunda,13.375940888219878,9.505075087939602,696.0,434.8099405932073
Imo,Okigwe,9.438713765979925,7.935714533010922,537.0,433.44864493402514
Abia,Isiala-Ngwa North,10.407195509697422,5.740497445372173,943.0,433.3738628412277
Akwa Ibom,Eastern Obolo,21.32838812275726,21.962357752725847,470.0,427.0918880093112
Lagos,Apapa,10.45473950443422,5.770253717102921,979.0,426.2529733225277
Cross River,Bekwarra,15.063432032031166,10.759417971643796,637.0,422.4885993869237
Osun,Obokun,15.149994439169587,10.40304188390641,700.0,422.42321479126247
Abia,Isiala-Ngwa South,9.19598209297182,6.302136572659651,739.0,421.9210773317388
Rivers,Etche,14.149637283642416,4.330619029818032,1656.0,419.82265848387976
Akwa Ibom,Uruan,18.53578304374337,10.926696423391304,798.0,415.25129528002185
Edo,Esan West,12.26032356826274,7.1355006502131335,890.0,415.21834543278607
Osun,Irepodun,12.601663297929116,9.854778860619678,595.0,409.3930349926732
Ebonyi,Abakaliki,6.742240501609611,5.212855063359953,558.0,409.254521544561
Enugu,Enugu South,10.417472201770185,4.494556702950328,1019.0,405.3589277208428
Imo,Ideato North,10.11744938750978,6.238884125113556,677.0,400.9793294907771
Delta,Oshimili South,10.464059782019362,6.460932186965068,738.0,399.75233507490594
Ebonyi,Ebonyi,5.889609905927326,5.961641218065827,414.0,397.7297006525192
Oyo,Ibadan South West,9.983046097884204,3.359157058194328,1386.0,397.5021860766276
Akwa Ibom,Urue-Offong/Oruko,18.593292778865404,17.073552099350508,484.0,391.9156087213961
Rivers,Oyigbo,21.65778532592888,8.03579692809465,1271.0,390.698442262354
Imo,Mbaitoli,4.242406021520624,3.996762061758533,432.0,390.5791544566202
Edo,Egor,5.4261839042440245,2.499717837720908,1049.0,387.50745126471287
Akwa Ibom,Itu,14.432294296506734,9.276332867079269,678.0,384.83751760937065
Osun,Ayedire,18.466616488301664,14.47714363309306,557.0,384.0240179957604
Ebonyi,Ohaozara,6.894327727043073,4.936857242162238,565.0,383.93637317372577
Cross River,Abi,12.64861519065694,7.09603749162714,731.0,381.1131448019167
Lagos,Lagos Island,10.986267921620833,5.399988785108912,981.0,380.5331587744644
Ebonyi,Ezza South,8.741581858967203,5.339416643739696,646.0,374.0760128230161
Imo,Isiala Mbano,3.316476562520013,4.57782629550726,281.0,372.82509923881
Rivers,Port-Harcourt,1.0,1.7745309512722005,252.0,370.6620054068884
Akwa Ibom,Ukanafun,19.63523386225278,9.092619473912755,905.0,370.0507374963729
Akwa Ibom,Udung Uko,21.43156735341737,21.27109076452327,418.0,366.0659676440486
Imo,Owerri North,7.224443543890232,5.031071337037162,546.0,365.0556117150866
Rivers,Eleme,17.067922890247043,4.9460519106059175,1520.0,364.78166437897937
Anambra,Nnewi North,12.060727578413417,5.309767889563539,966.0,360.13749766593185
Imo,Ezinihitte-Mbaise,9.853496645803723,5.167120198024026,713.0,358.8655871365996
Ebonyi,Ezza North,8.901071559974861,4.678877076864653,719.0,358.6022728103184
Abia,Umuahia South,10.01545690463757,5.257042409375323,819.0,358.14330959504747
Osun,Odo Otin,8.544688192101486,7.765044510867608,446.0,356.4592783141747
Delta,Ukwuani,16.04041262036161,7.25170950705457,898.0,355.93203348826546
Akwa Ibom,Esit Eket,19.442407103314206,17.1721777805915,453.0,353.14643264930834
Oyo,Ibadan North West,16.423852196628303,5.434180626348543,1241.0,349.81420859809987
Imo,Aboh-Mbaise,9.52879287624469,4.361744227141292,795.0,349.5454819287305
Delta,Uvwie,12.191901363238498,4.488477990848134,1083.0,349.4364823822661
Imo,Ehime-Mbano,8.879385337126616,6.46872637703155,497.0,347.576697786766
Enugu,Nkanu West,12.346232972592476,5.123059961864058,899.0,343.8496730934258
Imo,Isu,10.36883295103936,5.050435890144259,730.0,341.49174079128727
Oyo,Ogo Oluwa,29.8458829073597,12.429745817940434,955.0,338.81411371736345
Cross River,Bakassi,17.70227008106357,28.55116728697384,224.0,336.2646741656935
Akwa Ibom,Ibesikpo Asutan,18.44613551546492,7.537981556528618,930.0,335.33126333392227
Enugu,Oji River,12.15782161951678,5.713930095554486,773.0,335.0932617197963
Akwa Ibom,Nsit Ibom,14.31896628906038,9.35130399498924,569.0,327.80635405479467
Akwa Ibom,Ikono,13.53751047651985,7.622119162144195,655.0,325.51120424027243
Imo,Ahiazu-Mbaise,10.300749902583432,4.594853281610117,754.0,322.92941465692815
Rivers,Ikwerre,18.27386150121161,4.39801274149069,1616.0,322.22788547964683
Akwa Ibom,Ini,18.616973258033298,9.9656225119081,678.0,320.20818751566986
Abia,Ukwa West,13.231948478074957,7.475309918334296,680.0,319.8944081566388
Edo,Igueben,16.435996329578696,9.957021788257451,656.0,318.71829560527766
Anambra,Njikoka,12.611569133857357,4.9059572868056245,965.0,317.7263324948164
Edo,Esan Central,14.657717683101875,6.6142061543394375,877.0,317.16722595935585
Enugu,Enugu North,6.351001576619844,2.871564971059019,760.0,316.6666012881073
Akwa Ibom,Essien Udim,10.42521892873938,5.051172249442576,740.0,316.64029156459105
Akwa Ibom,Abak,15.979982756408434,6.986349204260415,817.0,315.23147408389167
Imo,Oru West,9.617824554994746,6.579273108071761,477.0,313.1981594442685
Abia,Ukwa East,13.814262620731494,10.986636369244524,473.0,313.0678678517975
Enugu,Igbo-Eze South,12.561432669707372,4.615337220260019,914.0,309.7723247855371
Ebonyi,Ivo,8.468363215046914,4.775987312181725,568.0,304.0006860321807
Abia,Ugwunagbo,13.710504828039966,7.249224916455245,688.0,303.1468345045128
Oyo,Ogbomosho South,28.27129987559197,7.196418696365808,1392.0,302.031095147616
Delta,Udu,15.93656151487022,5.105238174571504,1068.0,300.0481597430924
Osun,Ila,16.231588392616995,13.685628793183335,398.0,295.2579822098002
Akwa Ibom,Nsit Atai,18.510411101777773,12.212416736528429,500.0,290.88553977249103
Imo,Obowo,9.786461028862504,6.008926574327448,492.0,290.316884018513
Imo,Orlu,8.888812220758973,4.923038177476684,544.0,289.3003486689073
Osun,Ifelodun,14.702988820032656,8.622157634413199,560.0,288.94962622665406
Kogi,Ogori/Magongo,53.71839223083539,15.70299204466311,1220.0,286.7603542795801
Ogun,Ewekoro,32.01280726751955,12.544763963320108,1054.0,286.10255121814805
Imo,Nwangele,11.809051283760894,5.41695093851068,646.0,284.648239333464
Osun,Boluwaduro,15.345559397541995,11.524454178212933,430.0,284.1069417624309
Imo,Njaba,10.446342883127643,4.805738070468205,642.0,283.68769120999053
Osun,Ola-Oluwa,17.810076985194293,10.51910832654676,537.0,278.750703234892
Osun,Atakumosa West,16.874158970126334,11.369109966350647,456.0,269.9304859642081
Anambra,Dunukofia,15.219739847540756,6.397096966075757,757.0,269.3423885572562
Imo,Ihitte/Uboma,8.211124030743822,5.471349625577877,420.0,268.87956565806365
Osun,Ilesa East,13.020731065869992,7.292355573474031,542.0,267.0273732065341
Akwa Ibom,Obot Akara,14.417071131327376,5.492405414459835,781.0,262.4831092071067
Imo,Orsu,14.0893096912771,5.270599457046001,726.0,260.7304205411496
Anambra,Onitsha South,8.186048296166659,4.317162923805295,579.0,258.4427036333269
Akwa Ibom,Etim Ekpo,19.47454489647064,7.477543720077685,758.0,256.99020953561273
Imo,Ikeduru,4.07586441068228,4.052724550947231,261.0,249.674627045758
Cross River,Calabar Municipal,9.825289088258971,3.609399186874952,723.0,246.77034309536143
Osun,Orolu,15.14600331757015,6.637655570922235,615.0,237.19079367802163
Imo,Oru East,11.878181763731527,4.974642880758746,569.0,228.711818560964
Akwa Ibom,Ikot Ekpene,13.77938965659192,4.954967296672516,716.0,227.3520762095401
Anambra,Onitsha North,12.063289632159664,4.107449990560914,783.0,225.6388088743685
Ekiti,Ilejemeje,18.340751512615288,11.148205974231107,421.0,224.66049898204463
Osun,Boripe,8.37107440252598,4.640300294225376,459.0,223.6977670336988
Osun,Osogbo,5.7908142884900125,3.95767972024724,356.0,213.88425435496464
Osun,Ilesa West,15.469284167124542,5.530693972214076,653.0,205.3326154785951
Abia,Aba North,11.10491372789862,3.896805665530248,698.0,203.98990473082253
Imo,Owerri West,9.894346474877285,4.802712847828375,431.0,201.04407241251943
Imo,Owerri Municipal,8.700274548111791,3.754724987074687,467.0,193.6339593309316
Imo,Nkwerre,11.29057268398114,5.441808084492903,388.0,179.7888102131142
Osun,Ede South,15.840458475872174,6.836663651902936,472.0,179.33792453923178
Akwa Ibom,Ika,19.938005703042293,7.344201365913028,533.0,173.4367855961866
Rivers,Omumma,22.227494758688827,4.264414213112904,1045.0,166.0517951983514
Osun,Ifedayo,20.689671219188032,12.567943673272278,307.0,163.8306055186359
Osun,Egbedore,16.57083372856913,6.187651172083851,484.0,159.0006519434577
Imo,Onuimo,10.187627298995125,3.7549640267855056,434.0,153.51637316430984
Osun,Ede North,13.964631324136825,4.798799397725499,462.0,139.75370833069044
