state,year,gi
Cross River,2026,Cold Spot (p<0.10)
Fct,2026,Not Significant
Ogun,2026,Cold Spot (p<0.10)
Oyo,2026,Not Significant
Sokoto,2026,Hot Spot (p<0.01)
Zamfara,2026,Hot Spot (p<0.01)
Lagos,2026,Not Significant
Akwa Ibom,2026,Cold Spot (p<0.10)
Bayelsa,2026,Not Significant
Ondo,2026,Cold Spot (p<0.05)
Delta,2026,Cold Spot (p<0.05)
Rivers,2026,Cold Spot (p<0.05)
Kwara,2026,Not Significant
Kogi,2026,Not Significant
Benue,2026,Not Significant
Borno,2026,Not Significant
Katsina,2026,Hot Spot (p<0.05)
Plateau,2026,Not Significant
Edo,2026,Not Significant
Jigawa,2026,Not Significant
Anambra,2026,Cold Spot (p<0.01)
Kano,2026,Not Significant
Nasarawa,2026,Not Significant
Kebbi,2026,Hot Spot (p<0.01)
Imo,2026,Cold Spot (p<0.05)
Gombe,2026,Not Significant
Adamawa,2026,Not Significant
Yobe,2026,Not Significant
Abia,2026,Cold Spot (p<0.01)
Ekiti,2026,Not Significant
Osun,2026,Not Significant
Bauchi,2026,Not Significant
Niger,2026,Hot Spot (p<0.01)
Kaduna,2026,Hot Spot (p<0.05)
Enugu,2026,Cold Spot (p<0.10)
Taraba,2026,Not Significant
Ebonyi,2026,Cold Spot (p<0.05)
Cross River,2027,Cold Spot (p<0.10)
Fct,2027,Not Significant
Ogun,2027,Cold Spot (p<0.10)
Oyo,2027,Not Significant
Sokoto,2027,Hot Spot (p<0.01)
Zamfara,2027,Hot Spot (p<0.01)
Lagos,2027,Not Significant
Akwa Ibom,2027,Cold Spot (p<0.10)
Bayelsa,2027,Not Significant
Ondo,2027,Cold Spot (p<0.10)
Delta,2027,Cold Spot (p<0.05)
Rivers,2027,Cold Spot (p<0.05)
Kwara,2027,Not Significant
Kogi,2027,Not Significant
Benue,2027,Not Significant
Borno,2027,Not Significant
Katsina,2027,Hot Spot (p<0.05)
Plateau,2027,Not Significant
Edo,2027,Not Significant
Jigawa,2027,Not Significant
Anambra,2027,Cold Spot (p<0.05)
Kano,2027,Not Significant
Nasarawa,2027,Not Significant
Kebbi,2027,Hot Spot (p<0.01)
Imo,2027,Cold Spot (p<0.05)
Gombe,2027,Not Significant
Adamawa,2027,Not Significant
Yobe,2027,Not Significant
Abia,2027,Cold Spot (p<0.01)
Ekiti,2027,Not Significant
Osun,2027,Not Significant
Bauchi,2027,Not Significant
Niger,2027,Hot Spot (p<0.01)
Kaduna,2027,Hot Spot (p<0.05)
Enugu,2027,Cold Spot (p<0.10)
Taraba,2027,Not Significant
Ebonyi,2027,Cold Spot (p<0.05)
Cross River,2028,Cold Spot (p<0.10)
Fct,2028,Not Significant
Ogun,2028,Cold Spot (p<0.10)
Oyo,2028,Not Significant
Sokoto,2028,Hot Spot (p<0.01)
Zamfara,2028,Hot Spot (p<0.01)
Lagos,2028,Not Significant
Akwa Ibom,2028,Cold Spot (p<0.10)
Bayelsa,2028,Not Significant
Ondo,2028,Cold Spot (p<0.10)
Delta,2028,Cold Spot (p<0.05)
Rivers,2028,Cold Spot (p<0.01)
Kwara,2028,Not Significant
Kogi,2028,Not Significant
Benue,2028,Not Significant
Borno,2028,Not Significant
Katsina,2028,Hot Spot (p<0.05)
Plateau,2028,Not Significant
Edo,2028,Not Significant
Jigawa,2028,Not Significant
Anambra,2028,Cold Spot (p<0.05)
Kano,2028,Not Significant
Nasarawa,2028,Not Significant
Kebbi,2028,Hot Spot (p<0.01)
Imo,2028,Cold Spot (p<0.05)
Gombe,2028,Not Significant
Adamawa,2028,Not Significant
Yobe,2028,Not Significant
Abia,2028,Cold Spot (p<0.01)
Ekiti,2028,Not Significant
Osun,2028,Not Significant
Bauchi,2028,Not Significant
Niger,2028,Hot Spot (p<0.01)
Kaduna,2028,Hot Spot (p<0.05)
Enugu,2028,Not Significant
Taraba,2028,Not Significant
Ebonyi,2028,Cold Spot (p<0.05)
