state,lga_clean,m1_rate,ihme_zd_2018,t_m,t_i
Zamfara,Gusau,13.64505374794614,68.96000000000001,0,2
Kebbi,Bagudo,8.470599054531595,67.4,0,2
Zamfara,Zurmi,56.64344109144244,79.03,2,2
Sokoto,Tambuwal,83.23751281283207,80.37,2,2
Kebbi,Danko/Wasagu,22.03796086133716,74.41,1,2
Zamfara,Maru,57.47170331657606,80.16,2,2
Sokoto,Gada,33.31722123044381,69.44,1,2
Kebbi,Birnin Kebbi,14.821986567031262,69.12,1,2
Katsina,Kankara,35.42785697070598,60.43,2,2
Zamfara,Tsafe,49.11783270178742,70.86,2,2
Sokoto,Gwadabawa,45.46061881284071,79.58,2,2
Zamfara,Kaura Namoda,55.26300404955305,82.67,2,2
Zamfara,Bungudu,51.33989103695775,75.7,2,2
Zamfara,Gummi,65.97252368098516,81.83,2,2
Kebbi,Jega,55.15828527206842,77.73,2,2
Kebbi,Arewa,67.20264420938453,64.32,2,2
Zamfara,Bukkuyum,87.79678801098468,82.73,2,2
Jigawa,Birnin Kudu,7.20479024794882,56.51,0,2
Kano,Kiru,21.35458816978512,49.37,1,2
Kebbi,Argungu,50.46956464765767,68.49,2,2
Zamfara,Talata Mafara,75.60886483791619,82.23,2,2
Bauchi,Gamawa,29.80431270243672,61.22,1,2
Zamfara,Maradun,81.19295532349453,84.25,2,2
Sokoto,Dange-Shuni,72.03295838953049,75.24,2,2
Kano,Bichi,27.359270978292315,46.94,1,2
Gombe,Funakaye,34.489092692517325,70.73,2,2
Kebbi,Maiyama,79.73250187802263,79.9,2,2
Bauchi,Misau,39.8040326792808,55.06,2,2
Zamfara,Bakura,99.0,79.92,2,2
Bauchi,Ningi,20.15757375204221,50.52,1,2
Jigawa,Gwaram,7.238221661012331,55.26,0,2
Sokoto,Bodinga,86.8158904274167,76.76,2,2
Kaduna,Soba,28.3425479274742,60.95,1,2
Bauchi,Darazo,31.46987586915689,66.31,1,2
Kaduna,Kubau,40.774509772029575,49.05,2,2
Yobe,Fune,1.0,62.34,0,2
Kebbi,Koko/Besse,62.91961430566749,78.2,2,2
Kano,Tudun Wada,33.03662568134264,49.16,1,2
Sokoto,Wamako,72.19456253986658,65.11,2,2
Kebbi,Zuru,59.02232311998706,61.48,2,2
Bauchi,Bauchi,1.0,39.29,0,2
Sokoto,Shagari,95.55020998129532,82.2,2,2
Kano,Sumaila,21.42060392214616,47.94,1,2
Bauchi,Katagum,30.95414311194912,61.45,1,2
Sokoto,Goronyo,1.0,82.67,0,2
Kaduna,Giwa,23.368207492878124,58.01,1,2
Kebbi,Gwandu,74.71789854354645,77.06,2,2
Sokoto,Sabon Birni,45.07584702632623,80.89,2,2
Katsina,Daura,12.895303210740131,40.75,0,2
Niger,Mashegu,38.31734535953612,68.06,2,2
Katsina,Safana,31.170567698165915,59.95,1,2
Katsina,Faskari,34.12310922533385,64.19,2,2
Kano,Gezawa,27.77186943054888,34.599999999999994,1,1
Zamfara,Birnin Magaji,92.81534461165997,80.8,2,2
Sokoto,Wurno,38.63476732007388,82.08,2,2
Kaduna,Zaria,18.66611399371733,42.94,1,2
Kebbi,Suru,82.46592624204081,76.22,2,2
Kaduna,Igabi,21.993360468929943,37.98,1,1
Kwara,Baruten,18.69650180751532,64.86,1,2
Kaduna,Lere,1.0,32.599999999999994,0,1
Sokoto,Rabah,1.827498222098998,84.45,0,2
Katsina,Kafur,34.18761360825112,43.07,2,2
Katsina,Mai'Adua,48.67764362539506,44.54,2,2
Niger,Shiroro,36.04032731583589,37.74,2,1
Kaduna,Birnin Gwari,43.777004545687255,66.02000000000001,2,2
Katsina,Ingawa,51.17279043733143,58.31,2,2
Kano,Minjibir,44.157529297831246,40.52,2,2
Bauchi,Itas/Gadau,40.90102161776782,57.46,2,2
Kano,Ungogo,1.0,22.91,0,1
Niger,Borgu,30.370038773929743,67.63,1,2
Bauchi,Ganjuwa,12.394104828992475,46.32,0,2
Gombe,Dukku,34.93424116560416,73.03999999999999,2,2
Kano,Rogo,27.02369090379031,44.85,1,2
Bauchi,Alkaleri,28.707323763949702,45.26,1,2
Sokoto,Illela,66.01512764844406,75.57,2,2
Katsina,Mashi,43.191839060021465,59.4,2,2
Kebbi,Dandi,80.1248912636116,64.32,2,2
Jigawa,Kafin Hausa,9.438616484465978,56.08,0,2
Katsina,Batsari,29.06831121854385,57.17,1,2
Kaduna,Ikara,9.081077245428034,46.17,0,2
Sokoto,Kebbe,91.10994356491828,80.59,2,2
Katsina,Malumfashi,29.54916207301807,41.39,1,2
Katsina,Zango,48.7098958168537,32.480000000000004,2,1
Katsina,Funtua,5.829141263893321,49.94,0,2
Niger,Mokwa,19.48144121157377,45.46,1,2
Katsina,Mani,44.628527588633474,62.49,2,2
Gombe,Akko,4.931234079552126,39.14,0,1
Katsina,Kankia,48.84770063490424,57.04,2,2
Kano,Takai,23.63488228258973,50.72,1,2
Zamfara,Anka,99.0,82.49,2,2
Kano,Makoda,41.13730862731318,40.69,2,2
Sokoto,Isa,94.87301163702983,84.06,2,2
Jigawa,Babura,28.312168768508965,37.54,1,1
Bauchi,Toro,1.0,35.36,0,1
Kano,Gaya,42.32834282616047,49.19,2,2
Kano,Bunkure,39.654704855537936,50.09,2,2
Katsina,Dutsin-Ma,37.29262004049625,55.66,2,2
Bauchi,Shira,41.64714318864627,62.14,2,2
Kano,Dawakin Tofa,35.11612188071573,40.73,2,2
Kaduna,Chikun,46.0716572872132,33.19,2,1
Kano,Bebeji,39.26411165406839,52.97,2,2
Katsina,Baure,40.31846200279746,37.22,2,1
Sokoto,Kware,76.15771194096568,77.25,2,2
Kano,Kabo,51.40825943215326,43.46,2,2
Katsina,Musawa,48.23784101459548,54.2,2,2
Kaduna,Zangon Kataf,44.941832505156775,18.03,2,1
Katsina,Katsina,8.25391965810175,47.66,0,2
Kano,Dawakin Kudu,35.22889879099919,47.08,2,2
Kwara,Edu,32.82451172692728,33.06,1,1
Kebbi,Fakai,79.97192590990743,71.86,2,2
Kebbi,Shanga,58.96246711201586,72.97,2,2
Kano,Gwarzo,38.03731892269221,42.66,2,2
Kano,Danbatta,36.26314557798898,36.6,2,1
Katsina,Batagarawa,37.85556738231973,58.12,2,2
Kebbi,Bunza,83.50343038020829,77.67,2,2
Zamfara,Shinkafi,99.0,84.18,2,2
Kebbi,Augie,92.86757029392508,72.53999999999999,2,2
Katsina,Bindawa,47.29373141007901,65.22,2,2
Jigawa,Jahun,26.905010200471622,41.17,1,2
Katsina,Sabuwa,50.3840777552975,66.61,2,2
Nasarawa,Lafia,1.0,24.86,0,1
Kano,Gabasawa,38.39490424798122,42.31,2,2
Sokoto,Tangaza,91.12533443637884,78.19,2,2
Katsina,Jibia,39.69394229546204,51.14,2,2
Niger,Lavun,30.71587158958949,46.35,1,2
Niger,Mariga,34.51318438727905,76.03999999999999,2,2
Sokoto,Silame,99.0,79.57,2,2
Katsina,Dutsi,55.73500952002587,54.04,2,2
Katsina,Bakori,24.61457677984664,49.38,1,2
Niger,Rijau,41.30999764554213,66.37,2,2
Kebbi,Ngaski,81.44172343897804,65.87,2,2
Sokoto,Binji,99.0,81.05,2,2
Borno,Bama,1.0,51.44,0,2
Jigawa,Dutse,13.769504085876813,53.04,0,2
Katsina,Rimi,41.781538688057445,64.6,2,2
Kano,Doguwa,42.10553966194193,46.85,2,2
Kaduna,Kachia,51.99497275389795,35.08,2,1
Oyo,Saki West,7.337451830779942,58.62,0,2
Katsina,Dandume,20.79415810070083,59.36,1,2
Gombe,Nafada,53.32523236799129,67.97999999999999,2,2
Jigawa,Kazaure,35.09570640103456,32.870000000000005,2,1
Sokoto,Yabo,99.0,80.75,2,2
Kano,Karaye,49.69460052711433,44.23,2,2
Niger,Edati,48.781356098705885,40.32,2,2
Bauchi,Giade,46.59521853546344,59.82,2,2
Kano,Bagwai,47.57659513886397,41.71,2,2
Niger,Rafi,50.59954644638231,47.18,2,2
Kaduna,Sabon Gari,37.301416724262346,39.28,2,1
Yobe,Jakusko,24.68627477914314,58.1,1,2
Niger,Magama,41.52913923170276,64.77000000000001,2,2
Kano,Rano,47.22726178262008,53.74,2,2
Katsina,Dan Musa,53.87317846764093,64.32,2,2
Sokoto,Gudu,99.0,67.06,2,2
Gombe,Kwami,32.88147077828377,60.33,1,2
Katsina,Kaita,41.142358893695366,58.91,2,2
Kano,Garko,47.49682610476104,46.45,2,2
Taraba,Gassol,5.6067644444243445,51.42,0,2
Kano,Tsanyawa,47.628857609483134,40.24,2,2
Kaduna,Makarfi,54.56381705182658,44.66,2,2
Katsina,Sandamu,58.121671687965005,38.64,2,1
Jigawa,Birniwa,34.797862902832264,51.27,2,2
Katsina,Charanchi,41.541113260820325,61.67,2,2
Bauchi,Zaki,29.88040442071328,56.99,1,2
Gombe,Balanga,38.21816504420468,33.41,2,1
Kano,Shanono,46.83941923749891,41.53,2,2
Plateau,Wase,27.733674920007783,43.88,1,2
Jigawa,Gwiwa,44.36532547773844,42.79,2,2
Bayelsa,Southern Ijaw,17.975272546730864,39.73,1,2
Kano,Albasu,40.26259990852928,50.08,2,2
Jigawa,Kiyawa,20.692845809395312,54.65,1,2
Taraba,Sardauna,18.0173177122292,41.01,1,2
Katsina,Kurfi,45.8365187596297,60.28,2,2
Jigawa,Maigatari,32.3999188203669,40.12,1,2
Yobe,Potiskum,1.0,49.27,0,2
Kano,Ajingi,47.65361351661853,46.99,2,2
Kwara,Ifelodun,23.19606844109196,23.17,1,1
Kano,Kibiya,51.55129356226888,50.11,2,2
Sokoto,Sokoto North,75.1880870389492,63.91,2,2
Kebbi,Yauri,91.02533538192256,64.8,2,2
Kaduna,Kauru,55.3902809629694,36.67,2,1
Kogi,Lokoja,32.562085833500426,30.16,1,1
Katsina,Danja,33.65398644048095,47.44,1,2
Niger,Bida,39.94721090660576,44.0,2,2
Kwara,Kaiama,39.45586604878935,68.05,2,2
Bauchi,Kirfi,40.98556797140844,54.07,2,2
Katsina,Matazu,47.73939805568928,58.72,2,2
Borno,Kukawa,47.24877787908349,75.3,2,2
Kebbi,Kalgo,99.0,76.2,2,2
Bayelsa,Ekeremor,6.532329498406727,39.82,0,2
Borno,Gwoza,22.019791573313224,35.239999999999995,1,1
Kano,Wudil,42.2045632904835,47.14,2,2
Jigawa,Ringim,25.351969102702547,37.89,1,1
Kano,Kunchi,53.87284752029914,47.27,2,2
Niger,Bosso,49.06213125597419,32.150000000000006,2,1
Borno,Magumeri,48.22992877219636,75.48,2,2
Borno,Jere,1.0,47.25,0,2
Jigawa,Kiri Kasamma,32.17805580639989,47.2,1,2
Jigawa,Garki,34.59119598571232,34.3,2,1
Kebbi,Sakaba,86.61594279471073,71.94,2,2
Borno,Damboa,19.78932273170304,53.58,1,2
Delta,Burutu,15.546743597156146,37.16,1,1
Niger,Gbako,40.46424808645348,42.67,2,2
Plateau,Kanam,18.85062475588718,36.07,1,1
Kwara,Pategi,46.1422849972861,46.99,2,2
Kaduna,Kudan,63.95633632434377,46.57,2,2
Katsina,Kusada,53.893702589478245,54.12,2,2
Gombe,Kaltungo,49.209516771108525,32.14,2,1
Plateau,Shendam,5.742875572969262,21.36,0,1
Kano,Warawa,53.83983964411861,38.26,2,1
Sokoto,Tureta,99.0,75.49,2,2
Plateau,Qua'An Pan,1.0,24.5,0,1
Bauchi,Dambam,42.361559876909496,53.68,2,2
Jigawa,Yankwashi,52.07886423730383,36.1,2,1
Jigawa,Buji,41.3443414245438,57.94,2,2
Borno,Ngala,34.48955964868929,50.77,2,2
Kogi,Ankpa,2.500500448055952,27.71,0,1
Jigawa,Malam Madori,40.961399783998,44.86,2,2
Kaduna,Kagarko,55.818097575796266,24.680000000000007,2,1
Kano,Kura,51.57604946940428,39.26,2,1
Kano,Madobi,51.61730931462992,41.09,2,2
Yobe,Geidam,34.636974363007525,72.58,2,2
Benue,Otukpo,17.00594189567678,17.269999999999996,1,1
Borno,Konduga,9.000919527388088,45.19,0,2
Kebbi,Aleiro,99.0,75.67,2,2
Sokoto,Sokoto South,67.70812350910776,64.42,2,2
Borno,Gubio,31.916432902976776,84.55,1,2
Plateau,Langtang North,33.665708726259645,25.06,1,1
Kano,Garum Mallam,54.09840134086606,50.22,2,2
Yobe,Fika,27.6376812500638,58.94,1,2
Kano,Rimin Gado,55.02812318661752,42.09,2,2
Borno,Maiduguri,1.0,40.55,0,2
Taraba,Karim-Lamido,8.989941431819393,30.96,0,1
Niger,Paikoro,54.03733007927711,39.84,2,2
Kogi,Kabba/Bunu,33.22478760856086,23.980000000000004,1,1
Plateau,Mangu,23.811714178219194,9.659999999999997,1,0
Bauchi,Jama'Are,53.650611746773,51.61,2,2
Kano,Kumbotso,5.893148835557469,28.89,0,1
Niger,Agaie,43.9328485049021,61.51,2,2
Kano,Nasarawa,1.0,17.950000000000003,0,1
Ogun,Ijebu North,10.80306233086643,23.14,0,1
Ondo,Odigbo,1.0,18.41,0,1
Jigawa,Kaugama,44.05228588268911,39.78,2,2
Taraba,Bali,12.96284651793468,52.32,0,2
Adamawa,Guyuk,20.82872414713828,27.71,1,1
Gombe,Billiri,49.217147887790006,26.090000000000003,2,1
Kaduna,Jema'A,59.289246002596094,22.16,2,1
Jigawa,Auyo,44.60846302729133,49.24,2,2
Plateau,Bokkos,35.24212966419692,13.060000000000002,2,0
Jigawa,Miga,42.07983251194128,38.52,2,1
Niger,Katcha,51.42475148176842,56.26,2,2
Yobe,Gujba,42.97135991226762,55.47,2,2
Jigawa,Guri,48.623271814283406,48.07,2,2
Bayelsa,Brass,14.92691933695619,24.739999999999995,1,1
Niger,Wushishi,69.04852873127982,34.209999999999994,2,1
Yobe,Gulani,38.0173147868724,59.83,2,2
Niger,Lapai,48.01778463442747,51.92,2,2
Benue,Gboko,1.0,25.16,0,1
Adamawa,Fufore,14.189597436874084,43.12,1,2
Plateau,Langtang South,44.02972181304452,25.02,2,1
Rivers,Abua/Odual,8.664976981817833,20.239999999999995,0,1
Ondo,Ese Odo,21.016219074970248,40.79,1,2
Kogi,Dekina,7.726889041640728,31.11,0,1
Kogi,Ibaji,45.92716865917885,26.489999999999995,2,1
Nasarawa,Nasarawa,18.563215527977896,43.91,1,2
Kaduna,Jaba,66.23543209813056,15.86,2,1
Borno,Biu,24.320494643714586,38.23,1,1
Jigawa,Roni,49.27366475933738,41.53,2,2
Nasarawa,Doma,31.625669786724924,31.879999999999995,1,1
Jigawa,Taura,40.3839481038099,32.34,2,1
Yobe,Nguru,32.1287049560557,44.06,1,2
Kano,Tofa,58.37567196259245,38.25,2,1
Gombe,Shongom,55.94270538974182,21.33,2,1
Kogi,Yagba East,34.091673173775064,21.92,1,1
Adamawa,Song,14.150870600877107,37.46,1,1
Nasarawa,Obi,25.20387769118919,33.81999999999999,1,1
Plateau,Pankshin,39.15863566225563,11.14,2,0
Kwara,Moro,42.10290131487072,28.75,2,1
Benue,Guma,32.43288664370745,43.64,1,2
Ondo,Ondo West,8.851267475010085,10.86,0,0
Yobe,Damaturu,40.874980725030426,56.66,2,2
Bauchi,Warji,51.75043244870011,46.3,2,2
Taraba,Wukari,22.28389306612824,33.68000000000001,1,1
Adamawa,Shelleng,22.396319117276743,24.86,1,1
Kaduna,Sanga,62.3967503084931,24.02,2,1
Rivers,Andoni,15.163526952113507,13.430000000000009,1,0
Borno,Mobbar,47.289215768387486,83.83,2,2
Jigawa,Gumel,46.79670097326733,32.510000000000005,2,1
Niger,Agwara,53.11967468722949,60.44,2,2
Benue,Konshisha,39.80505493037697,25.81,2,1
Nasarawa,Awe,31.531868329149688,39.02,1,1
Bayelsa,Yenagoa,12.611823308075929,24.700000000000003,0,1
Benue,Logo,29.4661664998554,36.49,1,1
Yobe,Bade,38.70474536046508,50.14,2,2
Borno,Mafa,32.159060238800784,55.75,1,2
Oyo,Iseyin,12.373169795091682,32.56999999999999,0,1
Kogi,Yagba West,28.829462862619447,30.89,1,1
Nasarawa,Nasarawa Eggon,25.7739019333772,22.849999999999994,1,1
Kwara,Ilorin East,21.465465889716324,13.75,1,0
Plateau,Barkin Ladi,29.99466619604585,9.89,1,0
FCT,Bwari,19.752373737344257,12.010000000000003,1,0
Kogi,Ofu,34.16689878067382,32.099999999999994,2,1
Yobe,Yunusari,38.98028571434315,67.8,2,2
Nasarawa,Karu,1.0,20.950000000000003,0,1
Kaduna,Kaduna North,53.81708260034696,21.86,2,1
Yobe,Tarmuwa,47.66122717260451,68.76,2,2
Yobe,Yusufari,45.73812593986795,62.22,2,2
Benue,Kwande,12.51910585510762,17.560000000000002,0,1
Oyo,Atisbo,25.856611700509813,54.45,1,2
Borno,Marte,59.214136493141226,60.29,2,2
Kaduna,Kajuru,67.12217925926262,33.260000000000005,2,1
Bayelsa,Sagbama,19.96332898788826,30.41,1,1
Taraba,Zing,34.6801209550168,25.42,2,1
Kogi,Igalamela-Odolu,36.25888708681057,28.90000000000001,2,1
Rivers,Bonny,20.245850083909875,14.450000000000005,1,0
FCT,Gwagwalada,22.75467041055649,24.03,1,1
Adamawa,Gombi,21.571269132993343,39.98,1,2
Oyo,Irepo,23.449292868790053,62.68,1,2
Yobe,Nangere,46.371584691566994,50.86,2,2
Ondo,Okitipupa,11.879060468280452,22.06,0,1
Plateau,Bassa,28.57370545441034,15.03,1,0
Benue,Makurdi,1.0,28.21,0,1
Niger,Muya,59.37205806737478,29.71,2,1
Oyo,Kajola,17.954219168221574,30.57,1,1
Kogi,Bassa,46.08120204473344,35.379999999999995,2,1
Adamawa,Jada,17.981459813621477,24.55,1,1
Benue,Ukum,33.756096336186594,28.010000000000005,1,1
Adamawa,Hong,17.991562466490247,31.89,1,1
Benue,Gwer East,34.08427334324988,25.950000000000003,1,1
Borno,Dikwa,48.544918646774896,53.81,2,2
Rivers,Akuku Toru,21.7522004484955,19.55,1,1
Jigawa,Gagarawa,52.40709992920024,33.510000000000005,2,1
Adamawa,Ganye,18.092588995178016,23.72,1,1
Delta,Warri South West,18.92115198138376,42.75,1,2
Ondo,Irele,21.052072159556044,26.75,1,1
Gombe,Gombe,4.938865196233606,39.41,0,2
Borno,Kaga,48.03412425556646,69.2,2,2
Niger,Suleja,37.7831877432696,16.92,2,1
Borno,Nganzai,41.71942859425212,72.66,2,2
Borno,Monguno,21.760137757782267,70.19,1,2
Plateau,Kanke,45.082487352912665,13.260000000000003,2,0
Kano,Dala,11.702535043329892,19.90000000000001,0,1
Benue,Buruku,24.59601971503632,28.730000000000004,1,1
Adamawa,Mayo-Belwa,20.07439273293631,23.97,1,1
Adamawa,Demsa,17.247333705157057,26.16,1,1
Plateau,Jos North,1.0,6.510000000000005,0,0
Kwara,Ilorin West,1.0,13.75,0,0
Bayelsa,Nembe,21.94794290706963,26.370000000000005,1,1
Ondo,Owo,22.889542744578023,9.060000000000002,1,0
Rivers,Okrika,11.954485683968493,11.349999999999994,0,0
Oyo,Saki East,25.628162056275176,61.61,1,2
Kaduna,Kaura,60.50657872818529,15.069999999999991,2,0
Adamawa,Madagali,21.35237832083652,21.700000000000003,1,1
Kwara,Ilorin South,22.24030385021859,14.36,1,0
Plateau,Mikang,44.54246772365387,19.40000000000001,2,1
Niger,Gurara,67.25430699458971,23.22,2,1
Delta,Warri South,2.4870908094919835,15.480000000000004,0,0
Yobe,Karasuwa,48.61567623346048,52.0,2,2
Lagos,Epe,10.953427493099005,18.620000000000005,0,1
Kaduna,Kaduna South,39.60384794965786,20.42,2,1
Adamawa,Michika,19.12811091422759,21.480000000000004,1,1
Niger,Chanchaga,35.60204414351464,24.89,2,1
Borno,Abadam,58.97363746728057,76.74,2,2
Oyo,Ori Ire,23.00713226704561,38.77,1,1
Adamawa,Yola South,11.556172589079708,33.17,0,1
Delta,Warri North,15.355597359512563,42.04,1,2
Bauchi,Dass,54.59118993102487,21.69,2,1
Oyo,Atiba,18.644480996500405,43.18,1,2
Ogun,Ifo,1.0,17.090000000000003,0,1
Nasarawa,Wamba,39.90906004029237,23.849999999999994,2,1
Rivers,Degema,14.048784766355343,15.36,1,0
Ondo,Idanre,23.214013160079467,11.97,1,0
Kwara,Irepodun,39.74298874481303,14.829999999999998,2,0
Taraba,Gashaka,40.2980570533517,41.78,2,2
Kogi,Olamaboro,23.846661948516346,21.57,1,1
Benue,Ushongo,21.87608868049585,23.200000000000003,1,1
Kogi,Omala,45.55104062468508,38.47,2,1
Benue,Vandeikya,29.39002943421672,17.209999999999994,1,1
Borno,Bayo,39.76989666780656,54.08,2,2
Benue,Oju,28.44487965387448,15.379999999999995,1,0
Borno,Askira/Uba,28.18124891726505,30.17,1,1
Ogun,Ijebu East,26.65237086729461,24.08,1,1
Lagos,Ojo,4.675128162634501,11.540000000000006,0,0
Adamawa,Maiha,25.79081048118561,40.54,1,2
Kogi,Okehi,19.60178841637243,17.78,1,1
Taraba,Ibi,27.57234544938867,33.86,1,1
Cross River,Akamkpa,9.535379290113092,27.14,0,1
Benue,Okpokwu,27.670381917205127,17.099999999999994,1,1
Anambra,Anambra West,13.071884790267095,20.32,0,1
Oyo,Orelope,23.68511185638709,60.15,1,2
Rivers,Khana,11.746343254673896,11.709999999999994,0,0
Oyo,Itesiwaju,19.53371509556424,46.56,1,2
Ogun,Ado Odo/Ota,1.0,20.44,0,1
Adamawa,Mubi North,16.16803362367612,32.05,1,1
Ondo,Ose,29.81994399501215,11.0,1,0
Bayelsa,Ogbia,20.85666344066808,27.239999999999995,1,1
Nasarawa,Kokona,34.87504848375443,28.69,2,1
Ekiti,Ikole,12.812639156135573,10.11,0,0
Nasarawa,Keana,39.7912069269286,41.06,2,2
Borno,Hawul,40.744662631029335,21.349999999999994,2,1
Ondo,Akure South,1.0,6.010000000000005,0,0
Taraba,Yorro,39.95424795936096,26.32,2,1
Plateau,Jos South,17.137835224702727,6.959999999999994,1,0
Kano,Gwale,10.140162237451705,18.56,0,1
Taraba,Lau,34.171570003488824,20.27,2,1
Kano,Tarauni,30.107176670321035,20.700000000000003,1,1
Kwara,Asa,37.23754823293513,20.11,2,1
Ondo,Ile-Oluji/Okeigbo,18.942118131682022,7.420000000000002,1,0
Benue,Obi,41.296291250472514,14.989999999999997,2,0
Oyo,Ona Ara,11.88433668538532,18.66,0,1
Cross River,Akpabuyo,8.469631338974533,19.540000000000006,0,1
Ogun,Obafemi Owode,13.960364603696608,23.67,0,1
Bauchi,Bogoro,48.89487935448824,16.349999999999994,2,1
Plateau,Riyom,43.132416469478144,11.439999999999998,2,0
Taraba,Jalingo,33.68928224664069,19.700000000000003,1,1
Oyo,Olorunsogo,29.791841056035373,54.33,1,2
Delta,Ughelli South,13.162683436310228,19.42,0,1
Benue,Agatu,39.46112542697466,29.05,2,1
Lagos,Ajeromi/Ifelodun,2.7481856113121057,6.079999999999998,0,0
Taraba,Kurmi,44.285287518383264,43.47,2,2
Oyo,Egbeda,8.035083002421175,17.239999999999995,0,1
Oyo,Oluyole,12.075939612807918,19.25,0,1
Kano,Fagge,37.00582279205079,18.599999999999994,2,1
Adamawa,Mubi South,25.157710901408954,35.349999999999994,1,1
Ondo,Akoko South West,25.07120294162364,11.629999999999995,1,0
Rivers,Ahoada West,11.724885272272392,22.67,0,1
Abia,Arochukwu,8.737542049753129,15.269999999999996,0,0
Ogun,Sagamu,11.364748149568817,15.709999999999994,0,1
Lagos,Alimosho,1.0,8.409999999999997,0,0
FCT,Kwali,27.11624670575169,27.32,1,1
Jigawa,Hadejia,46.748073463356754,36.27,2,1
Lagos,Ikorodu,5.319165455312557,10.620000000000005,0,0
Benue,Gwer West,32.133589213265736,22.91,1,1
Kogi,Ajaokuta,40.86555996641991,26.25,2,1
Borno,Shani,36.413551855574426,30.930000000000007,2,1
Kogi,Adavi,10.864871500845853,18.120000000000005,0,1
Nasarawa,Akwanga,38.04265155110296,23.67,2,1
Taraba,Ardo-Kola,40.25508091660286,27.450000000000003,2,1
Cross River,Boki,10.879506536062182,13.900000000000006,0,0
Benue,Ado,23.13628838761885,15.829999999999998,1,1
Delta,Isoko South,10.680792523914446,18.05,0,1
Adamawa,Girei,22.02083718565389,26.22,1,1
Nasarawa,Toto,37.38363618249742,40.55,2,2
Benue,Apa,42.10229397981993,23.71,2,1
Ebonyi,Onicha,4.148682241341635,6.730000000000004,0,0
Rivers,Opobo/Nkoro,18.474493636665667,14.489999999999997,1,0
Kogi,Ijumu,36.57770037319099,17.090000000000003,2,1
Rivers,Gokana,10.87729496741296,10.040000000000006,0,0
Anambra,Ogbaru,10.57046631601082,14.489999999999997,0,0
Osun,Ife South,10.2648616014588,11.989999999999997,0,0
Ogun,Ogun Waterside,31.925588972689983,32.980000000000004,1,1
Adamawa,Lamurde,25.895204560829622,17.83,1,1
Kwara,Oyun,52.081398298597925,17.400000000000006,2,1
Ogun,Abeokuta North,19.094033437364686,33.64,1,1
Borno,Kwaya Kusar,32.52087293257343,38.56,1,1
FCT,Abaji,28.626261837021755,30.980000000000004,1,1
Borno,Chibok,39.15268677842969,46.22,2,2
Abia,Bende,7.01812719943637,12.819999999999991,0,0
Enugu,Nsukka,4.256153072754518,11.349999999999994,0,0
Oyo,Iwajowa,25.09019999081944,34.27,1,1
Cross River,Odukpani,8.537167144224428,24.450000000000003,0,1
Lagos,Ibeju/Lekki,11.314064050755364,16.39,0,1
Anambra,Anambra East,12.018026682642564,9.47,0,0
Taraba,Donga,30.35385652229992,43.13,1,2
Delta,Ughelli North,1.1355213496184782,15.700000000000005,0,0
Kogi,Okene,1.0,16.909999999999997,0,1
Lagos,Kosofe,4.787332960084079,7.760000000000005,0,0
Edo,Ovia South-West,13.16885687002816,24.489999999999995,0,1
Taraba,Takum,34.03786646693687,31.39,1,1
Ekiti,Ado Ekiti,1.0,6.260000000000005,0,0
Rivers,Asari-Toru,18.72233333340305,12.22,1,0
FCT,Kuje,26.63832647336498,25.010000000000005,1,1
Rivers,Ahoada East,19.5259347743394,21.05,1,1
Ondo,Akoko North West,22.76226429429845,12.879999999999995,1,0
Oyo,Afijio,21.92383879277171,20.78,1,1
Cross River,Biase,10.915745260830418,18.0,0,1
Oyo,Surulere,24.726645718274,19.5,1,1
Benue,Ohimini,42.30707643222742,16.409999999999997,2,1
Adamawa,Numan,30.207353560319,16.53,1,1
Ekiti,Ijero,6.932973191578025,9.0,0,0
Oyo,Oyo West,21.72732296977418,24.07,1,1
Ogun,Ipokia,27.154748245512888,38.97,1,1
Borno,Kala/Balge,55.92589759973687,50.38,2,2
Rivers,Emohua,19.458342129774657,18.430000000000007,1,1
Kogi,Idah,37.41592856434852,23.07,2,1
Cross River,Obubra,10.930570193690151,8.790000000000006,0,0
Delta,Bomadi,19.30645463364169,27.42,1,1
Anambra,Aguata,1.0,8.879999999999995,0,0
Yobe,Machina,54.11512082220198,51.36,2,2
Lagos,Mushin,5.514687636234177,5.879999999999996,0,0
Ebonyi,Izzi,1.0,8.409999999999997,0,0
Anambra,Ayamelum,15.323930033221624,18.200000000000003,1,1
Ondo,Ifedore,32.872834147492576,6.079999999999998,1,0
Delta,Sapele,14.076272146937418,15.819999999999991,1,1
Osun,Ayedaade,7.024070862716022,16.269999999999996,0,1
Ekiti,Ekiti South West,8.521777482348384,7.459999999999994,0,0
Kwara,Oke-Ero,57.63112602585022,15.480000000000004,2,0
Ogun,Imeko Afon,28.48395505871543,46.24,1,2
Ondo,Akoko North East,22.568657637535164,12.879999999999995,1,0
Edo,Owan East,14.799442910799272,11.61,1,0
Edo,Akoko-Edo,4.6340144736406765,15.560000000000002,0,0
Bayelsa,Kolokuma/Opokuma,29.23576193032541,28.700000000000003,1,1
Oyo,Ibadan North East,1.0,15.319999999999991,0,0
Ogun,Odeda,25.593540768063715,22.430000000000007,1,1
Nasarawa,Keffi,30.16092394920385,24.55,1,1
Rivers,Obio/Akpor,1.0,9.810000000000002,0,0
Ebonyi,Ikwo,5.983823231417081,6.900000000000006,0,0
Enugu,Awgu,8.67533689442097,6.760000000000005,0,0
Plateau,Jos East,44.93520927220572,8.469999999999999,2,0
Anambra,Anaocha,5.686337857741214,6.829999999999998,0,0
Adamawa,Toungo,30.838769364617523,25.92,1,1
Oyo,Ibarapa East,20.850371109647696,23.629999999999995,1,1
Ekiti,Ekiti East,11.116188605527428,8.590000000000003,0,0
Anambra,Idemili North,1.0,5.849999999999994,0,0
Akwa Ibom,Mbo,15.308472025718848,31.07,1,1
Ogun,Ijebu Ode,21.63557454869815,18.620000000000005,1,1
Anambra,Ihiala,1.0,13.670000000000002,0,0
Lagos,Badagry,10.29357814224377,23.42,0,1
Lagos,Oshodi/Isolo,4.739592707510681,6.609999999999999,0,0
Niger,Tafa,64.71705831732373,14.53,2,0
Taraba,Ussa,40.565464126455616,23.97,2,1
Ogun,Odogbolu,24.123040317237283,18.96,1,1
Edo,Etsako West,7.49388038412395,8.61,0,0
Benue,Tarka,44.591188401387846,27.94,2,1
Benue,Ogbadibo,40.73182679832368,16.510000000000005,2,1
Ekiti,Ekiti West,10.646087850539628,9.670000000000002,0,0
Ekiti,Ise/Orun,12.388867171204542,7.609999999999999,0,0
Oyo,Ibarapa North,27.654731480937222,32.09,1,1
Osun,Ife North,9.167303161613646,10.680000000000009,0,0
Imo,Ohaji/Egbema,7.589997142522825,17.730000000000004,0,1
Oyo,Ibadan South East,10.847715719073348,15.03,0,0
Enugu,Uzo-Uwani,14.15355325043707,18.200000000000003,1,1
Lagos,Shomolu,7.412438695537174,6.230000000000004,0,0
Edo,Orhionmwon,17.41763001194593,13.620000000000005,1,0
Kwara,Isin,59.59771983423162,17.11,2,1
Osun,Irewole,10.450448755832618,15.39,0,0
Delta,Patani,20.259175644888828,26.05,1,1
Enugu,Igbo-Etiti,8.67533689442097,8.310000000000002,0,0
Enugu,Enugu East,5.50181107057725,4.900000000000006,0,0
Ondo,Akure North,17.776892882643693,6.879999999999996,1,0
Osun,Ife East,1.0,10.040000000000006,0,0
Lagos,Ifako/Ijaye,6.120107017594901,9.480000000000004,0,0
Abia,Aba South,1.0,7.170000000000002,0,0
Lagos,Amuwo Odofin,9.094294345113342,7.450000000000003,0,0
Oyo,Akinyele,16.974096501021386,17.060000000000002,1,1
Edo,Ikpoba-Okha,1.0,9.560000000000002,0,0
Oyo,Ibadan North,14.69942584982496,15.060000000000002,1,0
Ekiti,Moba,10.28227074450559,8.25,0,0
Oyo,Oyo East,22.211243183905605,20.72,1,1
Kwara,Ekiti,58.61835611765769,14.909999999999997,2,0
Anambra,Orumba North,13.483521425498072,8.400000000000006,0,0
Cross River,Ikom,11.9090157624325,10.430000000000009,0,0
Kogi,Mopa-Muro,52.19596923407492,23.480000000000004,2,1
Lagos,Agege,6.439997117640845,7.709999999999994,0,0
Ekiti,Ido-Osi,10.222315865608596,7.159999999999997,0,0
Oyo,Ibarapa Central,26.97920833938321,30.260000000000005,1,1
Enugu,Igbo-Eze North,7.00374422637498,16.569999999999993,0,1
Ekiti,Ikere,11.553586699298684,6.290000000000006,0,0
Cross River,Etung,14.941538139628918,11.049999999999995,1,0
Delta,Ndokwa East,19.178522112384176,20.680000000000007,1,1
Kwara,Offa,52.447184746956864,15.879999999999995,2,1
Lagos,Lagos Mainland,9.758400788554736,8.310000000000002,0,0
Delta,Ethiope East,3.335960715247729,14.840000000000003,0,0
Enugu,Udi,9.12180929507428,5.849999999999994,0,0
Enugu,Aninri,14.094618893550834,8.980000000000004,1,0
Anambra,Awka North,12.310100809715168,7.540000000000006,0,0
Enugu,Nkanu East,11.867614559092129,6.709999999999994,0,0
Edo,Owan West,15.442427891194832,8.670000000000002,1,0
Anambra,Orumba South,14.30423264221377,9.64,1,0
Cross River,Calabar South,6.639575738178652,27.989999999999995,0,1
Osun,Iwo,5.816756578886356,12.159999999999997,0,0
Ondo,Ondo East,30.43840970411712,9.689999999999998,1,0
Lagos,Surulere,6.865098220173387,5.920000000000002,0,0
Akwa Ibom,Ibiono Ibom,15.971525442419903,14.319999999999991,1,0
Ekiti,Irepodun/Ifelodun,13.127402270344794,7.060000000000002,0,0
Akwa Ibom,Mkpat Enin,7.992895425637038,16.189999999999998,0,1
Akwa Ibom,Ikot Abasi,14.269913867926888,15.260000000000003,1,0
Abia,Umuahia North,6.098070854039039,9.549999999999995,0,0
Ebonyi,Afikpo South,7.218690747657802,9.849999999999994,0,0
Edo,Uhunmwonde,9.534723662966474,8.430000000000007,0,0
Ogun,Ijebu North East,30.79349550580226,21.61,1,1
Oyo,Ogbomosho North,18.796780759323493,22.78,1,1
Delta,Okpe,15.197563068547398,14.599999999999994,1,0
Enugu,Udenu,8.553003456641964,11.439999999999998,0,0
Abia,Ikwuano,10.06310078903674,11.89,0,0
Cross River,Ogoja,11.77559136669491,11.03,0,0
Edo,Etsako East,13.889417764531771,18.41,0,1
Abia,Osisioma Ngwa,6.879430558185448,8.950000000000003,0,0
Lagos,Eti-Osa,9.50540785771992,8.799999999999997,0,0
Enugu,Isi-Uzo,12.461422851961029,9.659999999999997,0,0
Anambra,Nnewi South,10.818131511481738,10.739999999999997,0,0
Akwa Ibom,Ibeno,17.82367720590882,26.22,1,1
Oyo,Lagelu,18.51920215933948,16.989999999999995,1,1
Akwa Ibom,Etinan,1.0,15.120000000000005,0,0
Akwa Ibom,Oruk Anam,1.0,14.900000000000006,0,0
Delta,Ethiope West,6.443968437562639,14.840000000000003,0,0
Ebonyi,Ishielu,7.586795669392774,7.560000000000002,0,0
Akwa Ibom,Eket,12.12175611483928,18.21,0,1
Enugu,Ezeagu,9.849559308139172,7.549999999999997,0,0
Akwa Ibom,Okobo,17.547968769882615,22.41,1,1
Ogun,Abeokuta South,12.043306483342816,21.46,0,1
Imo,Ngor-Okpala,1.0,11.939999999999998,0,0
Anambra,Awka South,8.203982672390415,5.700000000000003,0,0
Osun,Isokan,7.463094238654083,20.32,0,1
Anambra,Oyi,12.423685192465625,5.879999999999996,0,0
Lagos,Ikeja,8.389137366019662,7.620000000000003,0,0
Edo,Etsako Central,10.84605498029292,14.420000000000002,0,0
Osun,Ejigbo,11.520069344481712,13.920000000000002,0,0
Ebonyi,Ohaukwu,8.270515231518427,8.790000000000006,0,0
Ogun,Remo North,31.71277633330585,17.650000000000006,1,1
Anambra,Ekwusigo,10.482502470722867,8.780000000000001,0,0
Adamawa,Yola North,8.852029171203903,27.65000000000001,0,1
Abia,Isuikwuato,11.060446102459396,14.019999999999996,0,0
Osun,Oriade,9.289032370396477,9.049999999999995,0,0
Oyo,Ido,24.51047831297672,17.120000000000005,1,1
Delta,Ndokwa West,15.214119041886608,15.61,1,0
Cross River,Yakurr,9.14169496194908,8.439999999999998,0,0
Osun,Atakumosa East,14.83669139361379,8.25,1,0
Cross River,Obudu,12.589315459218009,12.159999999999997,0,0
Abia,Umunneochi,8.831771065564824,11.700000000000005,0,0
Delta,Isoko North,12.38304760088208,15.959999999999994,0,1
Ogun,Ikenne,24.17362692823843,16.53,1,1
Akwa Ibom,Oron,19.93969716584,26.40000000000001,1,1
Delta,Oshimili North,13.724081441357908,14.200000000000005,0,0
Ekiti,Oye,11.58220152786316,8.310000000000002,0,0
Anambra,Idemili South,11.339936457801498,7.069999999999993,0,0
Imo,Oguta,7.781677109714129,16.060000000000002,0,1
Osun,Ife Central,1.4584517923012374,8.459999999999994,0,0
Ekiti,Efon,15.43566510787909,9.849999999999994,1,0
Akwa Ibom,Onna,15.89033522812998,17.92,1,1
Akwa Ibom,Nsit Ubium,18.087545402351083,17.180000000000007,1,1
Akwa Ibom,Uyo,1.0,11.129999999999995,0,0
Rivers,Tai,20.824142709630426,9.700000000000005,1,0
Ondo,Akoko South East,30.41689785336564,12.409999999999997,1,0
Rivers,Ogu/Bolo,23.752084408315728,11.329999999999998,1,0
Cross River,Obanliku,13.19878492122924,12.510000000000003,0,0
Delta,Ika South,12.178355566870056,7.109999999999999,0,0
Imo,Ideato South,9.848259488230193,11.650000000000006,0,0
Osun,Olorunda,13.375940888219878,9.349999999999994,0,0
Imo,Okigwe,9.438713765979925,12.760000000000003,0,0
Abia,Isiala-Ngwa North,10.407195509697422,10.25,0,0
Akwa Ibom,Eastern Obolo,21.32838812275726,20.290000000000006,1,1
Lagos,Apapa,10.45473950443422,7.319999999999993,0,0
Cross River,Bekwarra,15.063432032031166,12.920000000000002,1,0
Osun,Obokun,15.149994439169587,11.400000000000006,1,0
Abia,Isiala-Ngwa South,9.19598209297182,11.47,0,0
Rivers,Etche,14.149637283642416,15.019999999999996,1,0
Akwa Ibom,Uruan,18.53578304374337,17.510000000000005,1,1
Edo,Esan West,12.26032356826274,5.030000000000001,0,0
Osun,Irepodun,12.601663297929116,10.75,0,0
Ebonyi,Abakaliki,6.742240501609611,6.109999999999999,0,0
Enugu,Enugu South,10.417472201770185,3.200000000000003,0,0
Imo,Ideato North,10.11744938750978,11.650000000000006,0,0
Delta,Oshimili South,10.464059782019362,8.519999999999996,0,0
Ebonyi,Ebonyi,5.889609905927326,6.790000000000006,0,0
Oyo,Ibadan South West,9.983046097884204,14.489999999999997,0,0
Rivers,Oyigbo,21.65778532592888,10.099999999999994,1,0
Imo,Mbaitoli,4.242406021520624,9.64,0,0
Edo,Egor,5.4261839042440245,7.25,0,0
Akwa Ibom,Itu,14.432294296506734,14.120000000000005,1,0
Osun,Ayedire,18.466616488301664,14.78,1,0
Ebonyi,Ohaozara,6.894327727043073,7.700000000000003,0,0
Cross River,Abi,12.64861519065694,7.269999999999996,0,0
Lagos,Lagos Island,10.986267921620833,8.310000000000002,0,0
Ebonyi,Ezza South,8.741581858967203,6.510000000000005,0,0
Imo,Isiala Mbano,3.316476562520013,10.680000000000009,0,0
Rivers,Port-Harcourt,1.0,9.870000000000005,0,0
Akwa Ibom,Ukanafun,19.63523386225278,11.829999999999998,1,0
Akwa Ibom,Udung Uko,21.43156735341737,30.07,1,1
Imo,Owerri North,7.224443543890232,8.239999999999995,0,0
Rivers,Eleme,17.067922890247043,9.079999999999998,1,0
Anambra,Nnewi North,12.060727578413417,8.349999999999994,0,0
Ebonyi,Ezza North,8.901071559974861,7.079999999999998,0,0
Abia,Umuahia South,10.01545690463757,9.170000000000002,0,0
Osun,Odo Otin,8.544688192101486,14.489999999999997,0,0
Delta,Ukwuani,16.04041262036161,11.480000000000004,1,0
Akwa Ibom,Esit Eket,19.442407103314206,22.370000000000005,1,1
Oyo,Ibadan North West,16.423852196628303,14.75,1,0
Imo,Aboh-Mbaise,9.52879287624469,8.530000000000001,0,0
Delta,Uvwie,12.191901363238498,10.989999999999997,0,0
Imo,Ehime-Mbano,8.879385337126616,11.019999999999996,0,0
Enugu,Nkanu West,12.346232972592476,3.700000000000003,0,0
Imo,Isu,10.36883295103936,10.47,0,0
Oyo,Ogo Oluwa,29.8458829073597,18.91,1,1
Cross River,Bakassi,17.70227008106357,24.78,1,1
Akwa Ibom,Ibesikpo Asutan,18.44613551546492,14.39,1,0
Enugu,Oji River,12.15782161951678,7.859999999999999,0,0
Akwa Ibom,Nsit Ibom,14.31896628906038,13.879999999999995,1,0
Akwa Ibom,Ikono,13.53751047651985,12.069999999999991,0,0
Rivers,Ikwerre,18.27386150121161,16.180000000000007,1,1
Akwa Ibom,Ini,18.616973258033298,16.409999999999997,1,1
Abia,Ukwa West,13.231948478074957,9.900000000000006,0,0
Edo,Igueben,16.435996329578696,6.790000000000006,1,0
Anambra,Njikoka,12.611569133857357,5.400000000000006,0,0
Edo,Esan Central,14.657717683101875,14.420000000000002,1,0
Enugu,Enugu North,6.351001576619844,3.469999999999999,0,0
Akwa Ibom,Essien Udim,10.42521892873938,8.780000000000001,0,0
Akwa Ibom,Abak,15.979982756408434,9.060000000000002,1,0
Imo,Oru West,9.617824554994746,13.209999999999994,0,0
Abia,Ukwa East,13.814262620731494,11.61,0,0
Enugu,Igbo-Eze South,12.561432669707372,15.680000000000009,0,0
Ebonyi,Ivo,8.468363215046914,10.439999999999998,0,0
Abia,Ugwunagbo,13.710504828039966,8.599999999999994,0,0
Oyo,Ogbomosho South,28.27129987559197,22.69,1,1
Delta,Udu,15.93656151487022,13.430000000000009,1,0
Osun,Ila,16.231588392616995,13.260000000000003,1,0
Akwa Ibom,Nsit Atai,18.510411101777773,19.230000000000004,1,1
Imo,Obowo,9.786461028862504,8.810000000000002,0,0
Imo,Orlu,8.888812220758973,10.519999999999996,0,0
Osun,Ifelodun,14.702988820032656,11.829999999999998,1,0
Kogi,Ogori/Magongo,53.71839223083539,15.909999999999997,2,1
Ogun,Ewekoro,32.01280726751955,35.61,1,1
Imo,Nwangele,11.809051283760894,11.010000000000003,0,0
Osun,Boluwaduro,15.345559397541995,14.450000000000005,1,0
Imo,Njaba,10.446342883127643,10.629999999999995,0,0
Osun,Ola-Oluwa,17.810076985194293,13.930000000000009,1,0
Osun,Atakumosa West,16.874158970126334,9.959999999999994,1,0
Anambra,Dunukofia,15.219739847540756,5.609999999999999,1,0
Imo,Ihitte/Uboma,8.211124030743822,10.019999999999996,0,0
Osun,Ilesa East,13.020731065869992,8.010000000000005,0,0
Akwa Ibom,Obot Akara,14.417071131327376,12.200000000000005,1,0
Imo,Orsu,14.0893096912771,11.670000000000002,1,0
Anambra,Onitsha South,8.186048296166659,7.650000000000006,0,0
Akwa Ibom,Etim Ekpo,19.47454489647064,10.400000000000006,1,0
Imo,Ikeduru,4.07586441068228,8.689999999999998,0,0
Osun,Orolu,15.14600331757015,10.189999999999998,1,0
Imo,Oru East,11.878181763731527,11.989999999999997,0,0
Akwa Ibom,Ikot Ekpene,13.77938965659192,10.129999999999995,0,0
Anambra,Onitsha North,12.063289632159664,6.150000000000006,0,0
Ekiti,Ilejemeje,18.340751512615288,8.159999999999997,1,0
Osun,Boripe,8.37107440252598,12.0,0,0
Osun,Osogbo,5.7908142884900125,8.799999999999997,0,0
Osun,Ilesa West,15.469284167124542,7.75,1,0
Abia,Aba North,11.10491372789862,6.219999999999999,0,0
Imo,Owerri West,9.894346474877285,9.310000000000002,0,0
Imo,Owerri Municipal,8.700274548111791,7.400000000000006,0,0
Imo,Nkwerre,11.29057268398114,10.739999999999997,0,0
Osun,Ede South,15.840458475872174,10.579999999999998,1,0
Akwa Ibom,Ika,19.938005703042293,9.659999999999997,1,0
Rivers,Omumma,22.227494758688827,12.769999999999996,1,0
Osun,Ifedayo,20.689671219188032,11.64,1,0
Osun,Egbedore,16.57083372856913,10.25,1,0
Imo,Onuimo,10.187627298995125,13.25,0,0
Osun,Ede North,13.964631324136825,9.379999999999995,0,0
