state,nmdhs_2025_26,admin_zd,m2_rate
Kano,38.7,0.0,42.40332956206738
Katsina,48.2,0.0,48.6493029103101
Sokoto,76.5,5.843632264969997,71.42672018866932
Kebbi,72.4,0.0,71.82180584623374
Zamfara,49.6,0.0,67.22490010655389
Kaduna,45.2,0.0,37.3094939666856
Bauchi,45.3,1.4690218941934603,36.1814914325852
Jigawa,29.200000000000003,0.0,38.49550598680543
Niger,56.8,0.0,45.21503038655537
Borno,41.2,0.0,39.08407736970612
Gombe,29.200000000000003,0.0,39.56296997822295
Yobe,42.1,0.0,43.842824508798905
Plateau,35.2,0.0,30.218855874266605
Kwara,36.6,0.0,33.8115347655048
Benue,18.700000000000003,0.0,23.580382729632387
Oyo,28.0,0.0,18.112409249487825
Kogi,20.200000000000003,0.0,27.504556671491017
Adamawa,26.700000000000003,0.0,21.95235276642276
Taraba,38.2,0.0,27.883601518750616
Ondo,10.299999999999995,0.0,21.740226652540105
Nasarawa,32.5,0.0,27.78838014716593
Rivers,9.5,0.0,12.955692681221675
Delta,7.400000000000006,0.0,13.86072453266232
Ogun,16.200000000000003,0.0,14.695329350016356
Bayelsa,10.900000000000006,0.0,30.32113646233544
FCT,18.599999999999994,0.0,19.30500495638457
Lagos,7.099999999999994,0.0,6.196649079295304
Anambra,7.299999999999997,0.0,7.931204402931506
Cross River,5.299999999999997,0.0,13.027391727284918
Akwa Ibom,11.799999999999995,0.0,10.461415412385035
Osun,10.799999999999995,0.0,10.749051739759327
Edo,9.0,11.513291878241503,8.496246412574484
Ekiti,6.599999999999994,0.0,11.233788721044398
Abia,31.90000000000001,2.0385236199289807,7.538528967048629
Enugu,7.799999999999997,0.0,7.015920287552977
Imo,4.799999999999997,0.0,5.63058846849161
Ebonyi,10.799999999999995,0.0,6.566640307255608
