m2_rank,lga_uid,zone,state,lga_clean,cohort_12_23m,m2_rate,m2_rate_lo95,m2_rate_hi95,m2_children,m2_children_lo95,m2_children_hi95,m2_rank_lo95,m2_rank_hi95,m2_p_top155,m2_p_top270,m1_rank,m1_rate,m1_rate_lo95,m1_rate_hi95,m1_children,m1_children_lo95,m1_children_hi95,m1_capped_99,penta1_doses_best_year,penta1_best_year,pop2022,m1_p_top155,archetype,archetype_type,ihme_zd_2018,pop2022.1,m1_status
20,NG-KAN-392,North West,Kano,Kiru,15223.49840255591,68.32594885623713,23.87964150528156,95.70515130635968,10401.59973266042,3635.316843092616,14569.67218028738,5.0,206.0250000000001,0.9505,0.988,205.0,21.35458816978512,15.501517904318002,27.203633919517102,3861.0,2800.3217320077947,4920.280991416033,False,18975.0,2024.0,439400.0,0.037,1,Remote Rural / Hard-to-Reach,49.37,439400.0,estimated
19,NG-JIG-321,North West,Jigawa,Birnin Kudu,21986.87392985732,47.6319721973505,10.732653223555513,86.23236321305579,10472.781677336125,2359.774933591917,18959.80098639124,1.0,281.0250000000001,0.90225,0.9725,370.0,7.20479024794882,4.557386809264297,10.111878588333452,1836.0,1161.2387376438817,2576.543448814718,False,20536.0,2024.0,540100.0,0.0,1,Remote Rural / Hard-to-Reach,56.51,540100.0,estimated
18,NG-ZAM-763,North West,Zamfara,Bukkuyum,14103.762663923888,75.14681709033334,33.89398021859641,96.9990043176513,10598.52873191363,4780.326527388149,13680.509355330823,8.0,164.07500000000027,0.97175,0.9935,1.0,87.79678801098468,70.79844286968554,99.0,13589.0,10987.429818784369,15147.70580373646,False,12113.0,2024.0,384900.0,1.0,2,Conflict-Affected / Nomadic,82.73,384900.0,estimated
17,NG-KEB-448,North West,Kebbi,Arewa,13153.122290520869,80.6399429433831,42.64829154760191,98.10383940299384,10606.670310349422,5609.5819420739535,12903.717968371977,9.0,132.0250000000001,0.98375,0.99775,16.0,67.20264420938453,53.29487991767205,79.85024456849759,10058.0,8026.655975591565,11793.29391633762,False,10645.0,2024.0,324200.0,1.0,1,Remote Rural / Hard-to-Reach,64.32,324200.0,estimated
16,NG-FCT-276,North Central,FCT,Abuja Municipal Area Council,53545.666829665846,19.900830932733584,4.206489688309155,45.463765030251416,10656.032627576598,2252.3929537262698,24343.87615132055,1.0,297.0,0.84275,0.96475,522.0,1.0,1.0,1.0,1018.0,968.9054019929628,1036.2945573766715,False,57523.0,2024.0,1693400.0,0.0,4,Peri-urban / Migrant Dense (transitional),,1693400.0,estimated
15,NG-KEB-458,North West,Kebbi,Jega,13708.945163377548,77.89022768648057,36.35513012574423,97.4509307899196,10677.928601169571,4983.904853012827,13359.494663191084,8.0,151.05000000000018,0.97625,0.99575,32.0,55.15828527206842,43.74313279817457,65.53912603841515,8604.0,6866.481049531954,10088.68817030926,False,12456.0,2024.0,337900.0,1.0,1,Remote Rural / Hard-to-Reach,77.73,337900.0,estimated
14,NG-ZAM-765,North West,Zamfara,Gummi,13477.173052198508,79.91555322394656,41.495830200158224,97.96993501029546,10770.357403613014,5592.464845521774,13203.57768046393,9.0,134.0,0.98125,0.99525,18.0,65.97252368098516,53.19957659741293,76.55456206297346,9757.0,7889.407666075551,11176.993952512565,False,17014.0,2024.0,367800.0,1.0,2,Conflict-Affected / Nomadic,81.83,367800.0,estimated
13,NG-ZAM-764,North West,Zamfara,Bungudu,16862.9555155567,64.1850822539755,21.72031153101792,94.36012510963086,10823.501868111389,3662.686471315884,15911.905921660698,4.0,208.0250000000001,0.95075,0.98525,22.0,51.33989103695775,41.39996946199408,59.57484503246133,9501.0,7681.9439148144065,10883.078212401642,False,20300.0,2024.0,460200.0,1.0,2,Conflict-Affected / Nomadic,75.7,460200.0,estimated
12,NG-ZAM-767,North West,Zamfara,Kaura Namoda,18603.482214793865,58.356819915832624,15.453420231099049,92.40039898174663,10856.400614161194,2874.8742842698684,17189.691790967805,2.0,253.0250000000001,0.93075,0.979,10.0,55.26300404955305,44.56352816141709,64.12722808294254,11282.0,9122.444454358729,12923.848128286452,False,19419.0,2024.0,507700.0,1.0,2,Conflict-Affected / Nomadic,82.67,507700.0,estimated
11,NG-SOK-710,North West,Sokoto,Gwadabawa,14685.749393669124,75.54945863776909,36.2406218353909,97.20438235169782,11095.004163816506,5322.20690145284,14275.19199183428,5.0,142.0250000000001,0.9775,0.9945,52.0,45.46061881284071,37.25923811999586,52.814611506537815,7132.0,5894.0012478767685,8146.792504422205,False,12991.0,2024.0,399700.0,1.0,2,Conflict-Affected / Nomadic,79.58,399700.0,estimated
10,NG-ZAM-772,North West,Zamfara,Tsafe,17401.60272563641,63.87538008581352,21.20607096175456,94.21925341326111,11115.339882023503,3690.196222481072,16395.660170036324,3.0,213.0250000000001,0.952,0.986,25.0,49.11783270178742,39.608124069244845,56.996367005003776,9380.0,7584.2203132884415,10744.632317664806,False,20799.0,2024.0,474900.0,1.0,2,Conflict-Affected / Nomadic,70.86,474900.0,estimated
9,NG-KAT-431,North West,Katsina,Kankara,18247.497395984028,61.21824682746717,16.760433761941854,94.2323430659393,11170.797995709116,3058.3597142659683,17195.044347132007,2.0,244.0,0.9405,0.9805,60.0,35.42785697070598,24.39842011160035,47.14136480512206,6852.0,4719.097594250843,9117.996174505615,False,14510.0,2024.0,434700.0,0.9895,2,Conflict-Affected / Nomadic,60.43,434700.0,estimated
8,NG-KEB-452,North West,Kebbi,Birnin Kebbi,18618.03769006794,60.65438021951969,16.450118367118975,92.89218914957614,11292.655369947272,3062.6892376509995,17294.702786997288,2.0,246.0,0.944,0.9795,252.0,14.821986567031262,11.754537392458262,17.611498272015268,3140.0,2505.8770024900195,3681.800253857009,False,18521.0,2024.0,458900.0,0.0,1,Remote Rural / Hard-to-Reach,69.12,458900.0,estimated
7,NG-SOK-707,North West,Sokoto,Gada,15795.355677604091,75.15208488323425,33.72277245449349,96.9873519966986,11870.53910644181,5326.631853536346,15319.497210168396,2.0,141.0250000000001,0.98,0.99475,97.0,33.31722123044381,27.306585606156588,38.70682233798016,5622.0,4645.975869979102,6421.749809928704,False,14569.0,2024.0,429900.0,0.958,2,Conflict-Affected / Nomadic,69.44,429900.0,estimated
6,NG-ZAM-769,North West,Zamfara,Maru,19109.15102425645,62.29548787218506,19.65279364025029,93.8047857855622,11904.138858793194,3755.482017200895,17925.298183743325,2.0,209.0250000000001,0.95475,0.9855,6.0,57.47170331657606,46.34460093657466,66.69020423849155,12052.0,9744.912785573755,13805.704544901531,False,18923.0,2024.0,521500.0,1.0,2,Conflict-Affected / Nomadic,80.16,521500.0,estimated
5,NG-KEB-455,North West,Kebbi,Danko/Wasagu,18386.782918149467,65.48526693815589,21.62695934855856,94.70332579833656,12040.6338752894,3976.502067215894,17412.894930807986,1.0,196.0,0.95875,0.98575,158.0,22.03796086133716,17.477146793151118,26.185525663036504,4611.0,3679.5659051720136,5406.261628277931,False,17436.0,2024.0,453200.0,0.4855,2,Conflict-Affected / Nomadic,74.41,453200.0,estimated
4,NG-SOK-721,North West,Sokoto,Tambuwal,14325.678480339231,84.95335542426089,52.40259310987297,98.6007836050118,12170.14455633946,7507.027004280801,14125.23123834903,3.0,80.0,0.994,0.99925,3.0,83.23751281283207,68.22094356387228,96.70253104294436,12738.0,10527.204560802624,14550.887860663584,False,8082.0,2024.0,389900.0,1.0,1,Remote Rural / Hard-to-Reach,80.37,389900.0,estimated
3,NG-ZAM-773,North West,Zamfara,Zurmi,19164.11502528499,64.73760435422446,22.258241585759126,94.51438449041528,12406.388963057474,4265.595020100697,18112.845359183302,2.0,184.0250000000001,0.963,0.988,7.0,56.64344109144244,45.676698645890575,65.72908818016066,11913.0,9632.098007547216,13645.878846303312,False,19109.0,2024.0,523000.0,1.0,2,Conflict-Affected / Nomadic,79.03,523000.0,estimated
2,NG-KEB-451,North West,Kebbi,Bagudo,16500.230831446133,76.16011867097053,34.78476082292295,97.4717809658864,12566.595382213414,5739.565829948729,16083.068854892834,1.9750000000000083,127.05000000000018,0.984,0.9965,413.0,8.470599054531595,6.717586260972844,10.064773702038044,1590.0,1269.1810387923017,1864.764737524107,False,19476.0,2024.0,406700.0,0.0,2,Conflict-Affected / Nomadic,67.4,406700.0,estimated
1,NG-ZAM-766,North West,Zamfara,Gusau,25015.949001457106,64.35870349357964,22.91581900947692,94.1987706260712,16099.940443952844,5732.609596676958,23564.71641981753,1.0,132.0,0.98125,0.99325,210.0,13.64505374794614,11.003233490807046,15.833729797134122,3746.0,3028.828817666824,4290.96870273628,False,28765.0,2024.0,682700.0,0.0135,2,Conflict-Affected / Nomadic,68.96000000000001,682700.0,estimated
