state,lga_clean,m2_rate,m2_rate_lo95,m2_rate_hi95
Akwa Ibom,Eastern Obolo,21.962357752725847,1.5800712865724995,66.1813578458805
Bayelsa,Ekeremor,38.854000012031655,6.059257562524402,81.81686444147422
Rivers,Degema,18.37501522174768,1.0772832100899423,55.46352902122203
Rivers,Andoni,28.95533407878363,2.7433337933017943,73.53154318611271
Cross River,Akpabuyo,14.336176788755376,1.2181300317291417,44.65569567490682
Akwa Ibom,Oron,16.837829700949698,1.146973224176436,53.1390691782749
Cross River,Bakassi,28.55116728697384,2.050005644879431,80.27009570300862
Cross River,Calabar South,9.143024593133934,0.5485458790473617,33.614954588777124
Akwa Ibom,Udung Uko,21.27109076452327,1.449047087538,66.00587424173847
Bayelsa,Southern Ijaw,36.70570001332186,6.652024933860611,78.41869510910536
Oyo,Iwajowa,26.18169690535236,2.4321434781472595,67.49655889738314
Oyo,Ibarapa North,18.952889065050154,1.1384534151058168,58.59560609269077
Rivers,Okrika,22.25030435758043,1.3736456383157063,66.46814038286404
Ogun,Imeko Afon,26.84070096883441,2.2051889264338174,70.45713326355975
Akwa Ibom,Ibeno,23.676779841697424,1.7181855503883958,68.30166064763978
Bayelsa,Nembe,36.39400165335612,4.105398862324988,83.87165107501876
Ondo,Ilaje,41.71518684228824,6.875554201267712,84.69265253087619
Bayelsa,Brass,39.0671410103745,5.742601635976537,84.36405021763584
Delta,Warri North,32.34900917449681,3.0856306033919934,76.90732449641436
Ondo,Ese Odo,41.16343235577533,5.1588388851763005,85.89649138551754
Taraba,Jalingo,18.88799583360331,1.2166278811964022,58.60778816334325
Delta,Burutu,44.777326659439545,6.969717824244736,87.44923771274603
Adamawa,Girei,18.01957126327825,1.7017881455322217,55.43456032600448
Taraba,Yorro,31.2045845387598,3.170336599226173,74.24781344705983
Taraba,Ardo-Kola,27.856090933271616,3.181187851857739,70.8140714495206
Adamawa,Yola North,4.5950943854235256,0.1675564913542202,21.20844575688848
Adamawa,Yola South,16.884262933688884,1.562423065499518,52.33961269595032
Akwa Ibom,Mbo,25.448370803499067,2.255332946512704,70.49727595127892
Taraba,Lau,29.26030479149091,3.1056019127927623,71.74510634792854
Oyo,Ibarapa Central,16.010432620082508,0.9808745491534964,50.8351289883396
Ogun,Abeokuta North,14.008954564219,0.8727982438465604,47.57678621818701
Rivers,Bonny,26.205399771694044,1.930010104136936,73.66001427293159
Delta,Warri South West,42.53687029050522,4.9355702339937215,87.1651289006547
Delta,Warri South,14.485401842409884,0.7013881383095288,53.50157846125556
Rivers,Akuku Toru,32.943784199508045,3.4921914939495924,78.33037182995331
Osun,Isokan,14.844376155989798,0.9538461801037436,46.84424390311634
Osun,Irewole,15.409998627142189,1.1521612570200874,48.85810534558492
Akwa Ibom,Essien Udim,5.051172249442576,0.2091761212985372,20.280865331148448
Akwa Ibom,Onna,11.350517406716977,0.7180993241267039,41.64053246736839
Enugu,Udenu,7.606048474240653,0.3602596669036418,27.687724681777176
Rivers,Ogu/Bolo,15.330986812306346,0.8274737564933994,51.82530136828417
Enugu,Enugu South,4.494556702950328,0.1892080960440745,17.338222635129767
Akwa Ibom,Ikot Ekpene,4.954967296672516,0.1516543627286193,20.28996154327008
Akwa Ibom,Nsit Ubium,10.999736993080688,0.6105578711959253,38.88609313960712
Akwa Ibom,Urue-Offong/Oruko,17.073552099350508,1.2067829808398396,54.456078981324566
Akwa Ibom,Abak,6.986349204260415,0.2934768235922968,25.26482406252684
Enugu,Nkanu East,9.4226278614774,0.589183409611416,30.8305619094685
Enugu,Igbo-Eze South,4.615337220260019,0.1534914883526489,18.32740127272764
Enugu,Nsukka,8.018461316721394,0.4544891920223493,28.379546985672967
Rivers,Tai,9.6706208132967,0.4488758157422172,36.58644509885199
Osun,Ife North,14.808345924549116,1.1147225558390512,45.62252002830317
Osun,Ayedaade,18.0340965730788,1.7077209246644538,49.70633894687917
Osun,Ayedire,14.47714363309306,0.9802405334841952,46.13249730938452
Rivers,Ahoada East,16.32733707181239,0.9901219404979978,53.573801723202266
Oyo,Iseyin,21.951407784485664,2.251760323817892,63.33182463998822
Oyo,Itesiwaju,30.29856468713262,2.6479624707922027,75.69170632968516
Oyo,Kajola,25.35963832198905,1.9946638059132693,69.88301091417563
Enugu,Nkanu West,5.123059961864058,0.2148813004462006,20.13672592703704
Ebonyi,Afikpo North,5.996044638773864,0.3809182589569017,20.02281386676912
Taraba,Donga,15.247197956708616,1.003123249888171,47.71816256248675
Enugu,Oji River,5.713930095554486,0.2829935670394548,20.7215567376414
Kwara,Oyun,23.08443107686732,1.7678664531004058,66.27213638293067
Bayelsa,Ogbia,21.536009374088664,2.256748273909116,61.374422596533336
Rivers,Asari-Toru,12.391720339891515,0.5935253095253236,46.0105472395106
Akwa Ibom,Uyo,4.560878737435992,0.1658806467204554,17.26797145988224
Akwa Ibom,Ikono,7.622119162144195,0.365323311581305,30.94069023405764
Kwara,Baruten,68.9113487833971,25.41153699816064,96.02880203594768
Oyo,Lagelu,9.162526697427287,0.5508499904240634,30.623989127085125
Kogi,Idah,26.979072254863727,2.559406758546883,72.04408800330779
Yobe,Machina,30.45632885114617,2.6123408489696884,77.30022152033386
Kogi,Ibaji,47.457525218605376,9.4821984080472,88.25649887691333
FCT,Abuja Municipal Area Council,19.900830932733584,4.206489688309155,45.463765030251416
Kwara,Kaiama,65.63173295998514,20.85389443640368,95.12064781326724
Zamfara,Bakura,75.9199127680523,34.0479353831313,97.33784802258128
Yobe,Nguru,33.635338352140245,3.730868868080866,80.74788151761967
Zamfara,Gummi,79.91555322394656,41.495830200158224,97.96993501029546
Kano,Ajingi,46.33470703628452,9.573630215930608,88.13997804582607
Rivers,Port-Harcourt,1.7745309512722005,0.0332395346968003,8.225401326064022
Kebbi,Augie,73.366365206031,29.176717293635647,96.91586871277131
Sokoto,Kebbe,86.24151336996879,51.43080111652872,98.96503005384382
Oyo,Surulere,17.615789848399356,1.1800012085916316,54.22764800392336
Jigawa,Ringim,30.414291338008187,4.109733140058606,73.9182473381043
Rivers,Emohua,12.795235784662044,0.6959189373959509,43.75317652351916
Enugu,Isi-Uzo,8.686966578006274,0.4966939034480789,29.98758826015256
Bayelsa,Yenagoa,16.803430274302325,1.7063368140026962,47.74839167443663
Kwara,Ilorin East,21.15495009522465,1.756845296093666,63.3205681515459
Bauchi,Alkaleri,30.377698400196827,4.112151401698127,71.33641975602688
Rivers,Omumma,4.264414213112904,0.1673215644608595,17.214816969361998
Jigawa,Birnin Kudu,47.6319721973505,10.732653223555513,86.23236321305579
Taraba,Takum,14.662821960404637,1.046952350025235,47.54652217846226
Edo,Esan South-East,14.845428531139945,1.07747561411856,46.273079847161526
Osun,Ifedayo,12.567943673272278,0.781866501740428,42.60320506122762
Oyo,Ori Ire,29.212538922991648,3.307420352837064,69.25687972277326
Kwara,Ifelodun,41.6100200066262,7.408168253508465,82.60810205967869
Zamfara,Maradun,71.10190174666968,28.58173066813476,95.8559383701162
Enugu,Aninri,10.74833875179088,0.6186547517003902,37.732920634235725
Ebonyi,Abakaliki,5.212855063359953,0.3368729653302011,20.273800792719847
Kwara,Pategi,64.08328993119288,18.323332403961768,94.18885772593922
Jigawa,Birniwa,48.950204540501865,7.79219560616353,89.3824515839826
Taraba,Ussa,16.91123708681526,0.916768730955864,57.26768656299924
Sokoto,Silame,85.9119691594375,50.233691418308695,99.0843826332648
Kano,Takai,57.16983129482035,13.226126837603347,93.54513270714992
FCT,Bwari,14.75393853609276,1.7197107420734672,44.18280375363016
Kwara,Edu,56.67426284898032,13.451827157147507,92.30161151569776
Kaduna,Jema'A,20.65654326770612,1.6961670462375829,61.39362003752285
Jigawa,Gumel,32.72338781613971,4.271877872812721,79.81882468172795
Sokoto,Binji,84.01702869972763,48.99593431867861,98.68878208453964
Sokoto,Kware,73.69631919802593,33.96890311098257,97.00115391699364
Kebbi,Bunza,69.36705949844165,24.893073608305027,95.99686014524892
Kogi,Mopa-Muro,34.951234622102206,3.6817963457491016,82.44726793698787
Sokoto,Sokoto North,29.921760632306828,3.400766130589548,77.38985816901311
Katsina,Musawa,48.76596455717603,11.650318348081203,89.8864342692719
Delta,Ethiope West,6.7404750871593855,0.294030918572064,24.563524958784456
Ebonyi,Ishielu,6.904440577728376,0.5089903767518569,23.6526893088213
Kebbi,Sakaba,61.27151214945974,16.11552895700606,94.80342870539396
Kaduna,Kudan,51.92188898021416,10.806914007708622,91.94044937857684
Kaduna,Kachia,41.67968103136708,5.909974517981252,85.89920693987263
Sokoto,Sabon Birni,60.69152681374973,16.675915197124908,94.12405394432416
Enugu,Uzo-Uwani,13.481642995626336,0.8070637406894349,42.99791334139592
Kaduna,Jaba,33.53985184135263,3.587986191699527,79.34071447173373
Akwa Ibom,Ibesikpo Asutan,7.537981556528618,0.3283761715645346,29.92217701805213
Sokoto,Sokoto South,26.69879758971922,2.234490759144944,77.24374620248913
Sokoto,Yabo,73.94541429737714,30.818827642118205,97.36078256003012
Borno,Damboa,38.39622289278999,6.164596524098089,83.07747632680743
Katsina,Matazu,50.208681074076566,10.439964419121171,90.3305883085046
Katsina,Sandamu,48.07907086415642,10.232157358837703,89.02744164496751
Katsina,Mashi,54.181426257475096,12.94921069565447,92.36766713882466
Katsina,Dan Musa,60.2454081279941,16.722552039042686,94.07803607679467
Kano,Kura,42.085424707480925,7.248709781018344,85.27386998681625
Kaduna,Lere,42.06702859942104,6.461343673120507,85.14297080874117
Katsina,Zango,57.30610797691556,13.994908504384048,93.49919755335102
Sokoto,Wurno,74.82825774689579,32.97290476484786,97.44875147845116
Sokoto,Gudu,84.0988797906099,46.00070965344126,98.9666208744693
Jigawa,Gwiwa,53.17264456489259,11.414716642474362,92.3385600284294
Kebbi,Birnin Kebbi,60.65438021951969,16.450118367118975,92.89218914957614
Kebbi,Suru,74.21307920070112,27.86656292092136,97.39484881699669
Adamawa,Numan,20.43964976651963,1.7998106829319218,61.0824601053039
Borno,Biu,35.6553397813977,5.104453116957512,77.50140116776092
Kaduna,Kaduna South,8.829973381731971,0.4452370577143257,34.40504566180642
Borno,Dikwa,45.31024288343707,7.686715929729792,86.97667793821441
Kaduna,Zaria,36.12934974546466,4.604322159406537,81.15266504851408
Kebbi,Kalgo,72.12630829563832,27.072754662595045,97.35234821296382
Jigawa,Yankwashi,54.43556794337999,10.997287877128944,92.77363309690791
Kaduna,Kaura,20.75803765452202,1.796727225468967,61.01535282339658
Adamawa,Lamurde,19.10544519203565,1.596485448796777,58.6499000387532
Borno,Monguno,41.281064265936045,6.9858936248016645,84.52389476155756
Enugu,Enugu East,6.010421790977027,0.3337381161955201,20.4411258593808
Borno,Ngala,34.71991041986134,3.988922215898498,79.96018965826582
Borno,Gubio,50.88317466455321,10.471626612779897,90.36495054772976
Kogi,Yagba East,38.91557770152895,5.490660333072276,80.69137436278612
Borno,Chibok,39.316964996145074,4.575129728429654,86.48763403835041
Sokoto,Tureta,85.29321790760018,49.23656902356994,98.89246154635096
Taraba,Gashaka,37.492640404829416,4.001508673050968,83.74952310550822
Bauchi,Bauchi,24.35160043983448,2.832874012871321,64.53340372520289
Borno,Hawul,28.8550967564133,3.341318262394428,72.94109140181449
Akwa Ibom,Uruan,10.926696423391304,0.6808974815756199,36.292402408523486
Adamawa,Mayo-Belwa,23.250655907941457,2.1270993975479224,62.80333420669244
Adamawa,Mubi South,19.365461165475907,1.750727275800574,60.34391855872632
Edo,Etsako West,9.053207904496317,0.5931346322618876,30.119365957815194
Yobe,Fune,55.75989098913268,15.641759145415048,89.89212537407938
Borno,Mobbar,48.25350757724264,8.627791993047348,90.21543653441609
Yobe,Potiskum,43.07785154138044,7.571064414057711,86.13412841267474
Borno,Gwoza,34.866501775061586,4.61012332147961,76.60299191221203
Borno,Guzamala,53.06269710216526,11.010006963315352,91.96344280453042
Adamawa,Maiha,27.229470216644746,2.8291936242914875,71.0151153746381
Yobe,Gulani,53.21252739019548,11.018317169604131,90.35997207412396
Taraba,Zing,31.95391173795448,2.956322655631488,79.0515234534211
Oyo,Orelope,37.32432407578759,4.015780714075127,81.80058902921111
Akwa Ibom,Nsit Ibom,9.35130399498924,0.3993136207394938,36.056079157490586
Adamawa,Fufore,24.55360096809388,3.036114750553527,65.38253912595644
Akwa Ibom,Mkpat Enin,11.012843973835162,0.6617000712074548,40.16386799550222
Edo,Owan West,14.547850912714775,0.9275284163863404,47.01550694815176
Borno,Kaga,51.51101749952599,10.484421654897998,90.31971263665184
Taraba,Karim-Lamido,31.07964418479338,4.227781805185415,73.4093377400368
Borno,Kukawa,48.49356463940192,8.53976353801096,90.3881742452552
Adamawa,Gombi,26.90978418528046,3.435331787519277,69.74857280004437
Adamawa,Guyuk,31.33361830163767,3.770439419558199,76.42550344939306
Kano,Tudun Wada,65.85268910451819,21.932434713807464,95.73716103803288
Oyo,Saki West,47.9874975313781,8.862486170093423,89.67443840718855
Adamawa,Toungo,30.25758636996608,2.6985813479987497,78.74689857433664
Rivers,Abua/Odual,25.49946185675962,2.3039498137082366,69.42551763155457
Zamfara,Bungudu,64.1850822539755,21.72031153101792,94.36012510963086
Borno,Shani,30.554180920849213,3.5243375663564223,77.70564682883153
Sokoto,Shagari,85.1211045614644,50.40120319704821,98.8325308542083
Yobe,Yunusari,34.558715483753474,4.3589928163499865,81.08379576352749
Adamawa,Ganye,21.99067106075286,2.089216087061146,62.40898689445957
Adamawa,Jada,22.74852343924917,2.0405389358110373,62.64562688416764
Taraba,Bali,26.84085377477066,2.720635689049556,66.4242473390146
Adamawa,Shelleng,30.31544933965748,4.073084081949932,72.89844762632322
Ondo,Okitipupa,21.60282971556102,1.789815773886673,59.97470172104517
Borno,Bayo,49.87460508178126,9.6109677775967,90.99600338031314
Akwa Ibom,Ikot Abasi,14.656931455459846,0.9599177819706052,49.22946502544467
Borno,Maiduguri,13.973772936506112,0.7896265400547616,49.41166582977245
Yobe,Gujba,43.466208318509565,7.379249044760503,86.17331268355197
Edo,Esan North-East,8.11369143087112,0.398611511780187,29.256625346285
Bauchi,Tafawa-Balewa,22.61023183353036,2.650135443240837,60.417330863308905
Yobe,Nangere,47.588966455441465,9.010717111157016,89.80813046555161
Akwa Ibom,Ika,7.344201365913028,0.2878274573955895,30.263080278727585
Bauchi,Dambam,34.51784403757877,4.56494897938192,78.10902096324672
Bauchi,Ganjuwa,35.873305809494184,5.560482843917575,77.76382962807426
Borno,Nganzai,45.76808914078531,8.492601389719784,88.95596679357094
Rivers,Ahoada West,14.135709096895177,0.7965346352219251,46.95710837018859
Adamawa,Song,24.51043280821023,2.8809100684977254,63.83796410790071
Delta,Oshimili North,9.601147066674343,0.4499181899088182,33.76177568768595
Rivers,Gokana,13.149352420272256,0.5889291671265061,46.08367014972323
Zamfara,Bukkuyum,75.14681709033334,33.89398021859641,96.9990043176513
Yobe,Damaturu,54.965667356083046,12.351884390891154,91.05694328138476
Yobe,Geidam,41.999701310284806,8.34644751087496,84.03161722585988
Yobe,Tarmuwa,55.81231692852806,13.438855836557144,92.96184654418836
Adamawa,Madagali,25.46134691366938,2.3735220927778067,70.73185128687814
Adamawa,Michika,21.7963990320502,1.7493576890845843,65.2199192643666
Adamawa,Mubi North,19.125260420584155,1.558388555531539,57.64232520818674
Edo,Owan East,12.86825173757758,0.8722430409085561,42.548506716594304
Adamawa,Hong,22.40119893031365,2.306005111255341,62.574105732968135
Kano,Nasarawa,9.227086088296964,0.4668707127514085,37.78636014237678
Katsina,Sabuwa,55.63914274016636,12.807759279284246,92.41056047323266
Ebonyi,Ohaozara,4.936857242162238,0.2763897899643437,19.41297946573261
Zamfara,Kaura Namoda,58.356819915832624,15.453420231099049,92.40039898174663
Katsina,Dutsi,62.60049922179155,17.772338745656988,95.79254613618006
Kano,Kabo,71.65497799244672,25.40456215529475,96.73867188072307
Katsina,Dandume,50.21556887647054,10.531151743123544,90.78811025692552
Kano,Dawakin Tofa,45.41076722692858,8.215753576113968,87.27643651518281
Kano,Gezawa,48.24422073680296,9.597305484994816,89.03340601142348
Sokoto,Bodinga,81.56546211459145,44.15251500565119,98.41558823350567
Zamfara,Zurmi,64.73760435422446,22.258241585759126,94.51438449041528
Kano,Warawa,49.30917081564928,9.693696040916713,90.54867095113812
Sokoto,Tangaza,79.11014168090911,39.94170510466319,97.91633965429509
Jigawa,Maigatari,37.17545596663921,5.652095884748078,81.08601101938315
Katsina,Danja,46.19827257679065,9.34299982268838,88.55681563272712
Kano,Fagge,12.149519665273244,0.7511449552173446,45.03771575835214
Katsina,Jibia,45.797875194716575,9.059227550602152,86.22632164814485
Rivers,Eleme,4.9460519106059175,0.1901707338412129,20.5651891382566
Kano,Bebeji,57.80843773333571,15.839655744879368,93.5068780975719
Kano,Rano,60.84309604846353,15.636027212329084,94.9508514893523
Kano,Tarauni,11.821104717312672,0.5623763420959292,46.1923912077184
Akwa Ibom,Etinan,10.345080180706407,0.5295312324533751,36.7415482407642
Ogun,Yewa South,14.786558734272296,0.964856985770363,48.63504272547225
Kebbi,Argungu,72.69155826952594,28.56358569938996,96.75633232468395
Kano,Kiru,68.32594885623713,23.87964150528156,95.70515130635968
Katsina,Batagarawa,42.0192199499743,7.491948334378053,84.80761839539261
Delta,Bomadi,27.525800979040664,2.299367112927801,73.65362675636922
Borno,Kwaya Kusar,46.47635611137106,7.529294308666955,88.81929067672367
Enugu,Igbo-Etiti,7.99544273252341,0.4250808751891571,28.17896515432309
Kano,Doguwa,64.25034445464928,19.19270247457914,95.53668247581028
Yobe,Bade,32.44662030526172,4.057390270508455,76.74275602029653
Akwa Ibom,Itu,9.276332867079269,0.4744353174960677,32.91034117528046
Borno,Bama,47.28905731143557,8.733046116403429,88.94034810556343
Sokoto,Gada,75.15208488323425,33.72277245449349,96.9873519966986
Zamfara,Gusau,64.35870349357964,22.91581900947692,94.1987706260712
Lagos,Lagos Mainland,6.214220403752165,0.1676366073036135,27.20224406678389
Katsina,Kaita,36.927697261746616,6.1596714002977695,83.52870344912213
Kano,Minjibir,57.31321360185603,14.700047099201532,92.5454546488933
Akwa Ibom,Ini,9.9656225119081,0.6153588791139727,33.937328578797384
Zamfara,Talata Mafara,71.04617932248118,28.285132697344658,95.99442445176273
Kebbi,Gwandu,77.5634051473142,35.49212830990692,97.8812568338586
Zamfara,Birnin Magaji,64.33865173989318,21.07597649150776,94.22505041360536
Kano,Shanono,60.67408817337437,16.4870271107112,94.62962654069226
Kano,Rogo,54.2905381852679,13.442788541233153,91.7250294558892
Katsina,Batsari,43.867589896758574,7.998664972888831,87.0884700881209
Akwa Ibom,Eket,9.83052860849357,0.5506976281924848,37.22535136505235
Akwa Ibom,Okobo,16.164156313417024,1.2444651558950697,51.17891740261946
Kano,Kano Municipal,7.479059100392813,0.3218804001268461,30.974151288658977
Yobe,Busari,46.46921606954021,9.43256257573737,86.5214006783796
Kebbi,Maiyama,78.30397299366221,37.638814972960695,97.80061675388076
Lagos,Lagos Island,5.399988785108912,0.1724784644413271,23.275242963903622
Kano,Madobi,43.585393622217936,8.18294252843124,86.25164544782427
Jigawa,Miga,33.00122908322361,4.053016628407247,78.27085177414278
Katsina,Rimi,47.7776981552918,10.325898248759753,89.16363804808555
Kano,Gabasawa,48.05534251919335,10.180259000879296,89.58248740327127
Kebbi,Aleiro,72.8612411288218,26.45607543574793,97.264694422701
Kano,Ungogo,33.85290837551903,5.5533487525213925,77.36847836703096
Sokoto,Tambuwal,84.95335542426089,52.40259310987297,98.6007836050118
Kebbi,Jega,77.89022768648057,36.35513012574423,97.4509307899196
Katsina,Katsina,25.67398968601887,2.958791693932134,70.15622111554057
Kano,Dawakin Kudu,47.65251375017572,10.02098456109204,87.4614564339616
Kebbi,Arewa,80.6399429433831,42.64829154760191,98.10383940299384
Akwa Ibom,Etim Ekpo,7.477543720077685,0.3546983393930981,29.814183119634222
Kano,Albasu,44.516156058496136,8.3130611648979,87.30826608566235
Borno,Marte,39.73262686340293,5.922595489990212,82.78990854630365
Kano,Kumbotso,18.90245566399993,1.8604426149660347,58.23680101814578
Jigawa,Kazaure,48.14251910104588,10.135348719104451,88.19865777177984
Katsina,Malumfashi,48.93223237163435,11.030485715319308,90.50223934774844
Enugu,Udi,6.152551284381975,0.3791904954166994,21.30148942898284
Jigawa,Dutse,31.52179366468479,4.953908050376158,72.7884391005599
Jigawa,Gwaram,47.67775967074223,9.716415879848803,87.98404513416229
Kaduna,Zangon Kataf,36.819474920817896,4.7428459280562985,82.39980206317537
Jigawa,Kiyawa,38.862510668912,6.403635757714453,81.52902827686076
Bauchi,Zaki,36.30178410853585,4.981579518835862,79.089569516739
Rivers,Opobo/Nkoro,20.591675869636685,1.3854702384453352,60.90491217821823
Bauchi,Shira,38.89031511273642,5.387370447475994,83.13040356062803
Bauchi,Dass,28.133329677664705,2.548503222353657,75.94255530631672
Enugu,Enugu North,2.871564971059019,0.0846849472943884,12.4143133143878
Jigawa,Buji,52.41795705866127,11.232561782653056,89.91752811727042
Akwa Ibom,Ukanafun,9.092619473912755,0.3606196067201059,35.85544728752089
Niger,Agaie,40.918434181613215,6.209768602435401,85.42891934213924
Kano,Bagwai,57.74316221393132,14.197899846977794,92.808910103591
Kaduna,Kajuru,38.40034799925176,5.293825237173103,83.88759832669624
Niger,Katcha,41.58790096218303,7.040005232045568,83.53674483735867
Katsina,Kafur,46.98743893761473,8.635597989228788,89.30821585708124
Kebbi,Danko/Wasagu,65.48526693815589,21.62695934855856,94.70332579833656
Niger,Bida,39.95859847094799,5.450080814102988,84.26302888645405
Bauchi,Kirfi,42.01258864682652,7.434356911929337,83.67177247208348
Kebbi,Dandi,68.50501520906276,23.822171182981737,96.46532606861211
Kebbi,Bagudo,76.16011867097053,34.78476082292295,97.4717809658864
Katsina,Kankara,61.21824682746717,16.760433761941854,94.2323430659393
Bauchi,Itas/Gadau,44.32253812497214,7.207639644872905,85.16727715788656
Lagos,Apapa,5.770253717102921,0.266471105225323,21.87947908877836
Ondo,Ondo East,20.028536425596773,1.4383638977774815,60.85809797883039
Bauchi,Warji,30.82816730333617,3.824650102458022,75.25695426234033
Bauchi,Katagum,40.75430298349047,6.997574436250349,81.44287942441855
Katsina,Mani,50.21011137600747,11.009056890993426,90.83891066980236
Kaduna,Sanga,30.98265778219181,4.220625236225997,77.89035973926748
Bauchi,Bogoro,24.120226691250288,2.130831141540962,67.48863917144801
Yobe,Fika,46.03012707325443,8.681490188530073,87.398784289285
FCT,Kuje,15.72778951823369,1.3228609085458,52.24053545152848
Jigawa,Sule-Tankarkar,29.955986869370903,3.441892927532996,75.49911010178836
Oyo,Ibadan North East,6.494964626157379,0.2343759545798319,26.45884134665926
Katsina,Bindawa,52.1261334140037,11.751818014779968,91.0442104975906
Kwara,Ilorin South,16.959500648787962,1.1927498823118132,52.67738299855215
Bauchi,Gamawa,49.27641425549117,10.141147552407308,87.5859368627957
Jigawa,Kafin Hausa,37.10328466869704,5.860546973448383,81.40917760174511
Ogun,Ado Odo/Ota,7.371455341325015,0.2184784169994387,26.64989607635877
Kano,Garko,54.6108184207641,13.420623712080037,92.23794553883566
Kaduna,Kubau,60.43139636986907,16.51063732431536,93.79249599107249
Taraba,Wukari,19.330259995189245,1.7748386385270822,55.514034630075095
Kano,Gwarzo,57.86630113619713,13.234623632520762,93.57902356198288
Rivers,Oyigbo,8.03579692809465,0.3495987320015448,29.891572075431203
Delta,Ughelli South,16.228857704569187,1.5460890197963737,48.31525941597673
Kebbi,Fakai,73.10431113929505,26.549304146093785,96.67550561559824
Jigawa,Kaugama,33.81966305803692,4.652474893351728,79.03665719397664
Edo,Esan Central,6.6142061543394375,0.2949689424384514,25.867266866432068
Sokoto,Goronyo,72.34743232236741,30.437581807202257,96.16162085776328
Oyo,Ibarapa East,17.523309734570717,1.332092883147762,53.98742309276814
Edo,Ikpoba-Okha,4.281625382332847,0.2427104690649925,16.29447011371187
Enugu,Awgu,9.713747816140906,0.5156776475421492,33.68754359927153
Oyo,Olorunsogo,41.8943038402427,6.831126563308484,83.78720720029709
Kogi,Kabba/Bunu,48.39429980845868,7.515643021080323,90.86015331441752
Bauchi,Ningi,33.26419113990752,5.062071439845011,74.57748319267206
Taraba,Kurmi,28.53697079763431,2.5901636681255176,74.21683321861462
Katsina,Bakori,50.6127770667849,11.243256454105577,89.76766175832738
Akwa Ibom,Nsit Atai,12.212416736528429,0.7930973699252037,43.75143783694024
Katsina,Kankia,58.17691258485116,16.136662641612514,92.188671268979
Jigawa,Gagarawa,35.710998987615,4.970977048860444,82.04974545580765
Bauchi,Giade,48.352741953000624,9.169581305284272,89.3257063641843
Edo,Igueben,9.957021788257451,0.5404024832914999,34.03829808484797
Ondo,Akure North,13.570231807105108,0.851243851207274,45.49968898207364
Rivers,Khana,14.233489031802494,0.8439179601981802,44.82628953255257
Akwa Ibom,Oruk Anam,10.120692118526888,0.5103061049470445,37.14927913630648
Bauchi,Misau,50.30611902316591,10.133377635119402,89.39577559460555
Bayelsa,Kolokuma/Opokuma,28.02542442211284,2.515203341137463,74.38661902623389
Kano,Karaye,64.96637468444109,22.299455646673785,95.78116149047388
Bayelsa,Sagbama,29.04431937702255,3.859575359244612,72.4772508072235
Jigawa,Garki,37.25100014161912,6.193772739721738,80.48738698314335
Katsina,Mai'Adua,48.61362615821617,10.275859457277075,88.8827582583635
Ebonyi,Ezza North,4.678877076864653,0.2616793005936817,17.564225805616
Taraba,Ibi,36.22524439521593,5.039915351103135,79.92271820747268
Kogi,Omala,34.840831668867686,4.232939164097798,78.27890778979463
Ondo,Ile-Oluji/Okeigbo,20.13432251683756,1.7364848861573756,56.620713194494655
Katsina,Baure,41.159296970999314,6.7243982189330485,87.34702936021488
Katsina,Dutsin-Ma,50.74229351251962,10.57406765412259,90.49224700099596
Edo,Uhunmwonde,11.30824088238208,0.7388834077352101,38.04382179950419
Jigawa,Taura,28.891136055780343,3.6149478128004215,74.12923207450065
Delta,Ughelli North,8.220301260163245,0.5238343556119095,29.21872597827945
Edo,Orhionmwon,9.264808657863282,0.5531895345039185,31.80646246538221
Kaduna,Soba,58.73039622683328,15.226246071028628,92.81164791582252
Yobe,Karasuwa,33.81874496876341,4.691700919058025,79.13009377924166
Ondo,Ondo West,20.42170614670496,1.815440621164488,58.449237295515886
Delta,Ika South,6.330224713759187,0.3201695679250782,24.791946820947857
Ekiti,Oye,7.335395510448468,0.4549446816998662,25.970452849788504
Kano,Bichi,60.33512145396181,16.006835938389035,94.89229416620776
FCT,Kwali,22.88147307604598,2.020999278037251,66.67194163035037
Oyo,Oyo West,17.910687490890165,1.2047102897248732,56.58205562867148
Katsina,Kusada,50.7017750235607,9.69965143873655,91.38930619992504
Jigawa,Roni,50.08818547698611,10.734849517524944,89.93487923744267
Bauchi,Toro,26.509611358303736,3.539963820883387,65.41435741997165
Ondo,Akure South,9.823140673012944,0.560516589005239,33.15700449092587
Kaduna,Igabi,33.79286052282796,4.796605557617084,79.21779351945159
Kogi,Okene,7.273771312088989,0.3510028476708106,25.321518951403043
Anambra,Onitsha South,4.317162923805295,0.1095614700615298,20.242723796001883
Benue,Agatu,29.18200213348286,2.803364617609617,73.75030093420294
Kano,Dala,8.224775221216555,0.2682758614256981,35.654362133218335
Zamfara,Anka,70.44049244939099,24.5159404770069,96.5887580198258
Kano,Tofa,46.98639022824317,8.955934447122127,89.57612486628794
Katsina,Ingawa,56.54602745545743,14.828469797022075,93.6979982843598
Delta,Uvwie,4.488477990848134,0.2153759706627522,17.84896341086499
Ondo,Idanre,32.07563153675197,3.4405223169223094,74.71407098408301
Delta,Okpe,11.723917194959526,0.7294727099418525,40.14221146009736
Anambra,Anambra West,22.350973317757923,1.8334272709712007,63.494919139984376
Lagos,Mushin,4.602566905552267,0.1801208625610543,18.08524753425456
Ogun,Sagamu,12.8479605750262,0.628285506251599,44.92138086185146
Cross River,Biase,16.52604162954293,1.2925254041290737,52.31230852046521
Kano,Gaya,54.72994426541972,11.088699795619943,92.82402462860664
Katsina,Charanchi,47.33440215458226,9.690958646144455,88.64895173862932
Edo,Etsako Central,11.939026322757783,0.7448989359178684,38.626507756206166
Bauchi,Darazo,50.58375512343245,11.884056474500005,89.27220789192583
Kogi,Ijumu,22.37578415386224,1.974756326874585,61.565303616128325
Kwara,Irepodun,22.44077649474867,1.954916415743947,60.67741012022014
Oyo,Egbeda,11.760738183649911,0.6974588565174916,41.27851006854059
Ondo,Akoko South East,12.754863089458388,0.7977787534235382,43.28540537516043
Katsina,Faskari,53.42218086262018,12.146386842705986,91.71634179831238
Kaduna,Makarfi,64.84761362618524,18.85401010768997,95.95998212210134
Delta,Udu,5.105238174571504,0.2410975389118673,18.717784644912147
Kano,Bunkure,65.06100283564346,21.41416881584401,95.69929083664576
Katsina,Funtua,39.70703740304749,5.714908293177051,84.30968154125505
Kano,Danbatta,50.0548987260977,9.288664163907182,91.48364834379224
Yobe,Jakusko,43.07435804665288,8.95974974593005,83.18568060844103
Kano,Gwale,7.35171020283979,0.2520812163466228,31.959309761677265
Jigawa,Babura,43.62768881919406,8.3053088039932,86.3410491903658
Delta,Sapele,13.270079772674045,0.8863235853263091,44.273236373385295
Delta,Ika North East,7.358620564656272,0.409220429296422,26.638273810738028
Lagos,Surulere,3.877055052382057,0.1421324133021496,16.122190451576753
Kano,Garum Mallam,48.85144743065945,8.619353822851547,89.56029393918719
Kwara,Offa,14.317991408310702,0.6279488904116819,54.010098595988815
Lagos,Shomolu,5.835638090053092,0.2495254008640123,23.35612654140137
Kano,Makoda,52.19687841897908,11.32250695922131,91.43726373076711
Kano,Rimin Gado,55.61469703501564,13.56153052190644,92.9376595774651
Yobe,Yusufari,38.94899391484613,4.993355742677631,84.51781306479927
Kogi,Bassa,32.89588747366616,4.006278100782631,76.42992535333742
Jigawa,Jahun,36.59219850452671,5.891598130232254,81.31398184077814
Katsina,Kurfi,53.00082133558978,11.994388392176798,91.73679872256864
Edo,Esan West,7.1355006502131335,0.3866794241694146,26.85666421771809
Kaduna,Kaduna North,11.882607011322744,0.7326644446353022,45.23531937801648
Katsina,Daura,47.22581286154593,9.426695952907645,89.08313372703186
Taraba,Gassol,37.77015945861183,5.881855725137513,79.73866305514544
Jigawa,Auyo,32.378520711953506,4.320163469071458,76.75773569868966
Kano,Wudil,38.80828415688358,4.956560925767628,83.99364354910742
Kaduna,Ikara,67.14571345500458,22.32921979972264,95.63563140553914
Ondo,Ifedore,12.69147914403774,0.8010708326127738,39.85087409859906
Niger,Lavun,46.59365778819635,8.337309753263375,86.97835172163516
Sokoto,Dange-Shuni,78.4041479537589,40.55135630694873,97.28716171756234
Ogun,Yewa North,20.62915557482821,1.547097686599152,61.21054309907944
Zamfara,Tsafe,63.87538008581352,21.20607096175456,94.21925341326111
Kwara,Ekiti,24.469058916486745,1.926397863675216,67.93629585429333
Kebbi,Zuru,74.16737441377914,31.96079123830749,97.19794901803502
Kogi,Yagba West,36.54764586501104,4.285319808673504,81.06134853362396
Kogi,Kogi,28.52733852324509,2.9012027635416726,73.16839894728632
Kogi,Olamaboro,23.888017126714097,2.200811318386185,65.80233815964124
Ondo,Odigbo,30.810813427475075,3.4733728232851493,72.75845055805355
Lagos,Agege,4.580347752800609,0.1643321657287327,18.87753825623518
Kano,Kibiya,56.90238285703138,12.092227812979148,94.17278740283768
Kwara,Isin,24.463965073577537,2.009659975590882,69.06307984138654
Kaduna,Sabon Gari,34.417978419913474,4.221151113150024,82.59565971556296
Jigawa,Malam Madori,30.561634480688987,3.926767730029563,75.34640151636333
Kogi,Lokoja,48.38442861575156,10.148613237514969,85.96487155488373
Osun,Ede South,6.836663651902936,0.3393307667488894,25.62137357807489
Kaduna,Giwa,54.51216822260703,13.10920898037272,92.19483915146796
Ekiti,Ikole,19.76263774414729,1.7990107990083453,54.19288947639199
Kano,Kunchi,64.44051377945034,19.37040192207815,95.57766545256892
Jigawa,Guri,37.02408342448945,5.800587327259813,81.608941344289
Zamfara,Maru,62.29548787218506,19.65279364025029,93.8047857855622
Gombe,Dukku,54.778252223570334,13.739936246446067,92.60465015787192
Sokoto,Wamako,74.90269755823556,36.82357357061894,96.59959313652251
Kwara,Oke-Ero,30.69564171054558,3.5362601103903906,74.10079930915126
Lagos,Oshodi/Isolo,4.008762478485492,0.1786555391978516,15.265151886528702
Borno,Abadam,42.172615416043904,5.511127532249779,87.19317294219998
Ekiti,Moba,10.540805822627751,0.75728859781824,36.06369010911848
FCT,Gwagwalada,19.95268264745834,2.207542945537828,57.33714642018056
Kaduna,Kagarko,28.21140482894884,3.1355486945292936,70.99870224280693
FCT,Abaji,28.134336584706865,3.1254788277010896,74.71435112476648
Taraba,Sardauna,38.532379309591775,4.323065405678704,83.63930363978467
Kebbi,Shanga,68.8626946141109,24.461212510955608,95.53253457341305
Kaduna,Birnin Gwari,53.37712556072771,12.833813153678888,91.93423959597553
Kebbi,Ngaski,63.722288256988016,18.375481518772585,94.8111200821075
Kaduna,Chikun,32.59079989383255,3.9840690540750674,76.79873042882957
Kebbi,Yauri,63.09868222256559,16.92039366858456,95.1155497577522
Kaduna,Kauru,37.781458361319416,6.185101778201918,82.09632036645716
Adamawa,Demsa,19.90977084655765,2.1807439747038813,57.78929354818632
Abia,Umuahia South,5.257042409375323,0.2143836830355946,20.20249153113398
Osun,Obokun,10.40304188390641,0.7398517216731653,33.98609113214312
Imo,Owerri West,4.802712847828375,0.2596589102533,17.197893526032058
Nasarawa,Nasarawa,25.92459985985862,3.4038424125000577,64.22886893787461
Anambra,Idemili South,5.190300626211948,0.2396844243843605,19.344908542372828
Abia,Aba North,3.896805665530248,0.1393651618317562,16.00520063060361
Ogun,Odeda,19.78571542716285,1.3732970024064093,61.81038874773325
Ogun,Ijebu East,37.37034644182089,4.739264272159549,82.30011298956529
Benue,Okpokwu,22.054163349869444,1.495933589171888,61.827824749602414
Gombe,Shongom,28.234303089340784,3.0894678158385966,69.67078590368816
Ekiti,Ado Ekiti,7.270159128792472,0.6198166353498573,24.771237209703504
Imo,Ahiazu-Mbaise,4.594853281610117,0.2129273305079917,17.349518663900078
Kogi,Ankpa,29.15561242970581,3.2370996145883923,70.98950305529198
Imo,Nkwerre,5.441808084492903,0.2627946052950488,20.84202981328262
Benue,Apa,30.73936687959084,3.602731165584469,75.6593818455599
Benue,Kwande,21.32424369562984,1.7205848754291306,60.42553073905437
Cross River,Ikom,11.527670549852749,0.7116640279642525,40.50800290947981
Ekiti,Ido-Osi,9.36997186521055,0.5639352525200966,33.128695934590375
Abia,Ukwa East,10.986636369244524,0.6332496938411615,38.694192488087296
Abia,Ukwa West,7.475309918334296,0.3844948833288219,26.642743761478883
Anambra,Nnewi South,5.724214296931872,0.2083768678319375,20.707138547157
Abia,Bende,11.991462866120536,0.8714792773846726,38.8520465039662
Imo,Okigwe,7.935714533010922,0.4658641730796894,27.526588593959787
Bauchi,Jama'Are,38.62680299300577,4.818567746991291,84.25059869364561
Nasarawa,Kokona,25.56380450314887,3.17007851461504,66.75140353140955
Borno,Mafa,52.268250589669776,12.03134918016972,90.34827322317682
Gombe,Akko,31.6243622887264,4.334630101542395,71.84491539003677
Benue,Ushongo,21.42606490344008,1.4280226639961444,59.91616384059712
Imo,Ehime-Mbano,6.46872637703155,0.3110572818836595,23.2154141028161
Imo,Ideato South,6.621582217139775,0.359201959476598,23.625782894843216
Osun,Ife South,25.16821644463257,2.55622896346321,65.80252836698519
Anambra,Oyi,7.091007697501397,0.3095254576061647,25.97963296367181
Ekiti,Ekiti South West,12.159537444903608,0.8799069603270555,38.472998677029054
Anambra,Ayamelum,13.877216920453558,0.8544686987430027,47.233437358997335
Imo,Aboh-Mbaise,4.361744227141292,0.2364236331024206,16.17610125229338
Ekiti,Ilejemeje,11.148205974231107,0.560511306225548,40.06781532567709
Imo,Mbaitoli,3.996762061758533,0.1883792294524565,15.534380284174388
Cross River,Akamkpa,29.42642779084054,2.785610392267029,75.46298520893997
Abia,Obi Nwga,7.559233291610553,0.490183916136776,26.85922997698072
Benue,Logo,33.164572055363486,3.843244857227096,76.72071947907189
Benue,Guma,31.169856084457887,4.234519511031571,74.81490399808233
Cross River,Ogoja,9.57538684361151,0.6238815212189317,34.00621588579095
Abia,Ohafia,11.69671682441878,0.7362751250365452,38.6182807950778
Anambra,Orumba North,9.317282443898254,0.5380363913096604,31.78675088817866
Benue,Ado,16.55584246307672,1.1805168784282944,52.28725866630467
Nasarawa,Toto,18.83669960484679,1.6278581108187409,56.28342093811494
Osun,Egbedore,6.187651172083851,0.3527001545138195,21.52509131644345
Imo,Owerri North,5.031071337037162,0.2435824146466221,19.11553037820488
Anambra,Idemili North,4.539445432255959,0.2008592662657245,17.196220668561182
Abia,Isiala-Ngwa South,6.302136572659651,0.2884975272495604,22.72145180864672
Gombe,Funakaye,64.60321278320737,18.279154785955026,95.18522371656988
Benue,Katsina-Ala,20.69212799017926,1.6250710078186272,60.83756829077557
Niger,Mokwa,47.15971980718008,9.456765128748607,85.86304214024749
Abia,Aba South,3.563355641661483,0.1829969983393664,13.460122551345204
Niger,Edati,56.97871915131847,13.139100452004834,92.9285350745766
Ogun,Odogbolu,15.809131053738229,0.9658990740593236,49.82435934744924
Gombe,Balanga,37.04560629378717,5.0351258238219385,79.5998484919082
Ogun,Ijebu North East,22.017476036238573,1.5054124449062622,65.91496553858954
Benue,Otukpo,30.29566127238836,3.6298574945713087,73.3072584142423
Cross River,Abi,7.09603749162714,0.2907523788437333,27.563362844532577
Imo,Ideato North,6.238884125113556,0.3878070685748574,21.66224541745945
Osun,Oriade,9.567980117730688,0.7380535908035329,32.781804455202526
Sokoto,Illela,73.82479600627438,31.047636849298986,97.04916207893926
Imo,Nwangele,5.41695093851068,0.2526297007985885,20.87231766612516
Osun,Ife East,11.473174787018452,0.8126276304444766,37.18486712023377
Cross River,Obanliku,10.7278811376502,0.6117942917467026,37.631523344156605
Imo,Onuimo,3.7549640267855056,0.12705891580693,16.178488984577204
Plateau,Qua'An Pan,40.233715004197705,7.068836001459207,81.88594787886547
Imo,Ngor-Okpala,8.204884856516676,0.4438508354355187,29.05345300679827
Oyo,Ona Ara,13.09219640174887,0.81296240090328,41.036898938328
Enugu,Igbo-Eze North,5.816552229555682,0.2335494603399624,20.62969998305918
Benue,Oju,24.02617172205041,2.550648443172462,65.44404623449559
Osun,Boluwaduro,11.524454178212933,0.6853395990834824,40.48824477513307
Zamfara,Shinkafi,66.9543557072092,21.386800399281373,96.1285323815146
Imo,Orsu,5.270599457046001,0.2416708569032656,19.403725491125005
Anambra,Anaocha,6.987080692896843,0.3305862862894135,25.16690751694844
Cross River,Bekwarra,10.759417971643796,0.6404411302630387,36.8403587279078
Abia,Umunneochi,6.042070573057501,0.328690069530039,22.47334655090674
Ondo,Ose,25.54318171121143,1.890620360807009,67.37393216818181
Anambra,Nnewi North,5.309767889563539,0.2521892147377526,20.84903508057792
Ondo,Akoko North West,11.536972235079258,0.6561193375864713,39.93902141466137
Osun,Ilesa East,7.292355573474031,0.3710982443609034,27.754146739876663
Anambra,Njikoka,4.9059572868056245,0.2024536312171724,19.06213755193321
Imo,Ohaji/Egbema,10.43478075391935,0.5255087512170629,37.51238220582805
Gombe,Gombe,12.256161610578578,0.6574134710620417,43.38456425569977
Imo,Owerri Municipal,3.754724987074687,0.1090209839904411,15.07745518398337
Nasarawa,Keana,33.81503494729858,4.003859777533133,78.93409952358293
Ebonyi,Ohaukwu,4.968953191482579,0.2769650750687575,18.849318538462807
Ekiti,Aiyekire (Gbonyin),13.624665806413674,1.1864079829877534,41.78763212211985
Imo,Isiala Mbano,4.57782629550726,0.2435465583665704,17.934747276953033
Ekiti,Irepodun/Ifelodun,10.485680203224618,0.7586261745603313,34.289383372443595
Imo,Obowo,6.008926574327448,0.2596668818474997,22.72284984842136
Abia,Isuikwuato,8.734359481817199,0.5358100503928791,30.67303320685139
Benue,Makurdi,16.904638183915356,1.1243492752557451,52.42140510339871
Benue,Gboko,18.693729549581985,1.152749589848171,56.7284716657505
Osun,Ife Central,7.957802766345173,0.5255976545218306,27.20361580401072
Abia,Isiala-Ngwa North,5.740497445372173,0.3031409608470824,22.24169910111808
Cross River,Yakurr,6.710032161554184,0.3662286291578441,24.92337465774196
Gombe,Billiri,23.94622106238536,2.292400910859213,67.8837878973272
Anambra,Dunukofia,6.397096966075757,0.3119881907214864,24.843749173491723
Abia,Osisioma Ngwa,5.600027663707865,0.3088077304090001,20.829779634389126
Osun,Ola-Oluwa,10.51910832654676,0.6667502496642471,35.520100523514
Nasarawa,Wamba,43.47712744383542,7.679615320461232,86.80602232452614
Osun,Boripe,4.640300294225376,0.2379287721156857,18.782355194770588
Cross River,Yala,13.351939414895536,0.8934099018613105,42.14412595797838
Anambra,Aguata,6.046056512840409,0.2700284367698543,22.265437482320817
Cross River,Calabar Municipal,3.609399186874952,0.1499436125057598,15.295767529820184
Anambra,Onitsha North,4.107449990560914,0.148230601913589,16.203258868368163
Benue,Ukum,22.84245258890417,1.6474227100368155,64.82229878205621
Sokoto,Isa,68.4567420937345,25.890800596911586,95.69399699110836
Ogun,Ogun Waterside,38.22069225019542,4.092723160199903,86.01001729581233
Osun,Ifelodun,8.622157634413199,0.4166593684200388,31.38322331427605
Abia,Arochukwu,16.458646166942966,1.1915313988558245,50.507635387627104
Ogun,Ijebu Ode,12.955544736385278,0.6299959829381804,45.729487099763965
Borno,Magumeri,65.2832914176187,21.17303879018592,95.31600703318772
Cross River,Boki,18.72398327073604,1.495513755590356,58.89859561773801
Gombe,Kwami,42.11089953263005,7.168303090061102,84.1159187562327
Ekiti,Ekiti East,13.339493563730237,0.9671606965716856,43.03728954792133
Kwara,Moro,44.60851523722291,7.49766213962302,85.10566913401753
Imo,Ezinihitte-Mbaise,5.167120198024026,0.2378492313052414,18.809925230153084
Borno,Kala/Balge,38.45756375182558,4.248018525523251,83.86986690591958
Nasarawa,Awe,37.91154647829202,6.515343402983618,80.42774847050522
Osun,Orolu,6.637655570922235,0.2959134700646948,24.70394200155944
Cross River,Obubra,15.328166540495088,1.2803908574010734,45.88572164714341
Edo,Akoko-Edo,7.587707829122883,0.4237515818352663,26.047387152619727
Osun,Osogbo,3.95767972024724,0.1774188643992171,15.40795855420467
Ekiti,Ise/Orun,15.082511323244708,1.0398316250764774,49.13644809411235
Imo,Njaba,4.805738070468205,0.2196678470995742,19.71685680276293
Benue,Obi,34.95409039587606,4.177631959146312,79.22538323432087
Benue,Buruku,22.573633019294267,1.7975250689090445,61.6494507868445
Cross River,Obudu,8.04074150683259,0.5099402276982011,28.07823992811757
Imo,Orlu,4.923038177476684,0.2251389896081675,19.30912077301576
Osun,Iwo,9.787021588614715,0.5587772040843393,34.20752742316818
Anambra,Awka North,13.49315956555354,0.9741905869319184,44.3963332431209
Benue,Tarka,24.47611452665943,1.8815955246228044,68.58069522718976
Abia,Umuahia North,5.762641174703303,0.3220187858787888,20.9828164340128
Osun,Odo Otin,7.765044510867608,0.4454079722066754,26.836329225158096
Anambra,Ihiala,6.383953104259301,0.3289685501347814,24.134913627643403
Osun,Ilesa West,5.530693972214076,0.2711201281427727,22.047421232420223
Gombe,Kaltungo,37.60608769293186,4.573350495231163,82.85393007123002
Osun,Irepodun,9.854778860619678,0.6360750182268478,32.60640877979663
Ebonyi,Ebonyi,5.961641218065827,0.3604536564034852,22.60358566893675
Nasarawa,Lafia,31.386459813182054,5.485420397151439,69.37545038441444
Ogun,Ijebu North,26.514449349665835,2.778816609215662,70.90212776182766
Delta,Ndokwa West,7.921582272036306,0.4557050861901198,28.785495455611542
Imo,Ikeduru,4.052724550947231,0.1822370169518942,14.66721844947882
Kogi,Okehi,16.058057927437492,1.0145296750097816,53.81233049863668
Gombe,Yamaltu/Deba,50.7342672245714,11.559157271789182,89.31901355307215
Ekiti,Emure,14.895509474291485,0.9941589217914868,49.90074261924546
Ekiti,Ikere,9.948231393481906,0.6804560049632423,34.3070471229778
Imo,Oguta,7.956822897815807,0.4130082849856542,28.49370463987456
Benue,Konshisha,25.37179082117806,2.583962078757288,66.09552793124246
Osun,Ejigbo,11.121348220583975,0.6698757410836181,37.12611136191837
Benue,Gwer West,26.15897721217803,2.480668261748875,67.98108521804086
Cross River,Etung,22.85494212879257,1.613311721704129,65.7491905453616
Anambra,Ekwusigo,7.29726932484388,0.3589416889083237,27.587398529588125
Ekiti,Ijero,9.95335141695404,0.8074175762944761,32.202642444507326
Abia,Ugwunagbo,7.249224916455245,0.3887849675187916,26.907879425075432
Osun,Olorunda,9.505075087939602,0.6607055251605912,34.15668766926891
Nasarawa,Nasarawa Eggon,27.981357856140736,3.176016139319147,69.98263609006915
Osun,Ede North,4.798799397725499,0.2377350341373656,18.99308102169981
Ebonyi,Afikpo South,7.600220903555228,0.5162756060635517,26.70147431876053
Imo,Oru West,6.579273108071761,0.2641543663797622,25.80001930774518
Anambra,Anambra East,16.610886602985627,1.449093737892783,52.511813292420776
Benue,Vandeikya,17.416407348815703,1.2441597624124967,53.54720227671558
Osun,Atakumosa West,11.369109966350647,0.7973962853020086,38.25317045349465
Anambra,Ogbaru,12.073857504298465,0.8025535701514718,40.17851862882226
Abia,Ikwuano,9.103223194349946,0.5915048827464945,31.90097419505842
Nasarawa,Keffi,16.934282254494143,1.375616052254086,54.83533581951384
Kogi,Adavi,13.313238497458164,0.786765752534177,43.7054870234261
Imo,Oru East,4.974642880758746,0.2468954720665908,18.850585245015285
Ogun,Remo North,20.45914904355792,1.420051159590935,61.93752937438468
Nasarawa,Karu,18.628436139906825,2.1879384094060472,52.23928945493696
Ogun,Ikenne,9.700126954371848,0.4914792939159724,36.326340937309936
Osun,Ila,13.685628793183335,0.916067573061292,44.82408022475377
Nasarawa,Doma,34.16577698290373,5.109056209415539,76.07347362411052
Gombe,Nafada,62.56994349340245,17.224522438798928,94.62795481225886
Benue,Gwer East,29.118980846881808,3.161890393656238,70.8396623056877
Ekiti,Efon,11.240573724635995,0.601946697734012,38.29407287431031
Imo,Ihitte/Uboma,5.471349625577877,0.2791194826141003,20.39066207877554
Ekiti,Ekiti West,9.67763952348526,0.7899892453848623,30.48686065195714
Oyo,Atisbo,48.55331805745659,9.214785999840398,87.82619221371482
Imo,Isu,5.050435890144259,0.1940780496433799,19.48397640263656
Benue,Ogbadibo,14.733762868136392,0.9099720115527548,47.0325203520396
Osun,Atakumosa East,18.373361946702648,1.2736712573357358,55.37767546574351
Nasarawa,Akwanga,21.026676388514296,1.851660102170846,62.97521385757842
Niger,Rafi,48.72946725525486,10.584190444014686,88.56090929673724
Cross River,Odukpani,15.610736199683148,1.5607636403677616,45.482850957950696
Niger,Gbako,51.643436694907,10.223016108997536,89.47896275227238
Delta,Ukwuani,7.25170950705457,0.3261682764055407,28.77832148448007
Anambra,Awka South,6.365537954899403,0.2835018361746653,24.92039447542622
Niger,Gurara,35.429259280126075,4.74488674363808,77.88884637623265
Niger,Kontagora,51.00620078157757,9.697737830112237,90.3729045536942
Niger,Mashegu,62.21145684536245,18.866595392477045,93.89184180917778
Niger,Wushishi,60.15027469216757,16.134848016715303,93.38637272229774
Niger,Shiroro,53.07779736359814,10.78615599505571,90.52156442305407
Niger,Borgu,69.73017847389409,25.50929414457889,95.792829359416
Niger,Lapai,41.66216559628022,5.855860660261086,85.84455615301887
Ondo,Akoko South West,14.09913005870387,0.921723411761756,43.85956142123161
Niger,Rijau,54.33017748286443,11.802582375580537,91.62389865284754
Niger,Chanchaga,15.490136835768112,0.6714626137947626,56.57170467535004
Niger,Mariga,48.82333543900603,10.178431624833015,87.77458065386685
Niger,Muya,35.12644593652214,3.9950192298646847,80.23633450160295
Niger,Bosso,46.49260589796844,9.184367297918168,86.45256121013439
Niger,Suleja,15.683387942866965,0.8749056571317202,53.28576407015565
Niger,Paikoro,34.661862818167485,5.228888693426529,77.52701181641356
Plateau,Kanke,34.05366572638869,4.578991620311232,79.64799778641638
Plateau,Jos North,9.560574491538585,0.7030819850103269,34.78692703474791
Plateau,Jos East,21.17232052222081,1.7803091400193964,62.55282135177483
Edo,Oredo,4.885527482431307,0.2342937726699484,18.662066799200243
Delta,Patani,27.390139162382315,2.5948992041671475,71.17766594053322
Plateau,Shendam,39.00482169924171,5.772126877828882,81.78109277051135
Edo,Egor,2.499717837720908,0.0984658788147719,10.529192160431643
Plateau,Langtang North,50.19441756451768,9.274461688471357,90.0076980576899
Plateau,Jos South,10.415663117911455,0.7799249283986993,38.401338375459
Plateau,Mikang,42.20207865307009,5.609614908422568,84.90931857838737
Plateau,Barkin Ladi,27.98470161119425,2.9886759254211293,71.4708296444592
Plateau,Pankshin,29.392370167950883,3.6008888066006253,70.94838389331575
Plateau,Bokkos,35.76629359730123,5.063097253919346,77.82315231193405
Plateau,Wase,64.66526896455343,16.71567760662651,95.4693675704711
Plateau,Bassa,24.44310188905365,2.9410125100407933,64.66974362730564
Anambra,Orumba South,8.124337702838872,0.412861370821256,29.637640830127506
Plateau,Kanam,48.61668438504975,10.272319074345814,88.94933931706362
Plateau,Langtang South,57.74990959651549,12.44332576425747,94.07892209061984
Plateau,Mangu,22.981421934557744,2.231831224289772,60.38577331137216
Niger,Tafa,16.830859028806913,1.1229693267281968,51.22003126434717
Niger,Magama,49.04990162605712,8.509827185124351,90.31203411690096
Niger,Agwara,72.573751846716,24.9540305699832,97.44121641729711
Plateau,Riyom,23.336323534080964,2.2412086835673324,63.78959058980872
Sokoto,Rabah,78.08341155751643,39.03633909382639,97.56334467158511
Ebonyi,Ikwo,7.7606983424351395,0.5856335086799643,26.562923777072903
Katsina,Safana,56.2224850364198,15.283163778428335,92.36115379450808
Lagos,Ajeromi/Ifelodun,6.244334394196453,0.2782887251699369,23.523402135720705
Kebbi,Koko/Besse,81.2834094474817,40.456483039717696,98.46805718035878
Lagos,Epe,30.8406504753892,3.464897470095792,75.43623807899647
Kano,Sumaila,59.06394234836602,15.314777130939902,92.78893150236806
Kogi,Ogori/Magongo,15.70299204466311,0.7793248866753554,53.01138214665999
Lagos,Amuwo Odofin,6.835590891172124,0.363486349814124,23.32028569547332
Kano,Tsanyawa,55.29493126399804,13.105863596580251,92.52720406292376
Lagos,Ibeju/Lekki,28.43513147796993,2.610432213928081,76.52224789091609
Kogi,Ajaokuta,24.022326633147824,2.290262712988194,63.53637559960952
Oyo,Irepo,42.85232911415445,6.425173732652462,84.81968609122762
Delta,Isoko North,8.128045528190945,0.4470266937632774,31.74773075102845
Enugu,Ezeagu,6.999902353423064,0.3541335657533629,25.59526496209684
Ondo,Irele,33.22007076561206,3.5742227150994506,77.6245060438311
Ondo,Owo,20.29365495635076,1.768013098227975,58.3457531417457
Kogi,Dekina,23.22431702147089,2.047997122356147,64.3486024971813
Ondo,Akoko North East,11.86658648914187,0.8294200142672487,41.62843343567224
Oyo,Oluyole,16.3124654385714,1.0124776512049145,51.99306695153941
Rivers,Ogba/Egbema/Ndoni,5.671512961887294,0.2090332807689314,22.32251655889179
Edo,Ovia South-West,16.894213168584415,1.1915206115854151,50.38865211829931
Delta,Ndokwa East,15.96614304469774,1.170721619885606,50.88740344029473
Oyo,Saki East,41.91265722177785,6.5144105075047065,85.55884112945412
Ebonyi,Onicha,10.094079766736568,0.8705691052388491,32.25599299121243
Delta,Ethiope East,8.070718239243995,0.3475394136576964,30.69640747354068
Nasarawa,Obi,31.26490734409235,4.726729100990333,76.6385139077818
Oyo,Oyo East,13.650157754372351,0.6715399127532116,45.685258572236
Ebonyi,Ivo,4.775987312181725,0.2325809584649243,18.184556092848894
Edo,Etsako East,9.090256208473257,0.5739196973855699,30.09533859753492
Delta,Oshimili South,6.460932186965068,0.3539549423074037,24.75231461949461
Ebonyi,Izzi,7.72763307928501,0.5416515027828666,26.561609622559548
Delta,Isoko South,13.264206088736977,0.8840585676496606,42.53299302768708
Ebonyi,Ezza South,5.339416643739696,0.2744074854140181,21.45039857587228
Kogi,Ofu,25.900400586337334,2.689650833920477,66.50169537620152
Delta,Aniocha North,14.665680431007752,0.8945307835110187,51.97803687829423
Delta,Aniocha South,7.788552565759748,0.3871124613145906,30.91235576732552
Kogi,Igalamela-Odolu,32.427820894857526,3.7939084155549696,74.61466312160475
Akwa Ibom,Ibiono Ibom,10.50673157716591,0.6070591786980968,36.41547940799733
Akwa Ibom,Obot Akara,5.492405414459835,0.2207214756926174,22.49815752144585
Oyo,Ogo Oluwa,12.429745817940434,0.8908463578884591,40.5406154340563
Oyo,Atiba,25.41452520418472,2.133271549380145,67.97453793026452
Oyo,Ogbomosho South,7.196418696365808,0.2842138046331123,29.3846710652502
Edo,Ovia North-East,15.041942616704882,1.3575395652378002,46.500130921046114
Oyo,Afijio,18.88321748672719,1.4561278042623582,53.06214310415883
Oyo,Ogbomosho North,7.481346387053723,0.286741944101066,29.208244085074192
Rivers,Ikwerre,4.39801274149069,0.1638378243734314,16.38731846928976
Akwa Ibom,Esit Eket,17.1721777805915,1.205281618689196,56.15232897890406
Rivers,Obio/Akpor,4.922575203425527,0.2047355173917913,19.957434691538744
Rivers,Etche,4.330619029818032,0.1662776142305056,16.880273465839252
Borno,Askira/Uba,27.238505848918265,3.874903198494617,68.37699631187469
Sokoto,Gwadabawa,75.54945863776909,36.2406218353909,97.20438235169782
Jigawa,Hadejia,18.616592316178053,1.278631035336864,62.93643449504401
Jigawa,Kiri Kasamma,29.332387679505462,3.924040676630139,72.05761407558728
Borno,Konduga,49.69940280036532,10.341808465748844,90.14679717223476
Borno,Jere,43.67282018403231,7.335463154402832,86.90947178520636
Lagos,Eti-Osa,6.352330318205687,0.321264945308531,24.03290046310692
Lagos,Kosofe,4.705168385615837,0.2321413056925501,17.277693325855395
Oyo,Ibadan North,5.580890788208944,0.1930106341344272,22.535683415609483
Oyo,Akinyele,8.267297436365094,0.3482764086989762,31.69821656682686
Oyo,Ido,11.329894134392932,0.6879008450244248,37.74803859431029
Oyo,Ibadan North West,5.434180626348543,0.1529140209395091,22.43942951166849
Oyo,Ibadan South West,3.359157058194328,0.0627812060244123,16.21678570951485
Oyo,Ibadan South East,7.047289040519712,0.2337505208953184,28.23705386604311
Ogun,Abeokuta South,5.184214694222734,0.1658471157503621,22.31292503558222
Lagos,Alimosho,3.112302364666542,0.1675565061628561,11.48476599009497
Lagos,Ifako/Ijaye,5.275460010279269,0.2112408647578302,20.68763887244432
Lagos,Ikorodu,7.736356458554234,0.4539631267585253,25.84003995002801
Ogun,Ifo,8.006578533249018,0.283196021511287,28.86351826140757
Lagos,Ikeja,4.939088270190688,0.22036239057206,19.314361620250903
Ogun,Ewekoro,12.544763963320108,0.6093193767833722,41.463969471123534
Lagos,Ojo,8.367740839745208,0.5187005902229253,29.494985346400803
Lagos,Badagry,10.665705110213016,0.5970022016981236,36.2031674299523
Ogun,Obafemi Owode,14.680029223214063,1.0080368490854703,48.13326524251476
Ogun,Ipokia,16.350680594217508,1.024117640753791,53.82774371200545
Benue,Ohimini,34.62050708489915,3.778167811346382,79.8273819698779
Kwara,Ilorin West,9.968977562492746,0.5214649705701561,35.6190761902398
Kwara,Asa,22.499728272484763,2.136846735852231,61.53242390824298
