state,lga_clean,m2_children,m2_p_top155
Akwa Ibom,Eastern Obolo,427.0918880093112,0.0
Bayelsa,Ekeremor,4243.248939757271,0.349
Rivers,Degema,1777.85829201237,0.03625
Rivers,Andoni,2447.059740298426,0.075
Cross River,Akpabuyo,1452.705971929936,0.01875
Akwa Ibom,Oron,476.3895243996119,0.0
Cross River,Bakassi,336.2646741656935,0.0
Cross River,Calabar South,651.6833956255398,0.00175
Akwa Ibom,Udung Uko,366.0659676440486,0.0
Bayelsa,Southern Ijaw,4784.787336433101,0.43775
Oyo,Iwajowa,1125.6372559104448,0.0
Oyo,Ibarapa North,794.3372776182961,0.0
Rivers,Okrika,1918.2075322539256,0.047
Ogun,Imeko Afon,921.8080846490464,0.0
Akwa Ibom,Ibeno,574.7869950759124,0.0
Bayelsa,Nembe,1931.336897032373,0.007
Ondo,Ilaje,5161.0487719960665,0.5
Bayelsa,Brass,2914.165962373732,0.10225
Delta,Warri North,1816.5415612909112,0.008
Ondo,Ese Odo,2780.89860266819,0.083
Taraba,Jalingo,1423.9573391106223,0.01375
Delta,Burutu,3840.393602221742,0.27275
Adamawa,Girei,1283.1081322483533,0.009
Taraba,Yorro,1507.2197664213772,0.001
Taraba,Ardo-Kola,1314.0824552568915,0.00025
Adamawa,Yola North,503.22111540997577,0.003
Adamawa,Yola South,1816.612157626412,0.034
Akwa Ibom,Mbo,843.5649012633137,0.0
Taraba,Lau,1496.2680857673206,0.00075
Oyo,Ibarapa Central,691.1507089214301,0.0
Ogun,Abeokuta North,1152.8439979874258,0.01075
Rivers,Bonny,2184.9790357052952,0.0575
Delta,Warri South West,2044.2931115336823,0.00175
Delta,Warri South,1863.978764300305,0.06775
Rivers,Akuku Toru,2058.3371758106505,0.02425
Osun,Isokan,526.4773340873642,0.0
Osun,Irewole,764.7406562750645,0.00025
Akwa Ibom,Essien Udim,316.64029156459105,0.0
Akwa Ibom,Onna,453.57501818902944,0.0
Enugu,Udenu,619.120612628904,0.00175
Rivers,Ogu/Bolo,447.72935187399503,0.0
Enugu,Enugu South,405.3589277208428,0.00025
Akwa Ibom,Ikot Ekpene,227.3520762095401,0.0
Akwa Ibom,Nsit Ubium,453.5384139376063,0.0
Akwa Ibom,Urue-Offong/Oruko,391.9156087213961,0.0
Akwa Ibom,Abak,315.23147408389167,0.0
Enugu,Nkanu East,659.041001533707,0.002
Enugu,Igbo-Eze South,309.7723247855371,0.0005
Enugu,Nsukka,1130.0576942054677,0.014
Rivers,Tai,451.146360059122,0.0
Osun,Ife North,788.790146889703,0.0
Osun,Ayedaade,937.4442857502544,0.0
Osun,Ayedire,384.0240179957604,0.0
Rivers,Ahoada East,1053.1580064669236,0.005
Oyo,Iseyin,2345.2836878197763,0.0735
Oyo,Itesiwaju,1613.67226406641,0.002
Oyo,Kajola,2125.702946599286,0.0525
Enugu,Nkanu West,343.8496730934258,0.0005
Ebonyi,Afikpo North,492.4845032430936,0.00075
Taraba,Donga,1090.6250864264405,0.00275
Enugu,Oji River,335.0932617197963,0.0
Kwara,Oyun,1159.4288283976723,0.00125
Bayelsa,Ogbia,1567.1849420257406,0.01275
Rivers,Asari-Toru,1056.2655101471616,0.0105
Akwa Ibom,Uyo,452.62575315572326,0.002
Akwa Ibom,Ikono,325.51120424027243,0.0
Kwara,Baruten,7573.928727232297,0.88675
Oyo,Lagelu,567.3087005960048,0.00025
Kogi,Idah,986.2746879506798,0.0
Yobe,Machina,968.4922311273554,0.0
Kogi,Ibaji,2774.235825615415,0.03825
FCT,Abuja Municipal Area Council,10656.032627576598,0.84275
Kwara,Kaiama,4328.54798516469,0.34125
Zamfara,Bakura,9260.97209479456,0.9585
Yobe,Nguru,2642.1705196683984,0.091
Zamfara,Gummi,10770.357403613014,0.98125
Kano,Ajingi,4557.495277976345,0.401
Rivers,Port-Harcourt,370.6620054068884,0.003
Kebbi,Augie,5917.376884173627,0.78925
Sokoto,Kebbe,6736.6129176937975,0.942
Oyo,Surulere,1033.5140439907034,0.003
Jigawa,Ringim,4096.979376860696,0.2935
Rivers,Emohua,997.846139951654,0.0075
Enugu,Isi-Uzo,588.0141960873643,0.00125
Bayelsa,Yenagoa,2398.027984438968,0.08825
Kwara,Ilorin East,2334.09616050647,0.079
Bauchi,Alkaleri,7035.92743416561,0.66725
Rivers,Omumma,166.0517951983514,0.0
Jigawa,Birnin Kudu,10472.781677336125,0.90225
Taraba,Takum,1060.3449837610972,0.0045
Edo,Esan South-East,1124.8071759011325,0.006
Osun,Ifedayo,163.8306055186359,0.0
Oyo,Ori Ire,1824.1078677159087,0.0095
Kwara,Ifelodun,4534.966767949547,0.4045
Zamfara,Maradun,9621.606791810193,0.95025
Enugu,Aninri,666.8327364735435,0.001
Ebonyi,Abakaliki,409.254521544561,0.00075
Kwara,Pategi,3776.9984763469415,0.1515
Jigawa,Birniwa,4866.194677966391,0.48725
Taraba,Ussa,826.0763380368733,0.00025
Sokoto,Silame,5697.611649814342,0.833
Kano,Takai,6601.712963947422,0.7625
FCT,Bwari,2333.0798369388403,0.0835
Kwara,Edu,6076.40887063871,0.6995
Kaduna,Jema'A,2999.5533408221145,0.14575
Jigawa,Gumel,2436.4711526013507,0.051
Sokoto,Binji,5556.506006787181,0.792
Sokoto,Kware,6265.7219211889205,0.842
Kebbi,Bunza,5940.970087190121,0.76775
Kogi,Mopa-Muro,701.2565729469505,0.0
Sokoto,Sokoto North,4421.719361448717,0.35525
Katsina,Musawa,6218.967086812512,0.68675
Delta,Ethiope West,563.5020047516479,0.0015
Ebonyi,Ishielu,552.5109698219258,0.0005
Kebbi,Sakaba,3895.322707340149,0.202
Kaduna,Kudan,3766.140814329542,0.221
Kaduna,Kachia,5494.228991319155,0.5475
Sokoto,Sabon Birni,7985.357219595073,0.858
Enugu,Uzo-Uwani,780.7904564584038,0.00075
Kaduna,Jaba,2730.239433827704,0.092
Akwa Ibom,Ibesikpo Asutan,335.33126333392227,0.0
Sokoto,Sokoto South,3347.0537752236305,0.218
Sokoto,Yabo,5406.625489449119,0.6805
Borno,Damboa,3885.8911797257456,0.27125
Katsina,Matazu,4286.90077923459,0.32075
Katsina,Sandamu,4938.598336339155,0.486
Katsina,Mashi,6952.79687922921,0.78375
Katsina,Dan Musa,5116.0349625342615,0.55675
Kano,Kura,3430.899959785357,0.164
Kaduna,Lere,7459.610522459127,0.75025
Katsina,Zango,6709.081972428758,0.774
Sokoto,Wurno,7706.384892326049,0.92725
Sokoto,Gudu,5089.156129735067,0.6135
Jigawa,Gwiwa,4792.423467690827,0.4655
Kebbi,Birnin Kebbi,11292.655369947272,0.944
Kebbi,Suru,7638.65272313323,0.922
Adamawa,Numan,1026.5092738753,0.00075
Borno,Biu,2719.311531721225,0.06875
Kaduna,Kaduna South,1856.237236981572,0.06375
Borno,Dikwa,2065.3428789117515,0.0005
Kaduna,Zaria,7675.531697516189,0.732
Kebbi,Kalgo,4245.970415018719,0.247
Jigawa,Yankwashi,3645.339400313384,0.14925
Kaduna,Kaura,1892.1829369094307,0.0405
Adamawa,Lamurde,1166.082227466758,0.00375
Borno,Monguno,1967.2705062031805,0.00075
Enugu,Enugu East,758.55896676152,0.00575
Borno,Ngala,3563.1900462829058,0.2345
Borno,Gubio,3341.1582373964634,0.11975
Kogi,Yagba East,2633.534246131823,0.052
Borno,Chibok,1131.8878610310896,0.0
Sokoto,Tureta,3701.062011920212,0.0085
Taraba,Gashaka,1755.8695529918657,0.00075
Bauchi,Bauchi,8482.419804075731,0.71375
Borno,Hawul,1511.8458752625436,0.00225
Akwa Ibom,Uruan,415.25129528002185,0.0
Adamawa,Mayo-Belwa,1948.3421488053543,0.03075
Adamawa,Mubi South,1380.3216236558408,0.013
Edo,Etsako West,820.7861276114039,0.00225
Yobe,Fune,8776.899566985061,0.888
Borno,Mobbar,2442.463611723779,0.0045
Yobe,Potiskum,4600.920627116057,0.40675
Borno,Gwoza,4184.417061207338,0.33025
Borno,Guzamala,2209.692252706371,0.0
Adamawa,Maiha,1645.4598935047247,0.008
Yobe,Gulani,2870.789973248991,0.021
Taraba,Zing,2192.8692362230136,0.0395
Oyo,Orelope,1622.161516519095,0.0
Akwa Ibom,Nsit Ibom,327.80635405479467,0.0
Adamawa,Fufore,2820.800985448954,0.11275
Akwa Ibom,Mkpat Enin,633.2468131194913,0.0
Edo,Owan West,656.3316554568912,0.0
Borno,Kaga,2012.343316726208,0.0
Taraba,Karim-Lamido,3239.119813445765,0.1605
Borno,Kukawa,4278.699279329214,0.36075
Adamawa,Gombi,2181.269217943438,0.04275
Adamawa,Guyuk,3033.565665281838,0.1345
Kano,Tudun Wada,8580.86878489115,0.912
Oyo,Saki West,5480.655119275624,0.57725
Adamawa,Toungo,866.3330698971992,0.0
Rivers,Abua/Odual,2793.109319952187,0.126
Zamfara,Bungudu,10823.501868111389,0.95075
Borno,Shani,1339.3359088836598,0.0
Sokoto,Shagari,8469.30698992479,0.97725
Yobe,Yunusari,2268.9387020113445,0.03325
Adamawa,Ganye,2050.030082481232,0.04575
Adamawa,Jada,2101.260482763176,0.046
Taraba,Bali,3043.989686624654,0.14875
Adamawa,Shelleng,2469.1883704533907,0.0635
Ondo,Okitipupa,2159.432804328312,0.05575
Borno,Bayo,1712.0642445866297,0.0
Akwa Ibom,Ikot Abasi,630.4118113281386,0.0
Borno,Maiduguri,3274.591364171544,0.20175
Yobe,Gujba,2941.675360487445,0.08025
Edo,Esan North-East,450.87219880097393,0.00025
Bauchi,Tafawa-Balewa,3530.552085227808,0.2115
Yobe,Nangere,2171.32427523414,0.001
Akwa Ibom,Ika,173.4367855961866,0.0
Bauchi,Dambam,3657.8265446364176,0.232
Bauchi,Ganjuwa,7048.724404813038,0.6915
Borno,Nganzai,1968.2784997443928,0.0
Rivers,Ahoada West,1366.1632540370172,0.0175
Adamawa,Song,2624.050606546597,0.08975
Delta,Oshimili North,469.5147102530357,0.0
Rivers,Gokana,1192.4721151775925,0.01425
Zamfara,Bukkuyum,10598.52873191363,0.97175
Yobe,Damaturu,2513.366096521456,0.001
Yobe,Geidam,3410.632828710718,0.16625
Yobe,Tarmuwa,2259.673521691389,0.0
Adamawa,Madagali,1887.2690576625823,0.028
Adamawa,Michika,1855.9386959505773,0.0345
Adamawa,Mubi North,1589.0403549830148,0.02075
Edo,Owan East,906.7466004315525,0.002
Adamawa,Hong,2078.739519138745,0.0435
Kano,Nasarawa,3135.7665315480017,0.1745
Katsina,Sabuwa,5871.639365623747,0.6805
Ebonyi,Ohaozara,383.93637317372577,0.0005
Zamfara,Kaura Namoda,10856.400614161194,0.93075
Katsina,Dutsi,5678.664796333867,0.681
Kano,Kabo,6253.583424954579,0.83025
Katsina,Dandume,5474.242182245977,0.596
Kano,Dawakin Tofa,6370.316785904675,0.68075
Kano,Gezawa,7760.65527950249,0.797
Sokoto,Bodinga,9017.58933400864,0.9725
Zamfara,Zurmi,12406.388963057474,0.963
Kano,Warawa,3705.456036272234,0.19025
Sokoto,Tangaza,5758.092038673356,0.80325
Jigawa,Maigatari,4608.2168741592905,0.395
Katsina,Danja,4349.79390778485,0.358
Kano,Fagge,1385.2922482344388,0.02425
Katsina,Jibia,5752.022664377074,0.60875
Rivers,Eleme,364.78166437897937,0.0005
Kano,Bebeji,6320.954158723598,0.751
Kano,Rano,5141.354136197842,0.57975
Kano,Tarauni,1494.4670402364172,0.0345
Akwa Ibom,Etinan,566.9745219320737,0.0
Ogun,Yewa South,1030.4053527271535,0.00575
Kebbi,Argungu,10089.111006938268,0.961
Kano,Kiru,10401.59973266042,0.9505
Katsina,Batagarawa,5960.049240312169,0.6235
Delta,Bomadi,976.621962847449,0.0
Borno,Kwaya Kusar,1143.9057579053658,0.0
Enugu,Igbo-Etiti,758.6518310573211,0.0035
Kano,Doguwa,5516.087869974564,0.66225
Yobe,Bade,2364.814805758121,0.04475
Akwa Ibom,Itu,384.83751760937065,0.0
Borno,Bama,5543.621852372601,0.578
Sokoto,Gada,11870.53910644181,0.98
Zamfara,Gusau,16099.940443952844,0.98125
Lagos,Lagos Mainland,672.5118363981314,0.0075
Katsina,Kaita,5053.397916660479,0.459
Kano,Minjibir,7172.27471086954,0.8085
Akwa Ibom,Ini,320.20818751566986,0.0
Zamfara,Talata Mafara,9988.944655241688,0.9515
Kebbi,Gwandu,8121.95761917493,0.93875
Zamfara,Birnin Magaji,7720.942889554153,0.88225
Kano,Shanono,4809.652415726822,0.47575
Kano,Rogo,7040.41707229318,0.80375
Katsina,Batsari,6840.947586611861,0.7045
Akwa Ibom,Eket,551.2686627610193,0.0
Akwa Ibom,Okobo,538.6872037096314,0.0
Kano,Kano Municipal,1582.1883356783258,0.04175
Yobe,Busari,2657.9966331668734,0.0205
Kebbi,Maiyama,9432.13141316056,0.96625
Lagos,Lagos Island,380.5331587744644,0.0005
Kano,Madobi,3418.7851463209445,0.1495
Jigawa,Miga,2954.2323747076725,0.114
Katsina,Rimi,5523.353361045296,0.5865
Kano,Gabasawa,5783.968306967002,0.62425
Kebbi,Aleiro,3387.6382657873887,0.00875
Kano,Ungogo,7054.821517770047,0.68
Sokoto,Tambuwal,12170.14455633946,0.994
Kebbi,Jega,10677.928601169571,0.97625
Katsina,Katsina,6127.931301632627,0.52675
Kano,Dawakin Kudu,6123.462493015063,0.6695
Kebbi,Arewa,10606.670310349422,0.98375
Akwa Ibom,Etim Ekpo,256.99020953561273,0.0
Kano,Albasu,4759.572990825576,0.43625
Borno,Marte,2231.2218964478498,0.01025
Kano,Kumbotso,3171.0086491961683,0.1605
Jigawa,Kazaure,5430.685416306552,0.5755
Katsina,Malumfashi,6714.653712701573,0.73075
Enugu,Udi,667.7442447402746,0.004
Jigawa,Dutse,5540.93261814177,0.515
Jigawa,Gwaram,9056.280877713238,0.8525
Kaduna,Zangon Kataf,6131.011786008037,0.585
Jigawa,Kiyawa,4705.0162466872,0.42225
Bauchi,Zaki,4858.07077868622,0.43075
Rivers,Opobo/Nkoro,1220.4960586571683,0.00425
Bauchi,Shira,6419.934088290179,0.63075
Bauchi,Dass,1788.5366796090052,0.01725
Enugu,Enugu North,316.6666012881073,0.00175
Jigawa,Buji,3569.976362898216,0.14475
Akwa Ibom,Ukanafun,370.0507374963729,0.0
Niger,Agaie,3163.0390679629163,0.126
Kano,Bagwai,5315.529484588464,0.6
Kaduna,Kajuru,2200.61024486274,0.01475
Niger,Katcha,2942.397869257245,0.077
Katsina,Kafur,7380.728458386372,0.767
Kebbi,Danko/Wasagu,12040.6338752894,0.95875
Niger,Bida,4338.8289580355295,0.359
Bauchi,Kirfi,4317.580718915282,0.34525
Kebbi,Dandi,6942.735955311144,0.8545
Kebbi,Bagudo,12566.595382213414,0.984
Katsina,Kankara,11170.797995709116,0.9405
Bauchi,Itas/Gadau,7146.804276645385,0.724
Lagos,Apapa,426.2529733225277,0.001
Ondo,Ondo East,650.6573501691307,0.0
Bauchi,Warji,2500.67543659548,0.0715
Bauchi,Katagum,8424.844171011451,0.8115
Katsina,Mani,6641.302438743352,0.7365
Kaduna,Sanga,2449.829571929369,0.061
Bauchi,Bogoro,1426.6710777758271,0.00525
Yobe,Fika,3281.5620060748206,0.122
FCT,Kuje,1054.8073150464545,0.002
Jigawa,Sule-Tankarkar,2826.743304251766,0.107
Oyo,Ibadan North East,899.836297996043,0.01
Katsina,Bindawa,5905.709304348015,0.65925
Kwara,Ilorin South,1886.81658630562,0.042
Bauchi,Gamawa,9888.672229855469,0.88475
Jigawa,Kafin Hausa,6941.953293915887,0.67575
Ogun,Ado Odo/Ota,1608.8666669253682,0.04075
Kano,Garko,5040.426880799776,0.527
Kaduna,Kubau,8854.290880748697,0.90275
Taraba,Wukari,2474.833832616084,0.09425
Kano,Gwarzo,6054.622620810954,0.71375
Rivers,Oyigbo,390.698442262354,0.0
Delta,Ughelli South,1423.1484887977288,0.0105
Kebbi,Fakai,6068.263991981253,0.822
Jigawa,Kaugama,3053.6561111650067,0.1255
Edo,Esan Central,317.16722595935585,0.0
Sokoto,Goronyo,8354.673220707777,0.9375
Oyo,Ibarapa East,858.4485708067631,0.0
Edo,Ikpoba-Okha,725.7960271302139,0.00275
Enugu,Awgu,872.9892149569226,0.0055
Oyo,Olorunsogo,1423.7850855556426,0.0
Kogi,Kabba/Bunu,3207.5132691142494,0.12575
Bauchi,Ningi,9059.535217506022,0.80275
Taraba,Kurmi,1399.8164008676215,0.0005
Katsina,Bakori,5676.887543992884,0.626
Akwa Ibom,Nsit Atai,290.88553977249103,0.0
Katsina,Kankia,6608.336238305119,0.789
Jigawa,Gagarawa,2054.1562261329123,0.01
Bauchi,Giade,5322.588489753071,0.54325
Edo,Igueben,318.71829560527766,0.0
Ondo,Akure North,757.6276524628136,0.0005
Rivers,Khana,1617.0365257850278,0.02875
Akwa Ibom,Oruk Anam,564.1956988460494,0.00025
Bauchi,Misau,9278.383796607592,0.86875
Bayelsa,Kolokuma/Opokuma,899.9695619499421,0.0
Kano,Karaye,5332.220578994458,0.63875
Bayelsa,Sagbama,2198.932737325356,0.036
Jigawa,Garki,3918.499139738346,0.26775
Katsina,Mai'Adua,7360.678167357088,0.78
Ebonyi,Ezza North,358.6022728103184,0.0
Taraba,Ibi,1640.830102949605,0.0
Kogi,Omala,1723.90733889644,0.0015
Ondo,Ile-Oluji/Okeigbo,1477.1668820050106,0.01075
Katsina,Baure,6266.559590319529,0.63475
Katsina,Dutsin-Ma,6464.611919976132,0.722
Edo,Uhunmwonde,627.3449374857332,0.0
Jigawa,Taura,2666.278118606411,0.08575
Delta,Ughelli North,1087.2247482391306,0.01025
Edo,Orhionmwon,776.5440388104681,0.0025
Kaduna,Soba,8926.690086236897,0.89325
Yobe,Karasuwa,1860.3893887833783,0.0065
Ondo,Ondo West,2518.6506630202903,0.10075
Delta,Ika South,436.2418492028737,0.001
Ekiti,Oye,468.4502871935585,0.0
Kano,Bichi,9567.65522975967,0.91475
FCT,Kwali,1360.2120111820195,0.0045
Oyo,Oyo West,1021.4807831669956,0.00025
Katsina,Kusada,3741.585766187137,0.18975
Jigawa,Roni,2713.9551314540577,0.01575
Bauchi,Toro,6471.007995013191,0.587
Ondo,Akure South,1510.699664047016,0.02675
Kaduna,Igabi,7598.226704564742,0.70525
Kogi,Okene,1085.644497260965,0.01125
Anambra,Onitsha South,258.4427036333269,0.00075
Benue,Agatu,1421.8700577968978,0.00025
Kano,Dala,1962.4948879497133,0.08225
Zamfara,Anka,6594.780846711672,0.83425
Kano,Tofa,2640.4463307583965,0.0175
Katsina,Ingawa,7175.528885395126,0.8155
Delta,Uvwie,349.4364823822661,0.00025
Ondo,Idanre,1777.415586716322,0.00425
Delta,Okpe,620.9521374899929,0.0
Anambra,Anambra West,1631.6303177043724,0.0185
Lagos,Mushin,963.4395347291808,0.01325
Ogun,Sagamu,1360.9517467045507,0.0205
Cross River,Biase,1033.7586256716706,0.00425
Kano,Gaya,6467.867861489461,0.73025
Katsina,Charanchi,4864.094231372389,0.4595
Edo,Etsako Central,512.4934607501738,0.0
Bauchi,Darazo,8919.872051565944,0.871
Kogi,Ijumu,1215.954854371122,0.0005
Kwara,Irepodun,1761.3932365748713,0.01975
Oyo,Egbeda,1394.4458667220008,0.02175
Ondo,Akoko South East,448.743448754042,0.0
Katsina,Faskari,7790.495796788427,0.82825
Kaduna,Makarfi,4962.603431938781,0.54325
Delta,Udu,300.0481597430924,0.0
Kano,Bunkure,6467.04249586426,0.796
Katsina,Funtua,6707.167112804586,0.67325
Kano,Danbatta,6003.8255400516255,0.661
Yobe,Jakusko,5220.428789625371,0.52
Kano,Gwale,1498.9572942491602,0.044
Jigawa,Babura,6503.840105036379,0.68725
Delta,Sapele,953.6314652385169,0.00375
Delta,Ika North East,554.9453192610396,0.001
Lagos,Surulere,645.8554370109429,0.005
Kano,Garum Mallam,3302.0916185301385,0.09775
Kwara,Offa,677.5435942875864,0.0
Lagos,Shomolu,780.1543892966844,0.006
Kano,Makoda,6546.475022147559,0.731
Kano,Rimin Gado,3275.6154472030626,0.06625
Yobe,Yusufari,2248.5108943374894,0.01975
Kogi,Bassa,2106.465445336198,0.023
Jigawa,Jahun,5888.499282985738,0.57725
Katsina,Kurfi,4640.989373482196,0.4135
Edo,Esan West,415.21834543278607,0.00025
Kaduna,Kaduna North,2261.180354848525,0.09575
Katsina,Daura,7967.299042797836,0.81075
Taraba,Gassol,4973.727271914531,0.4655
Jigawa,Auyo,2997.3452656184736,0.119
Kano,Wudil,4172.156882902119,0.31825
Kaduna,Ikara,6825.198318709184,0.83825
Ondo,Ifedore,955.4541692073452,0.00475
Niger,Lavun,5718.914568492133,0.6185
Sokoto,Dange-Shuni,9618.72311324432,0.976
Ogun,Yewa North,1570.1060162887018,0.0165
Zamfara,Tsafe,11115.339882023503,0.952
Kwara,Ekiti,708.0892665177907,0.0
Kebbi,Zuru,8500.553489846912,0.948
Kogi,Yagba West,2344.031849648276,0.0345
Kogi,Kogi,1504.6499168560629,0.00125
Kogi,Olamaboro,1735.176918461619,0.02
Ondo,Odigbo,3055.0380539784805,0.145
Lagos,Agege,700.692540105213,0.0055
Kano,Kibiya,4494.896683473986,0.4075
Kwara,Isin,773.7969168906659,0.0
Kaduna,Sabon Gari,5234.987321380882,0.47325
Jigawa,Malam Madori,3525.8654244002983,0.209
Kogi,Lokoja,4360.275218088095,0.37425
Osun,Ede South,179.33792453923178,0.0
Kaduna,Giwa,8320.2106859774,0.85075
Ekiti,Ikole,1561.2279815034665,0.00925
Kano,Kunchi,4045.494369934916,0.19475
Jigawa,Guri,2937.551328753536,0.09775
Zamfara,Maru,11904.138858793194,0.95475
Gombe,Dukku,7044.440341236327,0.79175
Sokoto,Wamako,8514.903544667566,0.9525
Kwara,Oke-Ero,929.5901639692842,0.0
Lagos,Oshodi/Isolo,835.4624119128141,0.00875
Borno,Abadam,1831.1404541899367,0.0
Ekiti,Moba,710.3509874832566,0.00075
FCT,Gwagwalada,2182.9418642967207,0.06
Kaduna,Kagarko,3520.485244599478,0.2155
FCT,Abaji,1137.815902404573,0.0
Taraba,Sardauna,4645.005708091787,0.4115
Kebbi,Shanga,6068.197135449808,0.78575
Kaduna,Birnin Gwari,7204.032543531482,0.77525
Kebbi,Ngaski,5568.688296926844,0.6705
Kaduna,Chikun,6333.077893874379,0.5865
Kebbi,Yauri,4398.041229181376,0.365
Kaduna,Kauru,4363.65853347367,0.3615
Adamawa,Demsa,1948.1015082805973,0.03875
Abia,Umuahia South,358.14330959504747,0.00025
Osun,Obokun,422.42321479126247,0.0
Imo,Owerri West,201.04407241251943,0.0
Nasarawa,Nasarawa,2733.1247448651006,0.0975
Anambra,Idemili South,468.3728627675848,0.0015
Abia,Aba North,203.98990473082253,0.0
Ogun,Odeda,897.1896578374678,0.0
Ogun,Ijebu East,1690.9320627769744,0.00025
Benue,Okpokwu,1632.1386072538198,0.0175
Gombe,Shongom,2639.901820469825,0.08875
Ekiti,Ado Ekiti,1057.0735921152072,0.0095
Imo,Ahiazu-Mbaise,322.92941465692815,0.0005
Kogi,Ankpa,3557.4353369850733,0.222
Imo,Nkwerre,179.7888102131142,0.0
Benue,Apa,1253.6601226171028,0.0
Benue,Kwande,2234.892164404216,0.063
Cross River,Ikom,702.2215827303527,0.001
Ekiti,Ido-Osi,694.96966289674,0.001
Abia,Ukwa East,313.0678678517975,0.0
Abia,Ukwa West,319.8944081566388,0.0
Anambra,Nnewi South,582.8094820819002,0.004
Abia,Bende,1131.606326991163,0.00925
Imo,Okigwe,433.44864493402514,0.00025
Bauchi,Jama'Are,3201.9527581995794,0.166
Nasarawa,Kokona,1562.9642753435082,0.0075
Borno,Mafa,2349.994726460753,0.0
Gombe,Akko,6608.514662025551,0.65075
Benue,Ushongo,1733.2748250872955,0.021
Imo,Ehime-Mbano,347.576697786766,0.0
Imo,Ideato South,434.9850394129543,0.00025
Osun,Ife South,1176.2470009747472,0.00025
Anambra,Oyi,520.4692382618542,0.00125
Ekiti,Ekiti South West,930.4783386844742,0.00375
Anambra,Ayamelum,957.8011716501736,0.0045
Imo,Aboh-Mbaise,349.5454819287305,0.001
Ekiti,Ilejemeje,224.66049898204463,0.0
Imo,Mbaitoli,390.5791544566202,0.00175
Cross River,Akamkpa,1639.3916920861352,0.0055
Abia,Obi Nwga,673.6743956866493,0.0015
Benue,Logo,2370.1416296973325,0.04375
Benue,Guma,2550.623649038996,0.06925
Cross River,Ogoja,611.3727488684204,0.00125
Abia,Ohafia,1409.5480719004129,0.0205
Anambra,Orumba North,702.4192172173562,0.00325
Benue,Ado,1286.6126693497922,0.01075
Nasarawa,Toto,1262.9898738128977,0.006
Osun,Egbedore,159.0006519434577,0.0
Imo,Owerri North,365.0556117150866,0.0
Anambra,Idemili North,853.7519080332406,0.0065
Abia,Isiala-Ngwa South,421.9210773317388,0.0
Gombe,Funakaye,9509.787705244284,0.92125
Benue,Katsina-Ala,1966.276714771228,0.0405
Niger,Mokwa,6702.180594869939,0.7285
Abia,Aba South,746.1378783082426,0.00625
Niger,Edati,5327.793235961336,0.59625
Ogun,Odogbolu,822.3035538252833,0.0
Gombe,Balanga,4851.726009724715,0.44775
Ogun,Ijebu North East,627.0079385104816,0.0
Benue,Otukpo,3401.5605301644955,0.19625
Cross River,Abi,381.1131448019167,0.0
Imo,Ideato North,400.9793294907771,0.0
Osun,Oriade,493.2628371167054,0.00025
Sokoto,Illela,7027.998064066169,0.88975
Imo,Nwangele,284.648239333464,0.0
Osun,Ife East,752.0976722805758,0.00125
Cross River,Obanliku,437.76472445284674,0.0
Imo,Onuimo,153.51637316430984,0.0
Plateau,Qua'An Pan,3680.979711470812,0.2295
Imo,Ngor-Okpala,532.9228677909937,0.0
Oyo,Ona Ara,1453.140560427561,0.02
Enugu,Igbo-Eze North,685.730166577952,0.00475
Benue,Oju,1706.5348944212978,0.01975
Osun,Boluwaduro,284.1069417624309,0.0
Zamfara,Shinkafi,5934.741179025717,0.73875
Imo,Orsu,260.7304205411496,0.0
Anambra,Anaocha,866.5025744737967,0.00775
Cross River,Bekwarra,422.4885993869237,0.0
Abia,Umunneochi,482.76940806752094,0.001
Ondo,Ose,1571.597118401112,0.007
Anambra,Nnewi North,360.13749766593185,0.00025
Ondo,Akoko North West,1043.5937145993555,0.00775
Osun,Ilesa East,267.0273732065341,0.0
Anambra,Njikoka,317.7263324948164,0.0
Imo,Ohaji/Egbema,785.2611595833027,0.00225
Gombe,Gombe,2025.355561387602,0.0665
Imo,Owerri Municipal,193.6339593309316,0.0
Nasarawa,Keana,1557.9830937265303,0.00025
Ebonyi,Ohaukwu,509.5870271745242,0.00125
Ekiti,Aiyekire (Gbonyin),934.6227775524368,0.00175
Imo,Isiala Mbano,372.82509923881,0.001
Ekiti,Irepodun/Ifelodun,638.4717919299486,0.0005
Imo,Obowo,290.316884018513,0.0
Abia,Isuikwuato,495.4261966949591,0.0005
Benue,Makurdi,2140.345033329643,0.06425
Benue,Gboko,2847.116768836641,0.1285
Osun,Ife Central,462.4394159475229,0.00025
Abia,Isiala-Ngwa North,433.3738628412277,0.0005
Cross River,Yakurr,490.0730893472354,0.00125
Gombe,Billiri,3005.9548895757443,0.13725
Anambra,Dunukofia,269.3423885572562,0.0
Abia,Osisioma Ngwa,605.3286542246839,0.003
Osun,Ola-Oluwa,278.750703234892,0.0
Nasarawa,Wamba,1779.5215379473364,0.0
Osun,Boripe,223.6977670336988,0.0
Cross River,Yala,1051.1875963395778,0.00325
Anambra,Aguata,976.0378938266592,0.01025
Cross River,Calabar Municipal,246.77034309536143,0.0005
Anambra,Onitsha North,225.6388088743685,0.0
Benue,Ukum,2089.255789484702,0.0525
Sokoto,Isa,6524.51393859508,0.827
Ogun,Ogun Waterside,1174.025551416773,0.0
Osun,Ifelodun,288.94962622665406,0.0
Abia,Arochukwu,1365.4553880145647,0.0115
Ogun,Ijebu Ode,842.8965619678207,0.00425
Borno,Magumeri,3973.479896595415,0.19825
Cross River,Boki,1300.2673474726698,0.01025
Gombe,Kwami,5058.7611251622,0.49675
Ekiti,Ekiti East,855.1852214006547,0.001
Kwara,Moro,2578.61563007233,0.02175
Imo,Ezinihitte-Mbaise,358.8655871365996,0.0005
Borno,Kala/Balge,1014.8845105789042,0.0
Nasarawa,Awe,2414.711716114887,0.032
Osun,Orolu,237.19079367802163,0.0
Cross River,Obubra,984.2964297877,0.0025
Edo,Akoko-Edo,904.1237980163633,0.00525
Osun,Osogbo,213.88425435496464,0.0
Ekiti,Ise/Orun,796.5140360913598,0.0
Imo,Njaba,283.68769120999053,0.0
Benue,Obi,1454.1237127070387,0.0
Benue,Buruku,1961.8634773905624,0.0355
Cross River,Obudu,483.1310703157288,0.00025
Imo,Orlu,289.3003486689073,0.0
Osun,Iwo,650.7347323092299,0.00125
Anambra,Awka North,660.6648408862237,0.0
Benue,Tarka,818.156623383754,0.0
Abia,Umuahia North,629.8855186353459,0.00275
Osun,Odo Otin,356.4592783141747,0.0
Anambra,Ihiala,842.1403141421036,0.00825
Osun,Ilesa West,205.3326154785951,0.0
Gombe,Kaltungo,3735.921964768584,0.2475
Osun,Irepodun,409.3930349926732,0.0
Ebonyi,Ebonyi,397.7297006525192,0.0005
Nasarawa,Lafia,5831.3023316522,0.56725
Ogun,Ijebu North,3079.014074214436,0.1565
Delta,Ndokwa West,490.12602502209256,0.00025
Imo,Ikeduru,249.674627045758,0.00025
Kogi,Okehi,1645.335862210787,0.03425
Gombe,Yamaltu/Deba,8034.922431020223,0.8295
Ekiti,Emure,651.0746785898748,0.0
Ekiti,Ikere,684.8909185651443,0.00075
Imo,Oguta,466.166143058515,0.0
Benue,Konshisha,2422.073745514452,0.0655
Osun,Ejigbo,512.0209553980952,0.0
Benue,Gwer West,1348.6521405530773,0.00125
Cross River,Etung,680.7602203026134,0.0
Anambra,Ekwusigo,504.5490446576725,0.00075
Ekiti,Ijero,1023.5515310649104,0.00525
Abia,Ugwunagbo,303.1468345045128,0.0
Osun,Olorunda,434.8099405932073,0.0
Nasarawa,Nasarawa Eggon,2338.5325781432825,0.05025
Osun,Ede North,139.75370833069044,0.0
Ebonyi,Afikpo South,627.989349296924,0.0005
Imo,Oru West,313.1981594442685,0.0
Anambra,Anambra East,1102.7350193517318,0.0045
Benue,Vandeikya,1722.1154286981096,0.02875
Osun,Atakumosa West,269.9304859642081,0.0
Anambra,Ogbaru,1176.4278484458025,0.0115
Abia,Ikwuano,614.9633500821161,0.00125
Nasarawa,Keffi,882.7720463933648,0.0
Kogi,Adavi,1325.6143490733052,0.0155
Imo,Oru East,228.711818560964,0.0
Ogun,Remo North,505.94221701011566,0.0
Nasarawa,Karu,2268.361560717168,0.05925
Ogun,Ikenne,478.33978578151306,0.0
Osun,Ila,295.2579822098002,0.0
Nasarawa,Doma,2674.6722313344485,0.068
Gombe,Nafada,5431.408727388781,0.64475
Benue,Gwer East,2069.967961343052,0.02425
Ekiti,Efon,454.4356581568762,0.0
Imo,Ihitte/Uboma,268.87956565806365,0.0
Ekiti,Ekiti West,805.5657440425808,0.00225
Oyo,Atisbo,2232.311461486056,0.0005
Imo,Isu,341.49174079128727,0.00025
Benue,Ogbadibo,813.3803792446406,0.0
Osun,Atakumosa East,485.9005880746732,0.0
Nasarawa,Akwanga,1325.4517363256573,0.0065
Niger,Rafi,5306.158154505261,0.5585
Cross River,Odukpani,1120.6900468009735,0.003
Niger,Gbako,3833.537100659457,0.22575
Delta,Ukwuani,355.93203348826546,0.0
Anambra,Awka South,526.8660723249759,0.00125
Niger,Gurara,1884.229643841357,0.00375
Niger,Kontagora,4536.173441865623,0.40575
Niger,Mashegu,7833.215256159388,0.881
Niger,Wushishi,2876.810617463227,0.00425
Niger,Shiroro,7318.715169268104,0.781
Niger,Borgu,7052.955094767882,0.878
Niger,Lapai,2852.429094490765,0.08075
Ondo,Akoko South West,1374.4866177330412,0.015
Niger,Rijau,5600.943968643548,0.62375
Niger,Chanchaga,1832.0391078536784,0.0535
Niger,Mariga,5702.7829941171385,0.619
Niger,Muya,2126.9545617424183,0.01975
Niger,Bosso,4030.084927429411,0.29525
Niger,Suleja,1973.668386324592,0.06175
Niger,Paikoro,3207.9481276711663,0.14825
Plateau,Kanke,1962.5283558311992,0.0115
Plateau,Jos North,1938.6789990186253,0.0595
Plateau,Jos East,867.0686649091676,0.0
Edo,Oredo,833.5896509073993,0.00675
Delta,Patani,761.6210279811189,0.0
Plateau,Shendam,3711.19190995476,0.24025
Edo,Egor,387.50745126471287,0.0005
Plateau,Langtang North,3313.660241182124,0.125
Plateau,Jos South,1504.2606567234698,0.03275
Plateau,Mikang,1886.6266017996588,0.00025
Plateau,Barkin Ladi,2333.5775461527583,0.05475
Plateau,Pankshin,2591.808771115523,0.07275
Plateau,Bokkos,2977.9556035001133,0.11475
Plateau,Wase,4794.952243563166,0.51375
Plateau,Bassa,2152.301627931556,0.042
Anambra,Orumba South,654.2787135810372,0.00275
Plateau,Kanam,3779.673534034757,0.23225
Plateau,Langtang South,2816.5502429111534,0.00725
Plateau,Mangu,3203.120608599176,0.17975
Niger,Tafa,826.2143252310506,0.00025
Niger,Magama,5208.862647360191,0.5345
Niger,Agwara,2436.129204162193,0.0
Plateau,Riyom,1426.5471375112318,0.005
Sokoto,Rabah,7384.639298154429,0.92825
Ebonyi,Ikwo,874.8530364537778,0.0035
Katsina,Safana,7811.810534105769,0.85225
Lagos,Ajeromi/Ifelodun,1421.829621313058,0.03025
Kebbi,Koko/Besse,8722.549359061464,0.9655
Lagos,Epe,1856.533529297086,0.014
Kano,Sumaila,8426.809713542809,0.88975
Kogi,Ogori/Magongo,286.7603542795801,0.0
Lagos,Amuwo Odofin,744.9583823819012,0.00375
Kano,Tsanyawa,4969.465817950318,0.5115
Lagos,Ibeju/Lekki,1109.7590847235256,0.0
Kogi,Ajaokuta,1347.9116406255553,0.00275
Oyo,Irepo,2171.98252901645,0.0035
Delta,Isoko North,481.1308489255447,0.00075
Enugu,Ezeagu,544.0133682961289,0.001
Ondo,Irele,2043.933605397382,0.017
Ondo,Owo,1925.362031341315,0.036
Kogi,Dekina,2777.651344066226,0.12175
Ondo,Akoko North East,907.2041196375114,0.005
Oyo,Oluyole,1387.3861025210497,0.014
Rivers,Ogba/Egbema/Ndoni,623.0701611651327,0.0045
Edo,Ovia South-West,1062.7921072271097,0.001
Delta,Ndokwa East,679.8751567370955,0.0
Oyo,Saki East,1908.609764000844,0.00025
Ebonyi,Onicha,1252.3208326747608,0.00925
Delta,Ethiope East,668.880966266061,0.0025
Nasarawa,Obi,2623.2188925599007,0.081
Oyo,Oyo East,708.2304892364027,0.00025
Ebonyi,Ivo,304.0006860321807,0.0
Edo,Etsako East,610.259763405406,0.0005
Delta,Oshimili South,399.75233507490594,0.0005
Ebonyi,Izzi,958.999956255532,0.00625
Delta,Isoko South,1286.5133069868286,0.0125
Ebonyi,Ezza South,374.0760128230161,0.0005
Kogi,Ofu,2273.3007622258187,0.05325
Delta,Aniocha North,629.3532207532886,0.0
Delta,Aniocha South,456.3472345318997,0.0
Kogi,Igalamela-Odolu,2185.666157150475,0.02625
Akwa Ibom,Ibiono Ibom,642.8722112178438,0.00075
Akwa Ibom,Obot Akara,262.4831092071067,0.0
Oyo,Ogo Oluwa,338.81411371736345,0.0
Oyo,Atiba,1787.6414431995893,0.02025
Oyo,Ogbomosho South,302.031095147616,0.0
Edo,Ovia North-East,1064.5518052382688,0.00275
Oyo,Afijio,1043.2569490166463,0.0015
Oyo,Ogbomosho North,621.8521923779401,0.003
Rivers,Ikwerre,322.22788547964683,0.0
Akwa Ibom,Esit Eket,353.14643264930834,0.0
Rivers,Obio/Akpor,882.7363379494401,0.01025
Rivers,Etche,419.82265848387976,0.0015
Borno,Askira/Uba,1694.1806893003286,0.00825
Sokoto,Gwadabawa,11095.004163816506,0.9775
Jigawa,Hadejia,1358.844580983206,0.016
Jigawa,Kiri Kasamma,3954.823019855434,0.275
Borno,Konduga,3392.963997984848,0.1335
Borno,Jere,3963.301850228725,0.2965
Lagos,Eti-Osa,597.1902963366261,0.00225
Lagos,Kosofe,1064.30815836666,0.013
Oyo,Ibadan North,718.8431975850924,0.0055
Oyo,Akinyele,731.912756941383,0.00425
Oyo,Ido,493.0740154390824,0.0
Oyo,Ibadan North West,349.81420859809987,0.00075
Oyo,Ibadan South West,397.5021860766276,0.0025
Oyo,Ibadan South East,784.8783632294717,0.007
Ogun,Abeokuta South,537.1632270787783,0.004
Lagos,Alimosho,1360.5740576768949,0.0265
Lagos,Ifako/Ijaye,747.5293160085591,0.006
Lagos,Ikorodu,1352.9833184236113,0.01775
Ogun,Ifo,1787.0468934098355,0.04975
Lagos,Ikeja,519.7044078528188,0.001
Ogun,Ewekoro,286.10255121814805,0.0
Lagos,Ojo,1688.6725339021389,0.0425
Lagos,Badagry,839.9159458847486,0.0025
Ogun,Obafemi Owode,1428.5299671266375,0.01925
Ogun,Ipokia,1018.019320422888,0.002
Benue,Ohimini,1031.9238593878597,0.0
Kwara,Ilorin West,1936.0543837104267,0.05725
Kwara,Asa,1491.872833487022,0.00675
